x,psi
0,1
0.0001,0.99999999825
0.0002,0.999999993
0.0003,0.99999998425
0.0004,0.999999972000001
0.0005,0.999999956250004
0.0006,0.999999937000009
0.0007,0.999999914250018
0.0008,0.999999888000032
0.0009,0.999999858250053
0.001,0.999999825000082
0.0011,0.999999788250122
0.0012,0.999999748000175
0.0013,0.999999704250244
0.0014,0.99999965700033
0.0015,0.999999606250437
0.0016,0.999999552000569
0.0017,0.999999494250727
0.0018,0.999999433000916
0.0019,0.99999936825114
0.002,0.999999300001402
0.0021,0.999999228251707
0.0022,0.999999153002058
0.0023,0.999999074252461
0.0024,0.99999899200292
0.0025,0.99999890625344
0.0026,0.999998817004027
0.0027,0.999998724254685
0.0028,0.999998628005421
0.0029,0.99999852825624
0.003,0.999998425007148
0.0031,0.999998318258152
0.0032,0.999998208009259
0.0033,0.999998094260473
0.0034,0.999997977011804
0.0035,0.999997856263257
0.0036,0.99999773201484
0.0037,0.999997604266561
0.0038,0.999997473018427
0.0039,0.999997338270446
0.004,0.999997200022626
0.0041,0.999997058274976
0.0042,0.999996913027505
0.0043,0.999996764280221
0.0044,0.999996612033133
0.0045,0.999996456286251
0.0046,0.999996297039584
0.0047,0.999996134293142
0.0048,0.999995968046934
0.0049,0.999995798300972
0.005,0.999995625055263
0.0051,0.99999544830982
0.0052,0.999995268064654
0.0053,0.999995084319774
0.0054,0.999994897075192
0.0055,0.99999470633092
0.0056,0.99999451208697
0.0057,0.999994314343352
0.0058,0.999994113100078
0.0059,0.999993908357162
0.006,0.999993700114615
0.0061,0.999993488372451
0.0062,0.999993273130681
0.0063,0.99999305438932
0.0064,0.999992832148379
0.0065,0.999992606407874
0.0066,0.999992377167817
0.0067,0.999992144428222
0.0068,0.999991908189104
0.0069,0.999991668450476
0.007,0.999991425212354
0.0071,0.999991178474752
0.0072,0.999990928237685
0.0073,0.999990674501169
0.0074,0.999990417265217
0.0075,0.999990156529847
0.0076,0.999989892295074
0.0077,0.999989624560914
0.0078,0.999989353327383
0.0079,0.999989078594498
0.008,0.999988800362274
0.0081,0.99998851863073
0.0082,0.999988233399882
0.0083,0.999987944669747
0.0084,0.999987652440344
0.0085,0.999987356711689
0.0086,0.999987057483801
0.0087,0.999986754756698
0.0088,0.999986448530399
0.0089,0.999986138804921
0.009,0.999985825580284
0.0091,0.999985508856506
0.0092,0.999985188633607
0.0093,0.999984864911607
0.0094,0.999984537690525
0.0095,0.99998420697038
0.0096,0.999983872751194
0.0097,0.999983535032985
0.0098,0.999983193815775
0.0099,0.999982849099584
0.01,0.999982500884433
0.0101,0.999982149170343
0.0102,0.999981793957336
0.0103,0.999981435245433
0.0104,0.999981073034657
0.0105,0.999980707325028
0.0106,0.999980338116569
0.0107,0.999979965409303
0.0108,0.999979589203252
0.0109,0.999979209498439
0.011,0.999978826294887
0.0111,0.999978439592619
0.0112,0.999978049391659
0.0113,0.99997765569203
0.0114,0.999977258493756
0.0115,0.999976857796862
0.0116,0.999976453601371
0.0117,0.999976045907308
0.0118,0.999975634714698
0.0119,0.999975220023566
0.012,0.999974801833937
0.0121,0.999974380145836
0.0122,0.999973954959289
0.0123,0.999973526274322
0.0124,0.99997309409096
0.0125,0.999972658409231
0.0126,0.999972219229159
0.0127,0.999971776550773
0.0128,0.999971330374098
0.0129,0.999970880699162
0.013,0.999970427525992
0.0131,0.999969970854615
0.0132,0.99996951068506
0.0133,0.999969047017353
0.0134,0.999968579851524
0.0135,0.9999681091876
0.0136,0.999967635025611
0.0137,0.999967157365585
0.0138,0.99996667620755
0.0139,0.999966191551536
0.014,0.999965703397573
0.0141,0.99996521174569
0.0142,0.999964716595917
0.0143,0.999964217948284
0.0144,0.999963715802821
0.0145,0.999963210159558
0.0146,0.999962701018527
0.0147,0.999962188379758
0.0148,0.999961672243282
0.0149,0.999961152609131
0.015,0.999960629477335
0.0151,0.999960102847928
0.0152,0.99995957272094
0.0153,0.999959039096405
0.0154,0.999958501974353
0.0155,0.999957961354819
0.0156,0.999957417237834
0.0157,0.999956869623432
0.0158,0.999956318511646
0.0159,0.999955763902509
0.016,0.999955205796055
0.0161,0.999954644192318
0.0162,0.999954079091332
0.0163,0.999953510493131
0.0164,0.99995293839775
0.0165,0.999952362805223
0.0166,0.999951783715586
0.0167,0.999951201128873
0.0168,0.999950615045119
0.0169,0.999950025464361
0.017,0.999949432386633
0.0171,0.999948835811973
0.0172,0.999948235740416
0.0173,0.999947632171999
0.0174,0.999947025106758
0.0175,0.999946414544729
0.0176,0.999945800485951
0.0177,0.99994518293046
0.0178,0.999944561878294
0.0179,0.99994393732949
0.018,0.999943309284087
0.0181,0.999942677742122
0.0182,0.999942042703635
0.0183,0.999941404168662
0.0184,0.999940762137243
0.0185,0.999940116609418
0.0186,0.999939467585224
0.0187,0.999938815064702
0.0188,0.999938159047892
0.0189,0.999937499534833
0.019,0.999936836525564
0.0191,0.999936170020127
0.0192,0.999935500018561
0.0193,0.999934826520907
0.0194,0.999934149527207
0.0195,0.9999334690375
0.0196,0.999932785051829
0.0197,0.999932097570235
0.0198,0.99993140659276
0.0199,0.999930712119445
0.02,0.999930014150333
0.0201,0.999929312685466
0.0202,0.999928607724886
0.0203,0.999927899268636
0.0204,0.99992718731676
0.0205,0.9999264718693
0.0206,0.9999257529263
0.0207,0.999925030487804
0.0208,0.999924304553855
0.0209,0.999923575124498
0.021,0.999922842199776
0.0211,0.999922105779734
0.0212,0.999921365864417
0.0213,0.99992062245387
0.0214,0.999919875548137
0.0215,0.999919125147264
0.0216,0.999918371251297
0.0217,0.999917613860282
0.0218,0.999916852974263
0.0219,0.999916088593289
0.022,0.999915320717404
0.0221,0.999914549346656
0.0222,0.999913774481091
0.0223,0.999912996120756
0.0224,0.999912214265699
0.0225,0.999911428915966
0.0226,0.999910640071606
0.0227,0.999909847732666
0.0228,0.999909051899194
0.0229,0.999908252571239
0.023,0.99990744974885
0.0231,0.999906643432074
0.0232,0.999905833620962
0.0233,0.999905020315561
0.0234,0.999904203515922
0.0235,0.999903383222094
0.0236,0.999902559434126
0.0237,0.999901732152069
0.0238,0.999900901375974
0.0239,0.999900067105889
0.024,0.999899229341867
0.0241,0.999898388083957
0.0242,0.999897543332211
0.0243,0.99989669508668
0.0244,0.999895843347416
0.0245,0.99989498811447
0.0246,0.999894129387894
0.0247,0.999893267167741
0.0248,0.999892401454062
0.0249,0.999891532246911
0.025,0.999890659546339
0.0251,0.9998897833524
0.0252,0.999888903665146
0.0253,0.999888020484633
0.0254,0.999887133810912
0.0255,0.999886243644039
0.0256,0.999885349984066
0.0257,0.999884452831048
0.0258,0.999883552185039
0.0259,0.999882648046095
0.026,0.99988174041427
0.0261,0.999880829289619
0.0262,0.999879914672197
0.0263,0.99987899656206
0.0264,0.999878074959263
0.0265,0.999877149863862
0.0266,0.999876221275915
0.0267,0.999875289195476
0.0268,0.999874353622603
0.0269,0.999873414557352
0.027,0.99987247199978
0.0271,0.999871525949945
0.0272,0.999870576407904
0.0273,0.999869623373714
0.0274,0.999868666847434
0.0275,0.999867706829121
0.0276,0.999866743318833
0.0277,0.99986577631663
0.0278,0.999864805822569
0.0279,0.99986383183671
0.028,0.999862854359111
0.0281,0.999861873389833
0.0282,0.999860888928935
0.0283,0.999859900976475
0.0284,0.999858909532515
0.0285,0.999857914597115
0.0286,0.999856916170335
0.0287,0.999855914252235
0.0288,0.999854908842876
0.0289,0.99985389994232
0.029,0.999852887550628
0.0291,0.999851871667861
0.0292,0.99985085229408
0.0293,0.999849829429349
0.0294,0.999848803073728
0.0295,0.999847773227281
0.0296,0.999846739890069
0.0297,0.999845703062155
0.0298,0.999844662743603
0.0299,0.999843618934475
0.03,0.999842571634835
0.0301,0.999841520844746
0.0302,0.999840466564272
0.0303,0.999839408793477
0.0304,0.999838347532425
0.0305,0.99983728278118
0.0306,0.999836214539808
0.0307,0.999835142808373
0.0308,0.99983406758694
0.0309,0.999832988875575
0.031,0.999831906674343
0.0311,0.999830820983309
0.0312,0.999829731802539
0.0313,0.9998286391321
0.0314,0.999827542972057
0.0315,0.999826443322479
0.0316,0.99982534018343
0.0317,0.999824233554979
0.0318,0.999823123437192
0.0319,0.999822009830137
0.032,0.999820892733881
0.0321,0.999819772148492
0.0322,0.999818648074038
0.0323,0.999817520510588
0.0324,0.999816389458209
0.0325,0.999815254916972
0.0326,0.999814116886943
0.0327,0.999812975368193
0.0328,0.999811830360791
0.0329,0.999810681864806
0.033,0.999809529880308
0.0331,0.999808374407367
0.0332,0.999807215446053
0.0333,0.999806052996437
0.0334,0.999804887058589
0.0335,0.99980371763258
0.0336,0.999802544718481
0.0337,0.999801368316363
0.0338,0.999800188426297
0.0339,0.999799005048355
0.034,0.99979781818261
0.0341,0.999796627829132
0.0342,0.999795433987995
0.0343,0.99979423665927
0.0344,0.999793035843031
0.0345,0.999791831539351
0.0346,0.999790623748302
0.0347,0.999789412469957
0.0348,0.999788197704391
0.0349,0.999786979451677
0.035,0.999785757711888
0.0351,0.9997845324851
0.0352,0.999783303771387
0.0353,0.999782071570823
0.0354,0.999780835883482
0.0355,0.999779596709441
0.0356,0.999778354048774
0.0357,0.999777107901556
0.0358,0.999775858267864
0.0359,0.999774605147773
0.036,0.99977334854136
0.0361,0.9997720884487
0.0362,0.99977082486987
0.0363,0.999769557804947
0.0364,0.999768287254008
0.0365,0.99976701321713
0.0366,0.999765735694391
0.0367,0.999764454685867
0.0368,0.999763170191637
0.0369,0.999761882211779
0.037,0.999760590746371
0.0371,0.999759295795491
0.0372,0.999757997359218
0.0373,0.99975669543763
0.0374,0.999755390030808
0.0375,0.999754081138829
0.0376,0.999752768761775
0.0377,0.999751452899723
0.0378,0.999750133552754
0.0379,0.99974881072095
0.038,0.999747484404389
0.0381,0.999746154603152
0.0382,0.999744821317321
0.0383,0.999743484546976
0.0384,0.999742144292198
0.0385,0.999740800553069
0.0386,0.999739453329671
0.0387,0.999738102622085
0.0388,0.999736748430393
0.0389,0.999735390754677
0.039,0.99973402959502
0.0391,0.999732664951505
0.0392,0.999731296824214
0.0393,0.99972992521323
0.0394,0.999728550118638
0.0395,0.999727171540519
0.0396,0.999725789478959
0.0397,0.999724403934041
0.0398,0.999723014905849
0.0399,0.999721622394467
0.04,0.999720226399981
0.0401,0.999718826922475
0.0402,0.999717423962033
0.0403,0.999716017518741
0.0404,0.999714607592685
0.0405,0.999713194183951
0.0406,0.999711777292623
0.0407,0.999710356918788
0.0408,0.999708933062533
0.0409,0.999707505723944
0.041,0.999706074903107
0.0411,0.999704640600109
0.0412,0.999703202815039
0.0413,0.999701761547982
0.0414,0.999700316799027
0.0415,0.999698868568261
0.0416,0.999697416855773
0.0417,0.999695961661649
0.0418,0.999694502985979
0.0419,0.999693040828852
0.042,0.999691575190356
0.0421,0.99969010607058
0.0422,0.999688633469614
0.0423,0.999687157387546
0.0424,0.999685677824468
0.0425,0.999684194780468
0.0426,0.999682708255636
0.0427,0.999681218250064
0.0428,0.999679724763841
0.0429,0.999678227797058
0.043,0.999676727349806
0.0431,0.999675223422177
0.0432,0.999673716014261
0.0433,0.999672205126151
0.0434,0.999670690757938
0.0435,0.999669172909714
0.0436,0.999667651581571
0.0437,0.999666126773602
0.0438,0.999664598485899
0.0439,0.999663066718555
0.044,0.999661531471664
0.0441,0.999659992745318
0.0442,0.999658450539611
0.0443,0.999656904854637
0.0444,0.99965535569049
0.0445,0.999653803047263
0.0446,0.999652246925051
0.0447,0.999650687323949
0.0448,0.999649124244052
0.0449,0.999647557685454
0.045,0.99964598764825
0.0451,0.999644414132537
0.0452,0.999642837138409
0.0453,0.999641256665964
0.0454,0.999639672715296
0.0455,0.999638085286502
0.0456,0.999636494379678
0.0457,0.999634899994921
0.0458,0.999633302132328
0.0459,0.999631700791996
0.046,0.999630095974022
0.0461,0.999628487678504
0.0462,0.999626875905539
0.0463,0.999625260655226
0.0464,0.999623641927662
0.0465,0.999622019722946
0.0466,0.999620394041177
0.0467,0.999618764882453
0.0468,0.999617132246874
0.0469,0.999615496134539
0.047,0.999613856545547
0.0471,0.999612213479998
0.0472,0.999610566937991
0.0473,0.999608916919627
0.0474,0.999607263425006
0.0475,0.999605606454228
0.0476,0.999603946007394
0.0477,0.999602282084606
0.0478,0.999600614685963
0.0479,0.999598943811568
0.048,0.999597269461523
0.0481,0.999595591635928
0.0482,0.999593910334886
0.0483,0.999592225558499
0.0484,0.99959053730687
0.0485,0.999588845580101
0.0486,0.999587150378295
0.0487,0.999585451701554
0.0488,0.999583749549983
0.0489,0.999582043923685
0.049,0.999580334822763
0.0491,0.999578622247321
0.0492,0.999576906197464
0.0493,0.999575186673295
0.0494,0.99957346367492
0.0495,0.999571737202442
0.0496,0.999570007255967
0.0497,0.9995682738356
0.0498,0.999566536941447
0.0499,0.999564796573613
0.05,0.999563052732203
0.0501,0.999561305417325
0.0502,0.999559554629083
0.0503,0.999557800367586
0.0504,0.999556042632938
0.0505,0.999554281425248
0.0506,0.999552516744621
0.0507,0.999550748591167
0.0508,0.999548976964991
0.0509,0.999547201866201
0.051,0.999545423294907
0.0511,0.999543641251215
0.0512,0.999541855735234
0.0513,0.999540066747073
0.0514,0.999538274286841
0.0515,0.999536478354646
0.0516,0.999534678950597
0.0517,0.999532876074804
0.0518,0.999531069727377
0.0519,0.999529259908426
0.052,0.99952744661806
0.0521,0.99952562985639
0.0522,0.999523809623526
0.0523,0.999521985919579
0.0524,0.999520158744661
0.0525,0.999518328098881
0.0526,0.999516493982351
0.0527,0.999514656395183
0.0528,0.999512815337489
0.0529,0.999510970809381
0.053,0.99950912281097
0.0531,0.999507271342369
0.0532,0.99950541640369
0.0533,0.999503557995047
0.0534,0.999501696116553
0.0535,0.99949983076832
0.0536,0.999497961950462
0.0537,0.999496089663093
0.0538,0.999494213906327
0.0539,0.999492334680277
0.054,0.999490451985059
0.0541,0.999488565820786
0.0542,0.999486676187573
0.0543,0.999484783085535
0.0544,0.999482886514788
0.0545,0.999480986475447
0.0546,0.999479082967627
0.0547,0.999477175991444
0.0548,0.999475265547014
0.0549,0.999473351634453
0.055,0.999471434253878
0.0551,0.999469513405406
0.0552,0.999467589089153
0.0553,0.999465661305236
0.0554,0.999463730053773
0.0555,0.99946179533488
0.0556,0.999459857148675
0.0557,0.999457915495277
0.0558,0.999455970374804
0.0559,0.999454021787373
0.056,0.999452069733104
0.0561,0.999450114212115
0.0562,0.999448155224526
0.0563,0.999446192770454
0.0564,0.999444226850021
0.0565,0.999442257463345
0.0566,0.999440284610546
0.0567,0.999438308291744
0.0568,0.99943632850706
0.0569,0.999434345256613
0.057,0.999432358540525
0.0571,0.999430368358917
0.0572,0.999428374711908
0.0573,0.999426377599622
0.0574,0.999424377022179
0.0575,0.9994223729797
0.0576,0.999420365472309
0.0577,0.999418354500127
0.0578,0.999416340063277
0.0579,0.99941432216188
0.058,0.99941230079606
0.0581,0.99941027596594
0.0582,0.999408247671643
0.0583,0.999406215913292
0.0584,0.999404180691012
0.0585,0.999402142004925
0.0586,0.999400099855157
0.0587,0.999398054241831
0.0588,0.999396005165072
0.0589,0.999393952625005
0.059,0.999391896621754
0.0591,0.999389837155444
0.0592,0.999387774226201
0.0593,0.99938570783415
0.0594,0.999383637979418
0.0595,0.999381564662129
0.0596,0.999379487882411
0.0597,0.999377407640389
0.0598,0.999375323936191
0.0599,0.999373236769943
0.06,0.999371146141772
0.0601,0.999369052051805
0.0602,0.999366954500171
0.0603,0.999364853486995
0.0604,0.999362749012407
0.0605,0.999360641076534
0.0606,0.999358529679505
0.0607,0.999356414821448
0.0608,0.999354296502492
0.0609,0.999352174722767
0.061,0.9993500494824
0.0611,0.999347920781521
0.0612,0.99934578862026
0.0613,0.999343652998747
0.0614,0.999341513917111
0.0615,0.999339371375483
0.0616,0.999337225373993
0.0617,0.999335075912772
0.0618,0.999332922991951
0.0619,0.999330766611661
0.062,0.999328606772033
0.0621,0.999326443473198
0.0622,0.999324276715289
0.0623,0.999322106498437
0.0624,0.999319932822775
0.0625,0.999317755688434
0.0626,0.999315575095548
0.0627,0.999313391044249
0.0628,0.99931120353467
0.0629,0.999309012566944
0.063,0.999306818141205
0.0631,0.999304620257586
0.0632,0.999302418916221
0.0633,0.999300214117244
0.0634,0.999298005860789
0.0635,0.99929579414699
0.0636,0.999293578975983
0.0637,0.999291360347902
0.0638,0.999289138262882
0.0639,0.999286912721059
0.064,0.999284683722567
0.0641,0.999282451267544
0.0642,0.999280215356124
0.0643,0.999277975988445
0.0644,0.999275733164641
0.0645,0.999273486884851
0.0646,0.99927123714921
0.0647,0.999268983957856
0.0648,0.999266727310926
0.0649,0.999264467208557
0.065,0.999262203650887
0.0651,0.999259936638054
0.0652,0.999257666170195
0.0653,0.99925539224745
0.0654,0.999253114869956
0.0655,0.999250834037852
0.0656,0.999248549751278
0.0657,0.999246262010372
0.0658,0.999243970815274
0.0659,0.999241676166124
0.066,0.99923937806306
0.0661,0.999237076506223
0.0662,0.999234771495753
0.0663,0.99923246303179
0.0664,0.999230151114476
0.0665,0.999227835743951
0.0666,0.999225516920356
0.0667,0.999223194643832
0.0668,0.999220868914521
0.0669,0.999218539732565
0.067,0.999216207098104
0.0671,0.999213871011282
0.0672,0.999211531472241
0.0673,0.999209188481123
0.0674,0.99920684203807
0.0675,0.999204492143227
0.0676,0.999202138796736
0.0677,0.99919978199874
0.0678,0.999197421749383
0.0679,0.99919505804881
0.068,0.999192690897163
0.0681,0.999190320294586
0.0682,0.999187946241226
0.0683,0.999185568737225
0.0684,0.999183187782729
0.0685,0.999180803377883
0.0686,0.999178415522832
0.0687,0.999176024217722
0.0688,0.999173629462698
0.0689,0.999171231257907
0.069,0.999168829603494
0.0691,0.999166424499606
0.0692,0.999164015946389
0.0693,0.999161603943991
0.0694,0.999159188492558
0.0695,0.999156769592237
0.0696,0.999154347243175
0.0697,0.999151921445521
0.0698,0.999149492199422
0.0699,0.999147059505026
0.07,0.999144623362481
0.0701,0.999142183771936
0.0702,0.99913974073354
0.0703,0.999137294247441
0.0704,0.999134844313789
0.0705,0.999132390932733
0.0706,0.999129934104421
0.0707,0.999127473829005
0.0708,0.999125010106634
0.0709,0.999122542937459
0.071,0.999120072321628
0.0711,0.999117598259295
0.0712,0.999115120750608
0.0713,0.999112639795719
0.0714,0.999110155394779
0.0715,0.99910766754794
0.0716,0.999105176255353
0.0717,0.99910268151717
0.0718,0.999100183333544
0.0719,0.999097681704626
0.072,0.99909517663057
0.0721,0.999092668111527
0.0722,0.99909015614765
0.0723,0.999087640739094
0.0724,0.99908512188601
0.0725,0.999082599588553
0.0726,0.999080073846876
0.0727,0.999077544661134
0.0728,0.999075012031481
0.0729,0.999072475958071
0.073,0.999069936441058
0.0731,0.999067393480597
0.0732,0.999064847076844
0.0733,0.999062297229954
0.0734,0.999059743940081
0.0735,0.999057187207382
0.0736,0.999054627032013
0.0737,0.999052063414131
0.0738,0.99904949635389
0.0739,0.999046925851448
0.074,0.999044351906961
0.0741,0.999041774520587
0.0742,0.999039193692482
0.0743,0.999036609422804
0.0744,0.999034021711711
0.0745,0.999031430559359
0.0746,0.999028835965908
0.0747,0.999026237931516
0.0748,0.999023636456341
0.0749,0.999021031540541
0.075,0.999018423184276
0.0751,0.999015811387705
0.0752,0.999013196150986
0.0753,0.999010577474279
0.0754,0.999007955357744
0.0755,0.999005329801541
0.0756,0.99900270080583
0.0757,0.999000068370772
0.0758,0.998997432496526
0.0759,0.998994793183255
0.076,0.998992150431117
0.0761,0.998989504240276
0.0762,0.998986854610892
0.0763,0.998984201543126
0.0764,0.998981545037142
0.0765,0.9989788850931
0.0766,0.998976221711164
0.0767,0.998973554891494
0.0768,0.998970884634256
0.0769,0.99896821093961
0.077,0.99896553380772
0.0771,0.99896285323875
0.0772,0.998960169232863
0.0773,0.998957481790223
0.0774,0.998954790910994
0.0775,0.998952096595339
0.0776,0.998949398843424
0.0777,0.998946697655413
0.0778,0.99894399303147
0.0779,0.99894128497176
0.078,0.99893857347645
0.0781,0.998935858545704
0.0782,0.998933140179688
0.0783,0.998930418378568
0.0784,0.99892769314251
0.0785,0.998924964471681
0.0786,0.998922232366247
0.0787,0.998919496826375
0.0788,0.99891675785223
0.0789,0.998914015443981
0.079,0.998911269601795
0.0791,0.99890852032584
0.0792,0.998905767616282
0.0793,0.998903011473291
0.0794,0.998900251897034
0.0795,0.998897488887679
0.0796,0.998894722445396
0.0797,0.998891952570353
0.0798,0.99888917926272
0.0799,0.998886402522665
0.08,0.998883622350358
0.0801,0.998880838745969
0.0802,0.998878051709668
0.0803,0.998875261241624
0.0804,0.998872467342008
0.0805,0.998869670010991
0.0806,0.998866869248743
0.0807,0.998864065055435
0.0808,0.998861257431239
0.0809,0.998858446376325
0.081,0.998855631890867
0.0811,0.998852813975034
0.0812,0.998849992629
0.0813,0.998847167852936
0.0814,0.998844339647015
0.0815,0.998841508011409
0.0816,0.998838672946292
0.0817,0.998835834451837
0.0818,0.998832992528216
0.0819,0.998830147175604
0.082,0.998827298394173
0.0821,0.998824446184099
0.0822,0.998821590545555
0.0823,0.998818731478715
0.0824,0.998815868983755
0.0825,0.998813003060849
0.0826,0.998810133710171
0.0827,0.998807260931897
0.0828,0.998804384726203
0.0829,0.998801505093264
0.083,0.998798622033255
0.0831,0.998795735546354
0.0832,0.998792845632735
0.0833,0.998789952292577
0.0834,0.998787055526055
0.0835,0.998784155333346
0.0836,0.998781251714627
0.0837,0.998778344670075
0.0838,0.998775434199868
0.0839,0.998772520304185
0.084,0.998769602983201
0.0841,0.998766682237097
0.0842,0.998763758066051
0.0843,0.99876083047024
0.0844,0.998757899449844
0.0845,0.998754965005042
0.0846,0.998752027136013
0.0847,0.998749085842937
0.0848,0.998746141125993
0.0849,0.998743192985361
0.085,0.998740241421221
0.0851,0.998737286433753
0.0852,0.998734328023139
0.0853,0.998731366189558
0.0854,0.998728400933191
0.0855,0.998725432254221
0.0856,0.998722460152828
0.0857,0.998719484629193
0.0858,0.998716505683499
0.0859,0.998713523315927
0.086,0.998710537526659
0.0861,0.998707548315879
0.0862,0.998704555683768
0.0863,0.998701559630509
0.0864,0.998698560156287
0.0865,0.998695557261282
0.0866,0.998692550945681
0.0867,0.998689541209665
0.0868,0.998686528053419
0.0869,0.998683511477127
0.087,0.998680491480973
0.0871,0.998677468065142
0.0872,0.998674441229819
0.0873,0.998671410975188
0.0874,0.998668377301435
0.0875,0.998665340208745
0.0876,0.998662299697303
0.0877,0.998659255767297
0.0878,0.99865620841891
0.0879,0.998653157652331
0.088,0.998650103467744
0.0881,0.998647045865338
0.0882,0.998643984845298
0.0883,0.998640920407812
0.0884,0.998637852553067
0.0885,0.998634781281251
0.0886,0.998631706592551
0.0887,0.998628628487155
0.0888,0.998625546965252
0.0889,0.99862246202703
0.089,0.998619373672677
0.0891,0.998616281902382
0.0892,0.998613186716335
0.0893,0.998610088114724
0.0894,0.998606986097738
0.0895,0.998603880665569
0.0896,0.998600771818404
0.0897,0.998597659556435
0.0898,0.998594543879851
0.0899,0.998591424788843
0.09,0.998588302283602
0.0901,0.998585176364318
0.0902,0.998582047031184
0.0903,0.99857891428439
0.0904,0.998575778124127
0.0905,0.998572638550587
0.0906,0.998569495563963
0.0907,0.998566349164446
0.0908,0.998563199352229
0.0909,0.998560046127505
0.091,0.998556889490467
0.0911,0.998553729441306
0.0912,0.998550565980218
0.0913,0.998547399107394
0.0914,0.998544228823028
0.0915,0.998541055127316
0.0916,0.99853787802045
0.0917,0.998534697502625
0.0918,0.998531513574035
0.0919,0.998528326234876
0.092,0.998525135485342
0.0921,0.998521941325629
0.0922,0.998518743755931
0.0923,0.998515542776444
0.0924,0.998512338387365
0.0925,0.998509130588889
0.0926,0.998505919381212
0.0927,0.998502704764531
0.0928,0.998499486739042
0.0929,0.998496265304942
0.093,0.998493040462428
0.0931,0.998489812211698
0.0932,0.998486580552949
0.0933,0.998483345486378
0.0934,0.998480107012183
0.0935,0.998476865130563
0.0936,0.998473619841716
0.0937,0.99847037114584
0.0938,0.998467119043135
0.0939,0.998463863533799
0.094,0.998460604618032
0.0941,0.998457342296032
0.0942,0.998454076567999
0.0943,0.998450807434134
0.0944,0.998447534894636
0.0945,0.998444258949705
0.0946,0.998440979599542
0.0947,0.998437696844347
0.0948,0.998434410684322
0.0949,0.998431121119668
0.095,0.998427828150585
0.0951,0.998424531777276
0.0952,0.998421231999943
0.0953,0.998417928818786
0.0954,0.998414622234008
0.0955,0.998411312245812
0.0956,0.9984079988544
0.0957,0.998404682059975
0.0958,0.998401361862739
0.0959,0.998398038262897
0.096,0.998394711260651
0.0961,0.998391380856206
0.0962,0.998388047049765
0.0963,0.998384709841531
0.0964,0.99838136923171
0.0965,0.998378025220506
0.0966,0.998374677808124
0.0967,0.998371326994768
0.0968,0.998367972780643
0.0969,0.998364615165956
0.097,0.998361254150911
0.0971,0.998357889735714
0.0972,0.998354521920571
0.0973,0.998351150705689
0.0974,0.998347776091274
0.0975,0.998344398077532
0.0976,0.99834101666467
0.0977,0.998337631852895
0.0978,0.998334243642415
0.0979,0.998330852033436
0.098,0.998327457026167
0.0981,0.998324058620815
0.0982,0.998320656817589
0.0983,0.998317251616697
0.0984,0.998313843018347
0.0985,0.998310431022748
0.0986,0.998307015630109
0.0987,0.998303596840639
0.0988,0.998300174654548
0.0989,0.998296749072045
0.099,0.998293320093339
0.0991,0.998289887718642
0.0992,0.998286451948163
0.0993,0.998283012782113
0.0994,0.998279570220701
0.0995,0.99827612426414
0.0996,0.99827267491264
0.0997,0.998269222166411
0.0998,0.998265766025667
0.0999,0.998262306490618
0.1,0.998258843561477
0.1001,0.998255377238455
0.1002,0.998251907521765
0.1003,0.99824843441162
0.1004,0.998244957908232
0.1005,0.998241478011814
0.1006,0.99823799472258
0.1007,0.998234508040742
0.1008,0.998231017966515
0.1009,0.998227524500112
0.101,0.998224027641747
0.1011,0.998220527391635
0.1012,0.998217023749989
0.1013,0.998213516717026
0.1014,0.998210006292959
0.1015,0.998206492478004
0.1016,0.998202975272376
0.1017,0.99819945467629
0.1018,0.998195930689962
0.1019,0.998192403313609
0.102,0.998188872547446
0.1021,0.99818533839169
0.1022,0.998181800846557
0.1023,0.998178259912264
0.1024,0.998174715589028
0.1025,0.998171167877066
0.1026,0.998167616776595
0.1027,0.998164062287835
0.1028,0.998160504411001
0.1029,0.998156943146313
0.103,0.998153378493988
0.1031,0.998149810454245
0.1032,0.998146239027303
0.1033,0.998142664213381
0.1034,0.998139086012698
0.1035,0.998135504425472
0.1036,0.998131919451924
0.1037,0.998128331092273
0.1038,0.99812473934674
0.1039,0.998121144215544
0.104,0.998117545698906
0.1041,0.998113943797047
0.1042,0.998110338510187
0.1043,0.998106729838547
0.1044,0.998103117782349
0.1045,0.998099502341815
0.1046,0.998095883517165
0.1047,0.998092261308621
0.1048,0.998088635716407
0.1049,0.998085006740743
0.105,0.998081374381853
0.1051,0.998077738639959
0.1052,0.998074099515284
0.1053,0.998070457008052
0.1054,0.998066811118485
0.1055,0.998063161846808
0.1056,0.998059509193243
0.1057,0.998055853158016
0.1058,0.99805219374135
0.1059,0.99804853094347
0.106,0.9980448647646
0.1061,0.998041195204965
0.1062,0.998037522264791
0.1063,0.998033845944303
0.1064,0.998030166243727
0.1065,0.998026483163287
0.1066,0.99802279670321
0.1067,0.998019106863721
0.1068,0.998015413645048
0.1069,0.998011717047416
0.107,0.998008017071053
0.1071,0.998004313716186
0.1072,0.998000606983041
0.1073,0.997996896871846
0.1074,0.997993183382829
0.1075,0.997989466516218
0.1076,0.99798574627224
0.1077,0.997982022651124
0.1078,0.997978295653098
0.1079,0.997974565278391
0.108,0.997970831527232
0.1081,0.99796709439985
0.1082,0.997963353896475
0.1083,0.997959610017335
0.1084,0.99795586276266
0.1085,0.997952112132682
0.1086,0.997948358127628
0.1087,0.997944600747731
0.1088,0.99794083999322
0.1089,0.997937075864326
0.109,0.997933308361281
0.1091,0.997929537484315
0.1092,0.99792576323366
0.1093,0.997921985609548
0.1094,0.99791820461221
0.1095,0.997914420241879
0.1096,0.997910632498787
0.1097,0.997906841383166
0.1098,0.997903046895249
0.1099,0.997899249035269
0.11,0.997895447803459
0.1101,0.997891643200053
0.1102,0.997887835225283
0.1103,0.997884023879385
0.1104,0.997880209162591
0.1105,0.997876391075136
0.1106,0.997872569617255
0.1107,0.997868744789182
0.1108,0.997864916591152
0.1109,0.997861085023399
0.111,0.99785725008616
0.1111,0.997853411779669
0.1112,0.997849570104163
0.1113,0.997845725059878
0.1114,0.997841876647048
0.1115,0.99783802486591
0.1116,0.997834169716702
0.1117,0.997830311199659
0.1118,0.997826449315019
0.1119,0.997822584063019
0.112,0.997818715443896
0.1121,0.997814843457888
0.1122,0.997810968105233
0.1123,0.997807089386168
0.1124,0.997803207300933
0.1125,0.997799321849764
0.1126,0.997795433032902
0.1127,0.997791540850584
0.1128,0.99778764530305
0.1129,0.99778374639054
0.113,0.997779844113292
0.1131,0.997775938471546
0.1132,0.997772029465543
0.1133,0.997768117095522
0.1134,0.997764201361724
0.1135,0.997760282264389
0.1136,0.997756359803759
0.1137,0.997752433980074
0.1138,0.997748504793575
0.1139,0.997744572244504
0.114,0.997740636333102
0.1141,0.997736697059612
0.1142,0.997732754424274
0.1143,0.997728808427333
0.1144,0.997724859069029
0.1145,0.997720906349606
0.1146,0.997716950269306
0.1147,0.997712990828373
0.1148,0.99770902802705
0.1149,0.997705061865581
0.115,0.997701092344208
0.1151,0.997697119463177
0.1152,0.997693143222731
0.1153,0.997689163623115
0.1154,0.997685180664573
0.1155,0.99768119434735
0.1156,0.997677204671692
0.1157,0.997673211637843
0.1158,0.997669215246048
0.1159,0.997665215496555
0.116,0.997661212389607
0.1161,0.997657205925451
0.1162,0.997653196104334
0.1163,0.997649182926503
0.1164,0.997645166392203
0.1165,0.997641146501682
0.1166,0.997637123255186
0.1167,0.997633096652964
0.1168,0.997629066695263
0.1169,0.99762503338233
0.117,0.997620996714413
0.1171,0.997616956691761
0.1172,0.997612913314623
0.1173,0.997608866583246
0.1174,0.99760481649788
0.1175,0.997600763058774
0.1176,0.997596706266177
0.1177,0.997592646120338
0.1178,0.997588582621508
0.1179,0.997584515769935
0.118,0.997580445565871
0.1181,0.997576372009565
0.1182,0.997572295101267
0.1183,0.99756821484123
0.1184,0.997564131229703
0.1185,0.997560044266938
0.1186,0.997555953953186
0.1187,0.997551860288699
0.1188,0.997547763273729
0.1189,0.997543662908527
0.119,0.997539559193346
0.1191,0.997535452128439
0.1192,0.997531341714057
0.1193,0.997527227950454
0.1194,0.997523110837884
0.1195,0.997518990376598
0.1196,0.997514866566851
0.1197,0.997510739408896
0.1198,0.997506608902988
0.1199,0.99750247504938
0.12,0.997498337848326
0.1201,0.997494197300082
0.1202,0.997490053404902
0.1203,0.997485906163041
0.1204,0.997481755574754
0.1205,0.997477601640297
0.1206,0.997473444359925
0.1207,0.997469283733895
0.1208,0.997465119762461
0.1209,0.997460952445881
0.121,0.997456781784411
0.1211,0.997452607778308
0.1212,0.997448430427828
0.1213,0.997444249733229
0.1214,0.997440065694768
0.1215,0.997435878312702
0.1216,0.997431687587289
0.1217,0.997427493518788
0.1218,0.997423296107455
0.1219,0.99741909535355
0.122,0.997414891257332
0.1221,0.997410683819058
0.1222,0.997406473038988
0.1223,0.997402258917382
0.1224,0.997398041454498
0.1225,0.997393820650596
0.1226,0.997389596505937
0.1227,0.99738536902078
0.1228,0.997381138195386
0.1229,0.997376904030015
0.123,0.997372666524927
0.1231,0.997368425680384
0.1232,0.997364181496647
0.1233,0.997359933973977
0.1234,0.997355683112637
0.1235,0.997351428912887
0.1236,0.997347171374989
0.1237,0.997342910499206
0.1238,0.997338646285801
0.1239,0.997334378735035
0.124,0.997330107847173
0.1241,0.997325833622476
0.1242,0.997321556061208
0.1243,0.997317275163632
0.1244,0.997312990930013
0.1245,0.997308703360613
0.1246,0.997304412455698
0.1247,0.997300118215531
0.1248,0.997295820640377
0.1249,0.997291519730501
0.125,0.997287215486167
0.1251,0.997282907907641
0.1252,0.997278596995189
0.1253,0.997274282749075
0.1254,0.997269965169566
0.1255,0.997265644256928
0.1256,0.997261320011426
0.1257,0.997256992433328
0.1258,0.9972526615229
0.1259,0.997248327280409
0.126,0.997243989706121
0.1261,0.997239648800305
0.1262,0.997235304563228
0.1263,0.997230956995156
0.1264,0.997226606096359
0.1265,0.997222251867105
0.1266,0.997217894307662
0.1267,0.997213533418298
0.1268,0.997209169199282
0.1269,0.997204801650884
0.127,0.997200430773372
0.1271,0.997196056567016
0.1272,0.997191679032086
0.1273,0.997187298168851
0.1274,0.997182913977582
0.1275,0.997178526458548
0.1276,0.99717413561202
0.1277,0.997169741438269
0.1278,0.997165343937566
0.1279,0.997160943110181
0.128,0.997156538956386
0.1281,0.997152131476453
0.1282,0.997147720670653
0.1283,0.997143306539259
0.1284,0.997138889082541
0.1285,0.997134468300774
0.1286,0.997130044194228
0.1287,0.997125616763179
0.1288,0.997121186007897
0.1289,0.997116751928657
0.129,0.997112314525732
0.1291,0.997107873799396
0.1292,0.997103429749922
0.1293,0.997098982377584
0.1294,0.997094531682657
0.1295,0.997090077665415
0.1296,0.997085620326134
0.1297,0.997081159665088
0.1298,0.997076695682552
0.1299,0.997072228378801
0.13,0.997067757754112
0.1301,0.997063283808759
0.1302,0.997058806543019
0.1303,0.997054325957168
0.1304,0.997049842051482
0.1305,0.997045354826238
0.1306,0.997040864281714
0.1307,0.997036370418185
0.1308,0.997031873235929
0.1309,0.997027372735225
0.131,0.997022868916348
0.1311,0.997018361779578
0.1312,0.997013851325192
0.1313,0.997009337553469
0.1314,0.997004820464687
0.1315,0.997000300059124
0.1316,0.996995776337061
0.1317,0.996991249298777
0.1318,0.99698671894455
0.1319,0.99698218527466
0.132,0.996977648289387
0.1321,0.996973107989011
0.1322,0.996968564373813
0.1323,0.996964017444072
0.1324,0.996959467200069
0.1325,0.996954913642086
0.1326,0.996950356770403
0.1327,0.996945796585301
0.1328,0.996941233087063
0.1329,0.99693666627597
0.133,0.996932096152303
0.1331,0.996927522716346
0.1332,0.99692294596838
0.1333,0.996918365908687
0.1334,0.996913782537551
0.1335,0.996909195855254
0.1336,0.99690460586208
0.1337,0.996900012558312
0.1338,0.996895415944234
0.1339,0.99689081602013
0.134,0.996886212786284
0.1341,0.996881606242979
0.1342,0.996876996390501
0.1343,0.996872383229134
0.1344,0.996867766759163
0.1345,0.996863146980873
0.1346,0.99685852389455
0.1347,0.996853897500479
0.1348,0.996849267798945
0.1349,0.996844634790236
0.135,0.996839998474636
0.1351,0.996835358852433
0.1352,0.996830715923912
0.1353,0.996826069689361
0.1354,0.996821420149067
0.1355,0.996816767303317
0.1356,0.996812111152398
0.1357,0.996807451696598
0.1358,0.996802788936205
0.1359,0.996798122871508
0.136,0.996793453502793
0.1361,0.996788780830351
0.1362,0.996784104854469
0.1363,0.996779425575436
0.1364,0.996774742993542
0.1365,0.996770057109076
0.1366,0.996765367922327
0.1367,0.996760675433586
0.1368,0.996755979643142
0.1369,0.996751280551286
0.137,0.996746578158308
0.1371,0.996741872464499
0.1372,0.996737163470149
0.1373,0.99673245117555
0.1374,0.996727735580992
0.1375,0.996723016686768
0.1376,0.996718294493169
0.1377,0.996713569000487
0.1378,0.996708840209014
0.1379,0.996704108119042
0.138,0.996699372730864
0.1381,0.996694634044773
0.1382,0.996689892061061
0.1383,0.996685146780022
0.1384,0.996680398201949
0.1385,0.996675646327136
0.1386,0.996670891155877
0.1387,0.996666132688465
0.1388,0.996661370925195
0.1389,0.996656605866362
0.139,0.996651837512259
0.1391,0.996647065863182
0.1392,0.996642290919426
0.1393,0.996637512681286
0.1394,0.996632731149057
0.1395,0.996627946323036
0.1396,0.996623158203518
0.1397,0.9966183667908
0.1398,0.996613572085178
0.1399,0.996608774086948
0.14,0.996603972796408
0.1401,0.996599168213853
0.1402,0.996594360339582
0.1403,0.996589549173892
0.1404,0.996584734717081
0.1405,0.996579916969445
0.1406,0.996575095931285
0.1407,0.996570271602896
0.1408,0.996565443984579
0.1409,0.996560613076632
0.141,0.996555778879353
0.1411,0.996550941393043
0.1412,0.996546100617999
0.1413,0.996541256554523
0.1414,0.996536409202912
0.1415,0.996531558563469
0.1416,0.996526704636492
0.1417,0.996521847422282
0.1418,0.996516986921139
0.1419,0.996512123133365
0.142,0.996507256059261
0.1421,0.996502385699127
0.1422,0.996497512053266
0.1423,0.996492635121978
0.1424,0.996487754905566
0.1425,0.996482871404331
0.1426,0.996477984618577
0.1427,0.996473094548605
0.1428,0.996468201194719
0.1429,0.996463304557221
0.143,0.996458404636415
0.1431,0.996453501432603
0.1432,0.99644859494609
0.1433,0.996443685177179
0.1434,0.996438772126174
0.1435,0.996433855793379
0.1436,0.9964289361791
0.1437,0.996424013283639
0.1438,0.996419087107303
0.1439,0.996414157650397
0.144,0.996409224913224
0.1441,0.996404288896092
0.1442,0.996399349599306
0.1443,0.996394407023172
0.1444,0.996389461167995
0.1445,0.996384512034082
0.1446,0.996379559621739
0.1447,0.996374603931274
0.1448,0.996369644962994
0.1449,0.996364682717204
0.145,0.996359717194214
0.1451,0.99635474839433
0.1452,0.99634977631786
0.1453,0.996344800965113
0.1454,0.996339822336396
0.1455,0.996334840432018
0.1456,0.996329855252288
0.1457,0.996324866797514
0.1458,0.996319875068006
0.1459,0.996314880064073
0.146,0.996309881786024
0.1461,0.99630488023417
0.1462,0.996299875408819
0.1463,0.996294867310283
0.1464,0.996289855938872
0.1465,0.996284841294896
0.1466,0.996279823378666
0.1467,0.996274802190493
0.1468,0.996269777730689
0.1469,0.996264749999564
0.147,0.99625971899743
0.1471,0.9962546847246
0.1472,0.996249647181385
0.1473,0.996244606368098
0.1474,0.996239562285051
0.1475,0.996234514932556
0.1476,0.996229464310928
0.1477,0.996224410420478
0.1478,0.99621935326152
0.1479,0.996214292834368
0.148,0.996209229139336
0.1481,0.996204162176736
0.1482,0.996199091946885
0.1483,0.996194018450094
0.1484,0.996188941686681
0.1485,0.996183861656958
0.1486,0.996178778361242
0.1487,0.996173691799848
0.1488,0.99616860197309
0.1489,0.996163508881286
0.149,0.99615841252475
0.1491,0.996153312903798
0.1492,0.996148210018748
0.1493,0.996143103869915
0.1494,0.996137994457616
0.1495,0.996132881782168
0.1496,0.996127765843889
0.1497,0.996122646643095
0.1498,0.996117524180105
0.1499,0.996112398455235
0.15,0.996107269468805
0.1501,0.996102137221132
0.1502,0.996097001712535
0.1503,0.996091862943332
0.1504,0.996086720913842
0.1505,0.996081575624384
0.1506,0.996076427075278
0.1507,0.996071275266844
0.1508,0.9960661201994
0.1509,0.996060961873266
0.151,0.996055800288764
0.1511,0.996050635446212
0.1512,0.996045467345932
0.1513,0.996040295988245
0.1514,0.99603512137347
0.1515,0.99602994350193
0.1516,0.996024762373946
0.1517,0.99601957798984
0.1518,0.996014390349933
0.1519,0.996009199454546
0.152,0.996004005304004
0.1521,0.995998807898628
0.1522,0.99599360723874
0.1523,0.995988403324664
0.1524,0.995983196156723
0.1525,0.995977985735241
0.1526,0.995972772060539
0.1527,0.995967555132943
0.1528,0.995962334952776
0.1529,0.995957111520363
0.153,0.995951884836027
0.1531,0.995946654900094
0.1532,0.995941421712887
0.1533,0.995936185274733
0.1534,0.995930945585956
0.1535,0.995925702646881
0.1536,0.995920456457835
0.1537,0.995915207019144
0.1538,0.995909954331133
0.1539,0.995904698394128
0.154,0.995899439208456
0.1541,0.995894176774444
0.1542,0.995888911092419
0.1543,0.995883642162707
0.1544,0.995878369985637
0.1545,0.995873094561535
0.1546,0.99586781589073
0.1547,0.995862533973549
0.1548,0.995857248810321
0.1549,0.995851960401374
0.155,0.995846668747036
0.1551,0.995841373847637
0.1552,0.995836075703506
0.1553,0.995830774314972
0.1554,0.995825469682364
0.1555,0.995820161806011
0.1556,0.995814850686245
0.1557,0.995809536323394
0.1558,0.995804218717789
0.1559,0.995798897869761
0.156,0.995793573779641
0.1561,0.995788246447759
0.1562,0.995782915874446
0.1563,0.995777582060034
0.1564,0.995772245004855
0.1565,0.99576690470924
0.1566,0.995761561173522
0.1567,0.995756214398032
0.1568,0.995750864383103
0.1569,0.995745511129067
0.157,0.995740154636258
0.1571,0.995734794905008
0.1572,0.995729431935651
0.1573,0.99572406572852
0.1574,0.995718696283948
0.1575,0.995713323602271
0.1576,0.995707947683821
0.1577,0.995702568528934
0.1578,0.995697186137943
0.1579,0.995691800511184
0.158,0.995686411648992
0.1581,0.995681019551702
0.1582,0.995675624219649
0.1583,0.995670225653168
0.1584,0.995664823852596
0.1585,0.995659418818269
0.1586,0.995654010550523
0.1587,0.995648599049694
0.1588,0.995643184316119
0.1589,0.995637766350135
0.159,0.995632345152079
0.1591,0.995626920722288
0.1592,0.9956214930611
0.1593,0.995616062168852
0.1594,0.995610628045883
0.1595,0.99560519069253
0.1596,0.995599750109132
0.1597,0.995594306296029
0.1598,0.995588859253557
0.1599,0.995583408982056
0.16,0.995577955481866
0.1601,0.995572498753326
0.1602,0.995567038796776
0.1603,0.995561575612555
0.1604,0.995556109201005
0.1605,0.995550639562463
0.1606,0.995545166697273
0.1607,0.995539690605773
0.1608,0.995534211288306
0.1609,0.995528728745211
0.161,0.995523242976831
0.1611,0.995517753983507
0.1612,0.995512261765581
0.1613,0.995506766323395
0.1614,0.995501267657291
0.1615,0.995495765767611
0.1616,0.995490260654698
0.1617,0.995484752318895
0.1618,0.995479240760544
0.1619,0.99547372597999
0.162,0.995468207977575
0.1621,0.995462686753644
0.1622,0.995457162308539
0.1623,0.995451634642606
0.1624,0.995446103756189
0.1625,0.995440569649631
0.1626,0.995435032323279
0.1627,0.995429491777475
0.1628,0.995423948012567
0.1629,0.995418401028899
0.163,0.995412850826817
0.1631,0.995407297406666
0.1632,0.995401740768793
0.1633,0.995396180913544
0.1634,0.995390617841265
0.1635,0.995385051552304
0.1636,0.995379482047006
0.1637,0.995373909325719
0.1638,0.995368333388791
0.1639,0.995362754236568
0.164,0.995357171869398
0.1641,0.99535158628763
0.1642,0.995345997491611
0.1643,0.995340405481689
0.1644,0.995334810258214
0.1645,0.995329211821534
0.1646,0.995323610171998
0.1647,0.995318005309956
0.1648,0.995312397235756
0.1649,0.995306785949748
0.165,0.995301171452283
0.1651,0.99529555374371
0.1652,0.995289932824378
0.1653,0.99528430869464
0.1654,0.995278681354845
0.1655,0.995273050805345
0.1656,0.99526741704649
0.1657,0.995261780078632
0.1658,0.995256139902122
0.1659,0.995250496517312
0.166,0.995244849924554
0.1661,0.9952392001242
0.1662,0.995233547116603
0.1663,0.995227890902115
0.1664,0.99522223148109
0.1665,0.995216568853879
0.1666,0.995210903020836
0.1667,0.995205233982315
0.1668,0.995199561738669
0.1669,0.995193886290252
0.167,0.995188207637418
0.1671,0.995182525780522
0.1672,0.995176840719917
0.1673,0.995171152455959
0.1674,0.995165460989003
0.1675,0.995159766319403
0.1676,0.995154068447516
0.1677,0.995148367373695
0.1678,0.995142663098298
0.1679,0.99513695562168
0.168,0.995131244944198
0.1681,0.995125531066208
0.1682,0.995119813988066
0.1683,0.995114093710129
0.1684,0.995108370232756
0.1685,0.995102643556301
0.1686,0.995096913681124
0.1687,0.995091180607582
0.1688,0.995085444336032
0.1689,0.995079704866833
0.169,0.995073962200343
0.1691,0.995068216336921
0.1692,0.995062467276925
0.1693,0.995056715020716
0.1694,0.995050959568651
0.1695,0.99504520092109
0.1696,0.995039439078392
0.1697,0.995033674040918
0.1698,0.995027905809027
0.1699,0.99502213438308
0.17,0.995016359763437
0.1701,0.995010581950459
0.1702,0.995004800944506
0.1703,0.994999016745939
0.1704,0.994993229355121
0.1705,0.994987438772411
0.1706,0.994981644998173
0.1707,0.994975848032768
0.1708,0.994970047876558
0.1709,0.994964244529905
0.171,0.994958437993172
0.1711,0.994952628266722
0.1712,0.994946815350918
0.1713,0.994940999246123
0.1714,0.994935179952699
0.1715,0.994929357471012
0.1716,0.994923531801424
0.1717,0.9949177029443
0.1718,0.994911870900004
0.1719,0.9949060356689
0.172,0.994900197251354
0.1721,0.99489435564773
0.1722,0.994888510858394
0.1723,0.994882662883709
0.1724,0.994876811724043
0.1725,0.99487095737976
0.1726,0.994865099851227
0.1727,0.99485923913881
0.1728,0.994853375242876
0.1729,0.99484750816379
0.173,0.99484163790192
0.1731,0.994835764457632
0.1732,0.994829887831295
0.1733,0.994824008023275
0.1734,0.99481812503394
0.1735,0.994812238863658
0.1736,0.994806349512797
0.1737,0.994800456981725
0.1738,0.994794561270811
0.1739,0.994788662380423
0.174,0.994782760310931
0.1741,0.994776855062703
0.1742,0.994770946636109
0.1743,0.994765035031519
0.1744,0.994759120249301
0.1745,0.994753202289827
0.1746,0.994747281153466
0.1747,0.994741356840589
0.1748,0.994735429351567
0.1749,0.99472949868677
0.175,0.994723564846569
0.1751,0.994717627831336
0.1752,0.994711687641441
0.1753,0.994705744277258
0.1754,0.994699797739157
0.1755,0.99469384802751
0.1756,0.994687895142691
0.1757,0.994681939085071
0.1758,0.994675979855023
0.1759,0.994670017452921
0.176,0.994664051879137
0.1761,0.994658083134044
0.1762,0.994652111218017
0.1763,0.994646136131429
0.1764,0.994640157874654
0.1765,0.994634176448067
0.1766,0.994628191852041
0.1767,0.994622204086952
0.1768,0.994616213153174
0.1769,0.994610219051083
0.177,0.994604221781054
0.1771,0.994598221343462
0.1772,0.994592217738683
0.1773,0.994586210967092
0.1774,0.994580201029067
0.1775,0.994574187924983
0.1776,0.994568171655217
0.1777,0.994562152220145
0.1778,0.994556129620146
0.1779,0.994550103855594
0.178,0.99454407492687
0.1781,0.994538042834349
0.1782,0.99453200757841
0.1783,0.994525969159431
0.1784,0.994519927577789
0.1785,0.994513882833864
0.1786,0.994507834928034
0.1787,0.994501783860678
0.1788,0.994495729632175
0.1789,0.994489672242906
0.179,0.994483611693248
0.1791,0.994477547983583
0.1792,0.99447148111429
0.1793,0.994465411085748
0.1794,0.994459337898339
0.1795,0.994453261552443
0.1796,0.99444718204844
0.1797,0.994441099386712
0.1798,0.99443501356764
0.1799,0.994428924591605
0.18,0.99442283245899
0.1801,0.994416737170175
0.1802,0.994410638725543
0.1803,0.994404537125476
0.1804,0.994398432370356
0.1805,0.994392324460568
0.1806,0.994386213396493
0.1807,0.994380099178514
0.1808,0.994373981807016
0.1809,0.99436786128238
0.181,0.994361737604993
0.1811,0.994355610775236
0.1812,0.994349480793495
0.1813,0.994343347660155
0.1814,0.994337211375598
0.1815,0.994331071940211
0.1816,0.994324929354378
0.1817,0.994318783618485
0.1818,0.994312634732917
0.1819,0.99430648269806
0.182,0.994300327514299
0.1821,0.994294169182021
0.1822,0.994288007701612
0.1823,0.994281843073458
0.1824,0.994275675297947
0.1825,0.994269504375464
0.1826,0.994263330306399
0.1827,0.994257153091137
0.1828,0.994250972730067
0.1829,0.994244789223576
0.183,0.994238602572053
0.1831,0.994232412775886
0.1832,0.994226219835462
0.1833,0.994220023751172
0.1834,0.994213824523403
0.1835,0.994207622152544
0.1836,0.994201416638986
0.1837,0.994195207983117
0.1838,0.994188996185327
0.1839,0.994182781246006
0.184,0.994176563165544
0.1841,0.994170341944332
0.1842,0.99416411758276
0.1843,0.994157890081219
0.1844,0.994151659440099
0.1845,0.994145425659793
0.1846,0.994139188740691
0.1847,0.994132948683185
0.1848,0.994126705487667
0.1849,0.994120459154529
0.185,0.994114209684164
0.1851,0.994107957076963
0.1852,0.99410170133332
0.1853,0.994095442453627
0.1854,0.994089180438277
0.1855,0.994082915287664
0.1856,0.994076647002181
0.1857,0.994070375582223
0.1858,0.994064101028183
0.1859,0.994057823340454
0.186,0.994051542519433
0.1861,0.994045258565512
0.1862,0.994038971479088
0.1863,0.994032681260555
0.1864,0.994026387910308
0.1865,0.994020091428742
0.1866,0.994013791816255
0.1867,0.99400748907324
0.1868,0.994001183200095
0.1869,0.993994874197216
0.187,0.993988562064999
0.1871,0.993982246803841
0.1872,0.993975928414138
0.1873,0.993969606896289
0.1874,0.99396328225069
0.1875,0.993956954477738
0.1876,0.993950623577833
0.1877,0.993944289551371
0.1878,0.99393795239875
0.1879,0.993931612120371
0.188,0.99392526871663
0.1881,0.993918922187927
0.1882,0.99391257253466
0.1883,0.99390621975723
0.1884,0.993899863856035
0.1885,0.993893504831475
0.1886,0.993887142683951
0.1887,0.993880777413861
0.1888,0.993874409021607
0.1889,0.993868037507589
0.189,0.993861662872207
0.1891,0.993855285115864
0.1892,0.99384890423896
0.1893,0.993842520241896
0.1894,0.993836133125074
0.1895,0.993829742888897
0.1896,0.993823349533765
0.1897,0.993816953060082
0.1898,0.993810553468249
0.1899,0.993804150758669
0.19,0.993797744931745
0.1901,0.993791335987881
0.1902,0.993784923927479
0.1903,0.993778508750943
0.1904,0.993772090458676
0.1905,0.993765669051083
0.1906,0.993759244528568
0.1907,0.993752816891534
0.1908,0.993746386140388
0.1909,0.993739952275532
0.191,0.993733515297373
0.1911,0.993727075206316
0.1912,0.993720632002766
0.1913,0.993714185687128
0.1914,0.99370773625981
0.1915,0.993701283721216
0.1916,0.993694828071752
0.1917,0.993688369311826
0.1918,0.993681907441845
0.1919,0.993675442462214
0.192,0.993668974373341
0.1921,0.993662503175634
0.1922,0.9936560288695
0.1923,0.993649551455347
0.1924,0.993643070933583
0.1925,0.993636587304615
0.1926,0.993630100568853
0.1927,0.993623610726704
0.1928,0.993617117778579
0.1929,0.993610621724885
0.193,0.993604122566032
0.1931,0.99359762030243
0.1932,0.993591114934487
0.1933,0.993584606462614
0.1934,0.993578094887221
0.1935,0.993571580208719
0.1936,0.993565062427517
0.1937,0.993558541544027
0.1938,0.99355201755866
0.1939,0.993545490471826
0.194,0.993538960283937
0.1941,0.993532426995404
0.1942,0.993525890606639
0.1943,0.993519351118055
0.1944,0.993512808530064
0.1945,0.993506262843078
0.1946,0.993499714057509
0.1947,0.99349316217377
0.1948,0.993486607192275
0.1949,0.993480049113437
0.195,0.99347348793767
0.1951,0.993466923665386
0.1952,0.993460356297
0.1953,0.993453785832926
0.1954,0.993447212273579
0.1955,0.993440635619372
0.1956,0.993434055870721
0.1957,0.993427473028041
0.1958,0.993420887091747
0.1959,0.993414298062253
0.196,0.993407705939977
0.1961,0.993401110725333
0.1962,0.993394512418738
0.1963,0.993387911020608
0.1964,0.993381306531359
0.1965,0.993374698951408
0.1966,0.993368088281172
0.1967,0.993361474521069
0.1968,0.993354857671515
0.1969,0.993348237732927
0.197,0.993341614705725
0.1971,0.993334988590325
0.1972,0.993328359387146
0.1973,0.993321727096607
0.1974,0.993315091719125
0.1975,0.993308453255119
0.1976,0.993301811705009
0.1977,0.993295167069214
0.1978,0.993288519348153
0.1979,0.993281868542245
0.198,0.993275214651911
0.1981,0.99326855767757
0.1982,0.993261897619643
0.1983,0.99325523447855
0.1984,0.993248568254713
0.1985,0.993241898948551
0.1986,0.993235226560486
0.1987,0.99322855109094
0.1988,0.993221872540334
0.1989,0.99321519090909
0.199,0.99320850619763
0.1991,0.993201818406376
0.1992,0.99319512753575
0.1993,0.993188433586175
0.1994,0.993181736558073
0.1995,0.993175036451868
0.1996,0.993168333267983
0.1997,0.993161627006842
0.1998,0.993154917668868
0.1999,0.993148205254485
0.2,0.993141489764117
0.2001,0.993134771198188
0.2002,0.993128049557124
0.2003,0.993121324841349
0.2004,0.993114597051287
0.2005,0.993107866187364
0.2006,0.993101132250005
0.2007,0.993094395239636
0.2008,0.993087655156682
0.2009,0.993080912001571
0.201,0.993074165774726
0.2011,0.993067416476576
0.2012,0.993060664107548
0.2013,0.993053908668066
0.2014,0.99304715015856
0.2015,0.993040388579456
0.2016,0.993033623931181
0.2017,0.993026856214163
0.2018,0.99302008542883
0.2019,0.993013311575611
0.202,0.993006534654933
0.2021,0.992999754667225
0.2022,0.992992971612916
0.2023,0.992986185492435
0.2024,0.992979396306211
0.2025,0.992972604054674
0.2026,0.992965808738253
0.2027,0.992959010357377
0.2028,0.992952208912478
0.2029,0.992945404403985
0.203,0.992938596832329
0.2031,0.99293178619794
0.2032,0.992924972501249
0.2033,0.992918155742688
0.2034,0.992911335922687
0.2035,0.992904513041679
0.2036,0.992897687100094
0.2037,0.992890858098366
0.2038,0.992884026036925
0.2039,0.992877190916205
0.204,0.992870352736637
0.2041,0.992863511498656
0.2042,0.992856667202693
0.2043,0.992849819849182
0.2044,0.992842969438556
0.2045,0.992836115971249
0.2046,0.992829259447695
0.2047,0.992822399868328
0.2048,0.992815537233581
0.2049,0.992808671543891
0.205,0.992801802799691
0.2051,0.992794931001416
0.2052,0.992788056149503
0.2053,0.992781178244385
0.2054,0.9927742972865
0.2055,0.992767413276281
0.2056,0.992760526214165
0.2057,0.992753636100589
0.2058,0.992746742935989
0.2059,0.992739846720802
0.206,0.992732947455463
0.2061,0.992726045140411
0.2062,0.992719139776083
0.2063,0.992712231362916
0.2064,0.992705319901347
0.2065,0.992698405391815
0.2066,0.992691487834757
0.2067,0.992684567230613
0.2068,0.99267764357982
0.2069,0.992670716882818
0.207,0.992663787140045
0.2071,0.99265685435194
0.2072,0.992649918518944
0.2073,0.992642979641495
0.2074,0.992636037720033
0.2075,0.992629092754999
0.2076,0.992622144746832
0.2077,0.992615193695973
0.2078,0.992608239602862
0.2079,0.992601282467941
0.208,0.99259432229165
0.2081,0.992587359074431
0.2082,0.992580392816725
0.2083,0.992573423518974
0.2084,0.99256645118162
0.2085,0.992559475805106
0.2086,0.992552497389873
0.2087,0.992545515936363
0.2088,0.992538531445021
0.2089,0.992531543916288
0.209,0.992524553350608
0.2091,0.992517559748424
0.2092,0.99251056311018
0.2093,0.99250356343632
0.2094,0.992496560727287
0.2095,0.992489554983527
0.2096,0.992482546205482
0.2097,0.992475534393599
0.2098,0.992468519548322
0.2099,0.992461501670097
0.21,0.992454480759367
0.2101,0.99244745681658
0.2102,0.992440429842181
0.2103,0.992433399836615
0.2104,0.992426366800329
0.2105,0.992419330733769
0.2106,0.992412291637382
0.2107,0.992405249511614
0.2108,0.992398204356914
0.2109,0.992391156173727
0.211,0.992384104962502
0.2111,0.992377050723685
0.2112,0.992369993457726
0.2113,0.992362933165071
0.2114,0.99235586984617
0.2115,0.992348803501471
0.2116,0.992341734131422
0.2117,0.992334661736473
0.2118,0.992327586317072
0.2119,0.99232050787367
0.212,0.992313426406715
0.2121,0.992306341916657
0.2122,0.992299254403946
0.2123,0.992292163869033
0.2124,0.992285070312367
0.2125,0.9922779737344
0.2126,0.992270874135582
0.2127,0.992263771516364
0.2128,0.992256665877198
0.2129,0.992249557218535
0.213,0.992242445540827
0.2131,0.992235330844525
0.2132,0.992228213130082
0.2133,0.992221092397951
0.2134,0.992213968648584
0.2135,0.992206841882433
0.2136,0.992199712099951
0.2137,0.992192579301592
0.2138,0.992185443487809
0.2139,0.992178304659055
0.214,0.992171162815785
0.2141,0.992164017958452
0.2142,0.99215687008751
0.2143,0.992149719203415
0.2144,0.99214256530662
0.2145,0.992135408397581
0.2146,0.992128248476753
0.2147,0.992121085544591
0.2148,0.992113919601551
0.2149,0.992106750648087
0.215,0.992099578684657
0.2151,0.992092403711716
0.2152,0.99208522572972
0.2153,0.992078044739127
0.2154,0.992070860740392
0.2155,0.992063673733973
0.2156,0.992056483720328
0.2157,0.992049290699913
0.2158,0.992042094673186
0.2159,0.992034895640605
0.216,0.992027693602628
0.2161,0.992020488559714
0.2162,0.992013280512321
0.2163,0.992006069460907
0.2164,0.991998855405931
0.2165,0.991991638347853
0.2166,0.991984418287132
0.2167,0.991977195224227
0.2168,0.991969969159599
0.2169,0.991962740093707
0.217,0.991955508027011
0.2171,0.991948272959972
0.2172,0.991941034893051
0.2173,0.991933793826707
0.2174,0.991926549761403
0.2175,0.991919302697599
0.2176,0.991912052635757
0.2177,0.991904799576339
0.2178,0.991897543519807
0.2179,0.991890284466622
0.218,0.991883022417247
0.2181,0.991875757372144
0.2182,0.991868489331777
0.2183,0.991861218296607
0.2184,0.991853944267099
0.2185,0.991846667243715
0.2186,0.99183938722692
0.2187,0.991832104217176
0.2188,0.991824818214949
0.2189,0.991817529220701
0.219,0.991810237234898
0.2191,0.991802942258004
0.2192,0.991795644290484
0.2193,0.991788343332803
0.2194,0.991781039385427
0.2195,0.99177373244882
0.2196,0.991766422523449
0.2197,0.99175910960978
0.2198,0.991751793708277
0.2199,0.991744474819409
0.22,0.991737152943641
0.2201,0.991729828081441
0.2202,0.991722500233274
0.2203,0.991715169399608
0.2204,0.991707835580911
0.2205,0.991700498777651
0.2206,0.991693158990295
0.2207,0.991685816219312
0.2208,0.991678470465168
0.2209,0.991671121728334
0.221,0.991663770009277
0.2211,0.991656415308467
0.2212,0.991649057626372
0.2213,0.991641696963462
0.2214,0.991634333320207
0.2215,0.991626966697076
0.2216,0.991619597094538
0.2217,0.991612224513065
0.2218,0.991604848953126
0.2219,0.991597470415193
0.222,0.991590088899735
0.2221,0.991582704407224
0.2222,0.991575316938131
0.2223,0.991567926492928
0.2224,0.991560533072086
0.2225,0.991553136676077
0.2226,0.991545737305373
0.2227,0.991538334960447
0.2228,0.99153092964177
0.2229,0.991523521349816
0.223,0.991516110085058
0.2231,0.991508695847968
0.2232,0.99150127863902
0.2233,0.991493858458688
0.2234,0.991486435307445
0.2235,0.991479009185766
0.2236,0.991471580094125
0.2237,0.991464148032995
0.2238,0.991456713002851
0.2239,0.991449275004169
0.224,0.991441834037423
0.2241,0.991434390103089
0.2242,0.991426943201642
0.2243,0.991419493333557
0.2244,0.991412040499311
0.2245,0.99140458469938
0.2246,0.99139712593424
0.2247,0.991389664204368
0.2248,0.99138219951024
0.2249,0.991374731852334
0.225,0.991367261231126
0.2251,0.991359787647093
0.2252,0.991352311100714
0.2253,0.991344831592466
0.2254,0.991337349122827
0.2255,0.991329863692276
0.2256,0.99132237530129
0.2257,0.991314883950349
0.2258,0.991307389639931
0.2259,0.991299892370516
0.226,0.991292392142583
0.2261,0.99128488895661
0.2262,0.991277382813079
0.2263,0.991269873712469
0.2264,0.991262361655259
0.2265,0.991254846641932
0.2266,0.991247328672966
0.2267,0.991239807748842
0.2268,0.991232283870042
0.2269,0.991224757037047
0.227,0.991217227250338
0.2271,0.991209694510397
0.2272,0.991202158817706
0.2273,0.991194620172746
0.2274,0.991187078576
0.2275,0.991179534027951
0.2276,0.991171986529081
0.2277,0.991164436079874
0.2278,0.991156882680811
0.2279,0.991149326332377
0.228,0.991141767035055
0.2281,0.991134204789329
0.2282,0.991126639595683
0.2283,0.991119071454601
0.2284,0.991111500366567
0.2285,0.991103926332066
0.2286,0.991096349351582
0.2287,0.991088769425601
0.2288,0.991081186554608
0.2289,0.991073600739088
0.229,0.991066011979527
0.2291,0.991058420276412
0.2292,0.991050825630227
0.2293,0.99104322804146
0.2294,0.991035627510596
0.2295,0.991028024038123
0.2296,0.991020417624528
0.2297,0.991012808270297
0.2298,0.991005195975918
0.2299,0.990997580741879
0.23,0.990989962568667
0.2301,0.99098234145677
0.2302,0.990974717406677
0.2303,0.990967090418875
0.2304,0.990959460493854
0.2305,0.990951827632103
0.2306,0.99094419183411
0.2307,0.990936553100364
0.2308,0.990928911431356
0.2309,0.990921266827574
0.231,0.990913619289509
0.2311,0.990905968817651
0.2312,0.99089831541249
0.2313,0.990890659074516
0.2314,0.990882999804221
0.2315,0.990875337602095
0.2316,0.99086767246863
0.2317,0.990860004404317
0.2318,0.990852333409648
0.2319,0.990844659485114
0.232,0.990836982631207
0.2321,0.99082930284842
0.2322,0.990821620137245
0.2323,0.990813934498174
0.2324,0.990806245931702
0.2325,0.99079855443832
0.2326,0.990790860018522
0.2327,0.990783162672802
0.2328,0.990775462401653
0.2329,0.990767759205569
0.233,0.990760053085044
0.2331,0.990752344040573
0.2332,0.99074463207265
0.2333,0.990736917181771
0.2334,0.990729199368429
0.2335,0.99072147863312
0.2336,0.99071375497634
0.2337,0.990706028398584
0.2338,0.990698298900348
0.2339,0.990690566482128
0.234,0.990682831144422
0.2341,0.990675092887723
0.2342,0.990667351712531
0.2343,0.990659607619341
0.2344,0.990651860608651
0.2345,0.990644110680958
0.2346,0.990636357836759
0.2347,0.990628602076553
0.2348,0.990620843400837
0.2349,0.990613081810109
0.235,0.990605317304868
0.2351,0.990597549885612
0.2352,0.990589779552841
0.2353,0.990582006307053
0.2354,0.990574230148747
0.2355,0.990566451078423
0.2356,0.990558669096581
0.2357,0.99055088420372
0.2358,0.990543096400342
0.2359,0.990535305686946
0.236,0.990527512064032
0.2361,0.990519715532102
0.2362,0.990511916091656
0.2363,0.990504113743196
0.2364,0.990496308487222
0.2365,0.990488500324237
0.2366,0.990480689254742
0.2367,0.990472875279239
0.2368,0.990465058398231
0.2369,0.990457238612219
0.237,0.990449415921707
0.2371,0.990441590327197
0.2372,0.990433761829192
0.2373,0.990425930428196
0.2374,0.990418096124711
0.2375,0.990410258919243
0.2376,0.990402418812294
0.2377,0.99039457580437
0.2378,0.990386729895973
0.2379,0.990378881087609
0.238,0.990371029379782
0.2381,0.990363174772998
0.2382,0.990355317267762
0.2383,0.990347456864578
0.2384,0.990339593563954
0.2385,0.990331727366394
0.2386,0.990323858272405
0.2387,0.990315986282492
0.2388,0.990308111397163
0.2389,0.990300233616923
0.239,0.990292352942281
0.2391,0.990284469373742
0.2392,0.990276582911815
0.2393,0.990268693557006
0.2394,0.990260801309824
0.2395,0.990252906170777
0.2396,0.990245008140372
0.2397,0.990237107219118
0.2398,0.990229203407524
0.2399,0.990221296706099
0.24,0.990213387115351
0.2401,0.99020547463579
0.2402,0.990197559267925
0.2403,0.990189641012265
0.2404,0.990181719869321
0.2405,0.990173795839603
0.2406,0.99016586892362
0.2407,0.990157939121885
0.2408,0.990150006434906
0.2409,0.990142070863195
0.241,0.990134132407263
0.2411,0.990126191067622
0.2412,0.990118246844783
0.2413,0.990110299739257
0.2414,0.990102349751558
0.2415,0.990094396882197
0.2416,0.990086441131687
0.2417,0.990078482500539
0.2418,0.990070520989268
0.2419,0.990062556598385
0.242,0.990054589328405
0.2421,0.990046619179841
0.2422,0.990038646153206
0.2423,0.990030670249014
0.2424,0.99002269146778
0.2425,0.990014709810017
0.2426,0.990006725276241
0.2427,0.989998737866966
0.2428,0.989990747582707
0.2429,0.989982754423979
0.243,0.989974758391298
0.2431,0.989966759485179
0.2432,0.989958757706138
0.2433,0.989950753054691
0.2434,0.989942745531355
0.2435,0.989934735136645
0.2436,0.989926721871079
0.2437,0.989918705735173
0.2438,0.989910686729444
0.2439,0.98990266485441
0.244,0.989894640110588
0.2441,0.989886612498496
0.2442,0.989878582018652
0.2443,0.989870548671573
0.2444,0.989862512457779
0.2445,0.989854473377788
0.2446,0.989846431432118
0.2447,0.98983838662129
0.2448,0.989830338945821
0.2449,0.989822288406232
0.245,0.989814235003042
0.2451,0.98980617873677
0.2452,0.989798119607938
0.2453,0.989790057617064
0.2454,0.98978199276467
0.2455,0.989773925051277
0.2456,0.989765854477405
0.2457,0.989757781043574
0.2458,0.989749704750308
0.2459,0.989741625598127
0.246,0.989733543587552
0.2461,0.989725458719106
0.2462,0.989717370993312
0.2463,0.989709280410691
0.2464,0.989701186971766
0.2465,0.98969309067706
0.2466,0.989684991527097
0.2467,0.989676889522398
0.2468,0.989668784663489
0.2469,0.989660676950892
0.247,0.989652566385131
0.2471,0.98964445296673
0.2472,0.989636336696214
0.2473,0.989628217574108
0.2474,0.989620095600936
0.2475,0.989611970777222
0.2476,0.989603843103493
0.2477,0.989595712580273
0.2478,0.989587579208088
0.2479,0.989579442987464
0.248,0.989571303918926
0.2481,0.989563162003002
0.2482,0.989555017240217
0.2483,0.989546869631098
0.2484,0.989538719176171
0.2485,0.989530565875965
0.2486,0.989522409731006
0.2487,0.989514250741822
0.2488,0.98950608890894
0.2489,0.989497924232889
0.249,0.989489756714196
0.2491,0.98948158635339
0.2492,0.989473413150999
0.2493,0.989465237107552
0.2494,0.989457058223579
0.2495,0.989448876499608
0.2496,0.989440691936168
0.2497,0.98943250453379
0.2498,0.989424314293003
0.2499,0.989416121214338
0.25,0.989407925298324
0.2501,0.989399726545491
0.2502,0.989391524956372
0.2503,0.989383320531496
0.2504,0.989375113271394
0.2505,0.989366903176599
0.2506,0.989358690247641
0.2507,0.989350474485052
0.2508,0.989342255889364
0.2509,0.98933403446111
0.251,0.989325810200821
0.2511,0.989317583109031
0.2512,0.989309353186272
0.2513,0.989301120433077
0.2514,0.98929288484998
0.2515,0.989284646437514
0.2516,0.989276405196212
0.2517,0.989268161126608
0.2518,0.989259914229237
0.2519,0.989251664504633
0.252,0.98924341195333
0.2521,0.989235156575863
0.2522,0.989226898372767
0.2523,0.989218637344577
0.2524,0.989210373491829
0.2525,0.989202106815058
0.2526,0.9891938373148
0.2527,0.98918556499159
0.2528,0.989177289845966
0.2529,0.989169011878463
0.253,0.989160731089617
0.2531,0.989152447479967
0.2532,0.989144161050048
0.2533,0.989135871800399
0.2534,0.989127579731556
0.2535,0.989119284844057
0.2536,0.989110987138441
0.2537,0.989102686615245
0.2538,0.989094383275007
0.2539,0.989086077118267
0.254,0.989077768145563
0.2541,0.989069456357433
0.2542,0.989061141754418
0.2543,0.989052824337056
0.2544,0.989044504105888
0.2545,0.989036181061452
0.2546,0.989027855204289
0.2547,0.98901952653494
0.2548,0.989011195053944
0.2549,0.989002860761843
0.255,0.988994523659177
0.2551,0.988986183746487
0.2552,0.988977841024315
0.2553,0.988969495493203
0.2554,0.988961147153691
0.2555,0.988952796006322
0.2556,0.988944442051638
0.2557,0.988936085290181
0.2558,0.988927725722495
0.2559,0.98891936334912
0.256,0.988910998170602
0.2561,0.988902630187482
0.2562,0.988894259400304
0.2563,0.988885885809612
0.2564,0.98887750941595
0.2565,0.988869130219862
0.2566,0.988860748221892
0.2567,0.988852363422584
0.2568,0.988843975822484
0.2569,0.988835585422136
0.257,0.988827192222086
0.2571,0.988818796222878
0.2572,0.988810397425058
0.2573,0.988801995829173
0.2574,0.988793591435767
0.2575,0.988785184245388
0.2576,0.988776774258581
0.2577,0.988768361475893
0.2578,0.988759945897871
0.2579,0.988751527525062
0.258,0.988743106358013
0.2581,0.988734682397273
0.2582,0.988726255643388
0.2583,0.988717826096906
0.2584,0.988709393758376
0.2585,0.988700958628345
0.2586,0.988692520707363
0.2587,0.988684079995979
0.2588,0.98867563649474
0.2589,0.988667190204197
0.259,0.988658741124898
0.2591,0.988650289257394
0.2592,0.988641834602234
0.2593,0.988633377159967
0.2594,0.988624916931146
0.2595,0.988616453916318
0.2596,0.988607988116037
0.2597,0.988599519530851
0.2598,0.988591048161313
0.2599,0.988582574007974
0.26,0.988574097071385
0.2601,0.988565617352097
0.2602,0.988557134850664
0.2603,0.988548649567636
0.2604,0.988540161503566
0.2605,0.988531670659008
0.2606,0.988523177034513
0.2607,0.988514680630634
0.2608,0.988506181447925
0.2609,0.988497679486939
0.261,0.988489174748231
0.2611,0.988480667232352
0.2612,0.988472156939859
0.2613,0.988463643871305
0.2614,0.988455128027244
0.2615,0.988446609408231
0.2616,0.988438088014822
0.2617,0.988429563847571
0.2618,0.988421036907034
0.2619,0.988412507193765
0.262,0.988403974708322
0.2621,0.988395439451259
0.2622,0.988386901423133
0.2623,0.988378360624501
0.2624,0.988369817055918
0.2625,0.988361270717943
0.2626,0.988352721611131
0.2627,0.98834416973604
0.2628,0.988335615093227
0.2629,0.988327057683251
0.263,0.988318497506669
0.2631,0.988309934564039
0.2632,0.988301368855919
0.2633,0.988292800382868
0.2634,0.988284229145445
0.2635,0.988275655144209
0.2636,0.988267078379718
0.2637,0.988258498852533
0.2638,0.988249916563213
0.2639,0.988241331512318
0.264,0.988232743700407
0.2641,0.988224153128042
0.2642,0.988215559795781
0.2643,0.988206963704186
0.2644,0.988198364853819
0.2645,0.988189763245239
0.2646,0.988181158879008
0.2647,0.988172551755688
0.2648,0.98816394187584
0.2649,0.988155329240026
0.265,0.988146713848809
0.2651,0.988138095702751
0.2652,0.988129474802413
0.2653,0.98812085114836
0.2654,0.988112224741154
0.2655,0.988103595581358
0.2656,0.988094963669537
0.2657,0.988086329006252
0.2658,0.988077691592069
0.2659,0.988069051427551
0.266,0.988060408513262
0.2661,0.988051762849768
0.2662,0.988043114437632
0.2663,0.98803446327742
0.2664,0.988025809369697
0.2665,0.988017152715027
0.2666,0.988008493313976
0.2667,0.987999831167111
0.2668,0.987991166274997
0.2669,0.987982498638199
0.267,0.987973828257286
0.2671,0.987965155132823
0.2672,0.987956479265376
0.2673,0.987947800655514
0.2674,0.987939119303804
0.2675,0.987930435210812
0.2676,0.987921748377106
0.2677,0.987913058803255
0.2678,0.987904366489826
0.2679,0.987895671437389
0.268,0.98788697364651
0.2681,0.98787827311776
0.2682,0.987869569851706
0.2683,0.987860863848919
0.2684,0.987852155109967
0.2685,0.98784344363542
0.2686,0.987834729425848
0.2687,0.98782601248182
0.2688,0.987817292803907
0.2689,0.987808570392679
0.269,0.987799845248708
0.2691,0.987791117372563
0.2692,0.987782386764816
0.2693,0.987773653426039
0.2694,0.987764917356802
0.2695,0.987756178557678
0.2696,0.987747437029238
0.2697,0.987738692772054
0.2698,0.987729945786699
0.2699,0.987721196073746
0.27,0.987712443633766
0.2701,0.987703688467334
0.2702,0.987694930575021
0.2703,0.987686169957403
0.2704,0.987677406615051
0.2705,0.987668640548541
0.2706,0.987659871758446
0.2707,0.987651100245341
0.2708,0.987642326009799
0.2709,0.987633549052397
0.271,0.987624769373707
0.2711,0.987615986974306
0.2712,0.98760720185477
0.2713,0.987598414015672
0.2714,0.98758962345759
0.2715,0.987580830181099
0.2716,0.987572034186775
0.2717,0.987563235475194
0.2718,0.987554434046934
0.2719,0.987545629902571
0.272,0.987536823042682
0.2721,0.987528013467843
0.2722,0.987519201178634
0.2723,0.987510386175631
0.2724,0.987501568459412
0.2725,0.987492748030555
0.2726,0.987483924889639
0.2727,0.987475099037241
0.2728,0.987466270473942
0.2729,0.987457439200319
0.273,0.987448605216952
0.2731,0.987439768524421
0.2732,0.987430929123304
0.2733,0.987422087014182
0.2734,0.987413242197634
0.2735,0.98740439467424
0.2736,0.987395544444582
0.2737,0.98738669150924
0.2738,0.987377835868794
0.2739,0.987368977523826
0.274,0.987360116474916
0.2741,0.987351252722647
0.2742,0.9873423862676
0.2743,0.987333517110357
0.2744,0.987324645251501
0.2745,0.987315770691612
0.2746,0.987306893431275
0.2747,0.987298013471072
0.2748,0.987289130811585
0.2749,0.987280245453398
0.275,0.987271357397095
0.2751,0.987262466643258
0.2752,0.987253573192472
0.2753,0.98724467704532
0.2754,0.987235778202388
0.2755,0.987226876664259
0.2756,0.987217972431518
0.2757,0.98720906550475
0.2758,0.98720015588454
0.2759,0.987191243571473
0.276,0.987182328566135
0.2761,0.987173410869112
0.2762,0.98716449048099
0.2763,0.987155567402354
0.2764,0.987146641633792
0.2765,0.987137713175889
0.2766,0.987128782029233
0.2767,0.987119848194411
0.2768,0.98711091167201
0.2769,0.987101972462617
0.277,0.98709303056682
0.2771,0.987084085985207
0.2772,0.987075138718366
0.2773,0.987066188766884
0.2774,0.987057236131351
0.2775,0.987048280812356
0.2776,0.987039322810487
0.2777,0.987030362126333
0.2778,0.987021398760483
0.2779,0.987012432713528
0.278,0.987003463986057
0.2781,0.98699449257866
0.2782,0.986985518491927
0.2783,0.986976541726449
0.2784,0.986967562282816
0.2785,0.98695858016162
0.2786,0.98694959536345
0.2787,0.986940607888899
0.2788,0.986931617738559
0.2789,0.986922624913019
0.279,0.986913629412874
0.2791,0.986904631238713
0.2792,0.986895630391131
0.2793,0.986886626870719
0.2794,0.98687762067807
0.2795,0.986868611813777
0.2796,0.986859600278434
0.2797,0.986850586072633
0.2798,0.986841569196969
0.2799,0.986832549652036
0.28,0.986823527438426
0.2801,0.986814502556736
0.2802,0.986805475007558
0.2803,0.986796444791489
0.2804,0.986787411909122
0.2805,0.986778376361052
0.2806,0.986769338147876
0.2807,0.986760297270188
0.2808,0.986751253728585
0.2809,0.986742207523661
0.281,0.986733158656013
0.2811,0.986724107126238
0.2812,0.986715052934933
0.2813,0.986705996082693
0.2814,0.986696936570116
0.2815,0.9866878743978
0.2816,0.986678809566342
0.2817,0.986669742076339
0.2818,0.986660671928389
0.2819,0.98665159912309
0.282,0.986642523661041
0.2821,0.986633445542839
0.2822,0.986624364769084
0.2823,0.986615281340375
0.2824,0.98660619525731
0.2825,0.98659710652049
0.2826,0.986588015130513
0.2827,0.986578921087979
0.2828,0.986569824393489
0.2829,0.986560725047642
0.283,0.986551623051039
0.2831,0.98654251840428
0.2832,0.986533411107967
0.2833,0.986524301162701
0.2834,0.986515188569082
0.2835,0.986506073327713
0.2836,0.986496955439195
0.2837,0.986487834904129
0.2838,0.986478711723118
0.2839,0.986469585896765
0.284,0.986460457425672
0.2841,0.986451326310441
0.2842,0.986442192551675
0.2843,0.986433056149979
0.2844,0.986423917105954
0.2845,0.986414775420205
0.2846,0.986405631093336
0.2847,0.98639648412595
0.2848,0.986387334518653
0.2849,0.986378182272047
0.285,0.986369027386738
0.2851,0.986359869863332
0.2852,0.986350709702432
0.2853,0.986341546904644
0.2854,0.986332381470575
0.2855,0.986323213400829
0.2856,0.986314042696012
0.2857,0.986304869356731
0.2858,0.986295693383592
0.2859,0.986286514777201
0.286,0.986277333538166
0.2861,0.986268149667093
0.2862,0.986258963164589
0.2863,0.986249774031262
0.2864,0.98624058226772
0.2865,0.986231387874571
0.2866,0.986222190852422
0.2867,0.986212991201882
0.2868,0.986203788923559
0.2869,0.986194584018062
0.287,0.986185376486
0.2871,0.986176166327982
0.2872,0.986166953544618
0.2873,0.986157738136516
0.2874,0.986148520104287
0.2875,0.986139299448541
0.2876,0.986130076169887
0.2877,0.986120850268937
0.2878,0.986111621746301
0.2879,0.986102390602589
0.288,0.986093156838414
0.2881,0.986083920454386
0.2882,0.986074681451116
0.2883,0.986065439829217
0.2884,0.9860561955893
0.2885,0.986046948731978
0.2886,0.986037699257863
0.2887,0.986028447167567
0.2888,0.986019192461702
0.2889,0.986009935140882
0.289,0.986000675205721
0.2891,0.985991412656831
0.2892,0.985982147494826
0.2893,0.98597287972032
0.2894,0.985963609333926
0.2895,0.98595433633626
0.2896,0.985945060727936
0.2897,0.985935782509567
0.2898,0.98592650168177
0.2899,0.98591721824516
0.29,0.985907932200351
0.2901,0.985898643547958
0.2902,0.985889352288599
0.2903,0.985880058422888
0.2904,0.985870761951442
0.2905,0.985861462874878
0.2906,0.985852161193811
0.2907,0.985842856908859
0.2908,0.985833550020639
0.2909,0.985824240529767
0.291,0.985814928436863
0.2911,0.985805613742542
0.2912,0.985796296447423
0.2913,0.985786976552123
0.2914,0.985777654057263
0.2915,0.985768328963458
0.2916,0.98575900127133
0.2917,0.985749670981496
0.2918,0.985740338094575
0.2919,0.985731002611188
0.292,0.985721664531953
0.2921,0.98571232385749
0.2922,0.98570298058842
0.2923,0.985693634725362
0.2924,0.985684286268937
0.2925,0.985674935219765
0.2926,0.985665581578468
0.2927,0.985656225345666
0.2928,0.985646866521982
0.2929,0.985637505108034
0.293,0.985628141104447
0.2931,0.985618774511842
0.2932,0.98560940533084
0.2933,0.985600033562064
0.2934,0.985590659206136
0.2935,0.98558128226368
0.2936,0.985571902735319
0.2937,0.985562520621675
0.2938,0.985553135923373
0.2939,0.985543748641035
0.294,0.985534358775285
0.2941,0.985524966326748
0.2942,0.985515571296048
0.2943,0.985506173683809
0.2944,0.985496773490655
0.2945,0.985487370717212
0.2946,0.985477965364106
0.2947,0.98546855743196
0.2948,0.985459146921401
0.2949,0.985449733833054
0.295,0.985440318167545
0.2951,0.985430899925501
0.2952,0.985421479107547
0.2953,0.985412055714311
0.2954,0.985402629746419
0.2955,0.985393201204498
0.2956,0.985383770089176
0.2957,0.98537433640108
0.2958,0.985364900140837
0.2959,0.985355461309075
0.296,0.985346019906423
0.2961,0.985336575933509
0.2962,0.985327129390962
0.2963,0.985317680279409
0.2964,0.985308228599481
0.2965,0.985298774351805
0.2966,0.985289317537012
0.2967,0.985279858155731
0.2968,0.985270396208591
0.2969,0.985260931696224
0.297,0.985251464619259
0.2971,0.985241994978326
0.2972,0.985232522774056
0.2973,0.985223048007081
0.2974,0.985213570678031
0.2975,0.985204090787537
0.2976,0.985194608336231
0.2977,0.985185123324745
0.2978,0.98517563575371
0.2979,0.985166145623759
0.298,0.985156652935524
0.2981,0.985147157689638
0.2982,0.985137659886732
0.2983,0.985128159527441
0.2984,0.985118656612397
0.2985,0.985109151142234
0.2986,0.985099643117585
0.2987,0.985090132539085
0.2988,0.985080619407366
0.2989,0.985071103723064
0.299,0.985061585486812
0.2991,0.985052064699247
0.2992,0.985042541361001
0.2993,0.985033015472712
0.2994,0.985023487035013
0.2995,0.985013956048541
0.2996,0.985004422513931
0.2997,0.98499488643182
0.2998,0.984985347802842
0.2999,0.984975806627636
0.3,0.984966262906837
0.3001,0.984956716641082
0.3002,0.984947167831009
0.3003,0.984937616477253
0.3004,0.984928062580454
0.3005,0.984918506141249
0.3006,0.984908947160274
0.3007,0.984899385638169
0.3008,0.984889821575572
0.3009,0.984880254973122
0.301,0.984870685831456
0.3011,0.984861114151215
0.3012,0.984851539933037
0.3013,0.984841963177561
0.3014,0.984832383885428
0.3015,0.984822802057276
0.3016,0.984813217693747
0.3017,0.98480363079548
0.3018,0.984794041363116
0.3019,0.984784449397294
0.302,0.984774854898657
0.3021,0.984765257867845
0.3022,0.984755658305499
0.3023,0.984746056212261
0.3024,0.984736451588772
0.3025,0.984726844435675
0.3026,0.984717234753612
0.3027,0.984707622543225
0.3028,0.984698007805157
0.3029,0.984688390540049
0.303,0.984678770748546
0.3031,0.984669148431291
0.3032,0.984659523588927
0.3033,0.984649896222097
0.3034,0.984640266331446
0.3035,0.984630633917617
0.3036,0.984620998981255
0.3037,0.984611361523005
0.3038,0.98460172154351
0.3039,0.984592079043417
0.304,0.984582434023369
0.3041,0.984572786484012
0.3042,0.984563136425992
0.3043,0.984553483849955
0.3044,0.984543828756546
0.3045,0.984534171146412
0.3046,0.984524511020198
0.3047,0.984514848378553
0.3048,0.984505183222122
0.3049,0.984495515551552
0.305,0.984485845367491
0.3051,0.984476172670587
0.3052,0.984466497461486
0.3053,0.984456819740837
0.3054,0.984447139509288
0.3055,0.984437456767487
0.3056,0.984427771516084
0.3057,0.984418083755726
0.3058,0.984408393487063
0.3059,0.984398700710743
0.306,0.984389005427417
0.3061,0.984379307637733
0.3062,0.984369607342341
0.3063,0.984359904541892
0.3064,0.984350199237036
0.3065,0.984340491428423
0.3066,0.984330781116704
0.3067,0.98432106830253
0.3068,0.984311352986551
0.3069,0.984301635169419
0.307,0.984291914851786
0.3071,0.984282192034303
0.3072,0.984272466717623
0.3073,0.984262738902396
0.3074,0.984253008589277
0.3075,0.984243275778916
0.3076,0.984233540471968
0.3077,0.984223802669085
0.3078,0.98421406237092
0.3079,0.984204319578127
0.308,0.98419457429136
0.3081,0.984184826511272
0.3082,0.984175076238518
0.3083,0.984165323473751
0.3084,0.984155568217626
0.3085,0.984145810470798
0.3086,0.984136050233921
0.3087,0.984126287507652
0.3088,0.984116522292644
0.3089,0.984106754589555
0.309,0.984096984399039
0.3091,0.984087211721752
0.3092,0.984077436558351
0.3093,0.984067658909493
0.3094,0.984057878775833
0.3095,0.984048096158029
0.3096,0.984038311056737
0.3097,0.984028523472615
0.3098,0.98401873340632
0.3099,0.984008940858511
0.31,0.983999145829844
0.3101,0.983989348320979
0.3102,0.983979548332573
0.3103,0.983969745865285
0.3104,0.983959940919774
0.3105,0.983950133496699
0.3106,0.983940323596719
0.3107,0.983930511220493
0.3108,0.983920696368681
0.3109,0.983910879041943
0.311,0.983901059240938
0.3111,0.983891236966328
0.3112,0.983881412218771
0.3113,0.98387158499893
0.3114,0.983861755307465
0.3115,0.983851923145037
0.3116,0.983842088512307
0.3117,0.983832251409937
0.3118,0.983822411838588
0.3119,0.983812569798923
0.312,0.983802725291603
0.3121,0.983792878317292
0.3122,0.983783028876651
0.3123,0.983773176970344
0.3124,0.983763322599033
0.3125,0.983753465763382
0.3126,0.983743606464055
0.3127,0.983733744701714
0.3128,0.983723880477024
0.3129,0.983714013790649
0.313,0.983704144643253
0.3131,0.9836942730355
0.3132,0.983684398968056
0.3133,0.983674522441586
0.3134,0.983664643456753
0.3135,0.983654762014224
0.3136,0.983644878114665
0.3137,0.983634991758741
0.3138,0.983625102947118
0.3139,0.983615211680463
0.314,0.983605317959441
0.3141,0.98359542178472
0.3142,0.983585523156967
0.3143,0.983575622076849
0.3144,0.983565718545032
0.3145,0.983555812562185
0.3146,0.983545904128974
0.3147,0.983535993246069
0.3148,0.983526079914136
0.3149,0.983516164133844
0.315,0.983506245905863
0.3151,0.98349632523086
0.3152,0.983486402109504
0.3153,0.983476476542466
0.3154,0.983466548530414
0.3155,0.983456618074017
0.3156,0.983446685173947
0.3157,0.983436749830872
0.3158,0.983426812045463
0.3159,0.983416871818391
0.316,0.983406929150326
0.3161,0.983396984041938
0.3162,0.9833870364939
0.3163,0.983377086506883
0.3164,0.983367134081557
0.3165,0.983357179218596
0.3166,0.98334722191867
0.3167,0.983337262182452
0.3168,0.983327300010615
0.3169,0.98331733540383
0.317,0.983307368362772
0.3171,0.983297398888112
0.3172,0.983287426980524
0.3173,0.983277452640682
0.3174,0.983267475869259
0.3175,0.98325749666693
0.3176,0.983247515034368
0.3177,0.983237530972247
0.3178,0.983227544481243
0.3179,0.98321755556203
0.318,0.983207564215282
0.3181,0.983197570441676
0.3182,0.983187574241886
0.3183,0.983177575616588
0.3184,0.983167574566459
0.3185,0.983157571092173
0.3186,0.983147565194407
0.3187,0.983137556873838
0.3188,0.983127546131142
0.3189,0.983117532966996
0.319,0.983107517382078
0.3191,0.983097499377065
0.3192,0.983087478952633
0.3193,0.983077456109462
0.3194,0.983067430848227
0.3195,0.983057403169609
0.3196,0.983047373074284
0.3197,0.983037340562933
0.3198,0.983027305636232
0.3199,0.983017268294863
0.32,0.983007228539503
0.3201,0.982997186370832
0.3202,0.982987141789531
0.3203,0.982977094796278
0.3204,0.982967045391754
0.3205,0.982956993576639
0.3206,0.982946939351614
0.3207,0.982936882717359
0.3208,0.982926823674556
0.3209,0.982916762223885
0.321,0.982906698366029
0.3211,0.982896632101667
0.3212,0.982886563431482
0.3213,0.982876492356157
0.3214,0.982866418876373
0.3215,0.982856342992812
0.3216,0.982846264706158
0.3217,0.982836184017094
0.3218,0.982826100926302
0.3219,0.982816015434465
0.322,0.982805927542268
0.3221,0.982795837250393
0.3222,0.982785744559525
0.3223,0.982775649470349
0.3224,0.982765551983547
0.3225,0.982755452099806
0.3226,0.982745349819809
0.3227,0.982735245144241
0.3228,0.982725138073788
0.3229,0.982715028609135
0.323,0.982704916750968
0.3231,0.982694802499972
0.3232,0.982684685856834
0.3233,0.98267456682224
0.3234,0.982664445396876
0.3235,0.98265432158143
0.3236,0.982644195376588
0.3237,0.982634066783037
0.3238,0.982623935801464
0.3239,0.982613802432557
0.324,0.982603666677004
0.3241,0.982593528535493
0.3242,0.982583388008711
0.3243,0.982573245097348
0.3244,0.982563099802093
0.3245,0.982552952123632
0.3246,0.982542802062657
0.3247,0.982532649619856
0.3248,0.982522494795918
0.3249,0.982512337591534
0.325,0.982502178007393
0.3251,0.982492016044185
0.3252,0.9824818517026
0.3253,0.98247168498333
0.3254,0.982461515887064
0.3255,0.982451344414494
0.3256,0.982441170566312
0.3257,0.982430994343207
0.3258,0.982420815745873
0.3259,0.982410634775
0.326,0.982400451431281
0.3261,0.982390265715409
0.3262,0.982380077628075
0.3263,0.982369887169972
0.3264,0.982359694341793
0.3265,0.982349499144231
0.3266,0.982339301577979
0.3267,0.982329101643732
0.3268,0.982318899342182
0.3269,0.982308694674023
0.327,0.982298487639951
0.3271,0.982288278240658
0.3272,0.98227806647684
0.3273,0.982267852349191
0.3274,0.982257635858407
0.3275,0.982247417005183
0.3276,0.982237195790214
0.3277,0.982226972214196
0.3278,0.982216746277824
0.3279,0.982206517981796
0.328,0.982196287326806
0.3281,0.982186054313553
0.3282,0.982175818942731
0.3283,0.982165581215039
0.3284,0.982155341131173
0.3285,0.982145098691831
0.3286,0.98213485389771
0.3287,0.982124606749509
0.3288,0.982114357247924
0.3289,0.982104105393655
0.329,0.9820938511874
0.3291,0.982083594629858
0.3292,0.982073335721727
0.3293,0.982063074463706
0.3294,0.982052810856494
0.3295,0.982042544900792
0.3296,0.982032276597299
0.3297,0.982022005946714
0.3298,0.982011732949738
0.3299,0.982001457607071
0.33,0.981991179919414
0.3301,0.981980899887468
0.3302,0.981970617511933
0.3303,0.98196033279351
0.3304,0.981950045732902
0.3305,0.981939756330809
0.3306,0.981929464587934
0.3307,0.981919170504979
0.3308,0.981908874082646
0.3309,0.981898575321637
0.331,0.981888274222655
0.3311,0.981877970786403
0.3312,0.981867665013584
0.3313,0.981857356904902
0.3314,0.98184704646106
0.3315,0.981836733682761
0.3316,0.98182641857071
0.3317,0.981816101125611
0.3318,0.981805781348169
0.3319,0.981795459239087
0.332,0.981785134799072
0.3321,0.981774808028827
0.3322,0.981764478929059
0.3323,0.981754147500472
0.3324,0.981743813743773
0.3325,0.981733477659667
0.3326,0.981723139248861
0.3327,0.98171279851206
0.3328,0.981702455449971
0.3329,0.981692110063301
0.333,0.981681762352758
0.3331,0.981671412319047
0.3332,0.981661059962877
0.3333,0.981650705284954
0.3334,0.981640348285988
0.3335,0.981629988966686
0.3336,0.981619627327756
0.3337,0.981609263369906
0.3338,0.981598897093846
0.3339,0.981588528500285
0.334,0.981578157589931
0.3341,0.981567784363494
0.3342,0.981557408821683
0.3343,0.981547030965209
0.3344,0.98153665079478
0.3345,0.981526268311108
0.3346,0.981515883514903
0.3347,0.981505496406874
0.3348,0.981495106987734
0.3349,0.981484715258193
0.335,0.981474321218962
0.3351,0.981463924870753
0.3352,0.981453526214278
0.3353,0.981443125250247
0.3354,0.981432721979374
0.3355,0.981422316402371
0.3356,0.98141190851995
0.3357,0.981401498332824
0.3358,0.981391085841706
0.3359,0.981380671047309
0.336,0.981370253950346
0.3361,0.981359834551531
0.3362,0.981349412851579
0.3363,0.981338988851202
0.3364,0.981328562551115
0.3365,0.981318133952032
0.3366,0.98130770305467
0.3367,0.981297269859741
0.3368,0.981286834367962
0.3369,0.981276396580047
0.337,0.981265956496712
0.3371,0.981255514118672
0.3372,0.981245069446644
0.3373,0.981234622481344
0.3374,0.981224173223488
0.3375,0.981213721673793
0.3376,0.981203267832975
0.3377,0.981192811701751
0.3378,0.98118235328084
0.3379,0.981171892570957
0.338,0.981161429572822
0.3381,0.981150964287151
0.3382,0.981140496714663
0.3383,0.981130026856076
0.3384,0.981119554712108
0.3385,0.98110908028348
0.3386,0.981098603570908
0.3387,0.981088124575113
0.3388,0.981077643296814
0.3389,0.981067159736731
0.339,0.981056673895583
0.3391,0.98104618577409
0.3392,0.981035695372972
0.3393,0.98102520269295
0.3394,0.981014707734745
0.3395,0.981004210499076
0.3396,0.980993710986666
0.3397,0.980983209198236
0.3398,0.980972705134507
0.3399,0.980962198796201
0.34,0.980951690184039
0.3401,0.980941179298744
0.3402,0.980930666141038
0.3403,0.980920150711644
0.3404,0.980909633011284
0.3405,0.980899113040683
0.3406,0.980888590800562
0.3407,0.980878066291645
0.3408,0.980867539514656
0.3409,0.980857010470319
0.341,0.980846479159358
0.3411,0.980835945582497
0.3412,0.980825409740461
0.3413,0.980814871633974
0.3414,0.980804331263761
0.3415,0.980793788630547
0.3416,0.980783243735058
0.3417,0.980772696578019
0.3418,0.980762147160156
0.3419,0.980751595482194
0.342,0.980741041544861
0.3421,0.980730485348882
0.3422,0.980719926894985
0.3423,0.980709366183895
0.3424,0.98069880321634
0.3425,0.980688237993048
0.3426,0.980677670514745
0.3427,0.98066710078216
0.3428,0.98065652879602
0.3429,0.980645954557054
0.343,0.98063537806599
0.3431,0.980624799323556
0.3432,0.980614218330481
0.3433,0.980603635087495
0.3434,0.980593049595326
0.3435,0.980582461854703
0.3436,0.980571871866358
0.3437,0.980561279631018
0.3438,0.980550685149414
0.3439,0.980540088422277
0.344,0.980529489450337
0.3441,0.980518888234325
0.3442,0.980508284774971
0.3443,0.980497679073007
0.3444,0.980487071129164
0.3445,0.980476460944174
0.3446,0.980465848518768
0.3447,0.980455233853678
0.3448,0.980444616949637
0.3449,0.980433997807376
0.345,0.980423376427629
0.3451,0.980412752811128
0.3452,0.980402126958607
0.3453,0.980391498870798
0.3454,0.980380868548435
0.3455,0.980370235992252
0.3456,0.980359601202983
0.3457,0.980348964181361
0.3458,0.980338324928122
0.3459,0.980327683444
0.346,0.980317039729729
0.3461,0.980306393786044
0.3462,0.980295745613681
0.3463,0.980285095213375
0.3464,0.980274442585862
0.3465,0.980263787731877
0.3466,0.980253130652156
0.3467,0.980242471347436
0.3468,0.980231809818454
0.3469,0.980221146065945
0.347,0.980210480090647
0.3471,0.980199811893297
0.3472,0.980189141474631
0.3473,0.980178468835389
0.3474,0.980167793976307
0.3475,0.980157116898124
0.3476,0.980146437601577
0.3477,0.980135756087406
0.3478,0.980125072356348
0.3479,0.980114386409142
0.348,0.980103698246528
0.3481,0.980093007869244
0.3482,0.980082315278031
0.3483,0.980071620473627
0.3484,0.980060923456773
0.3485,0.980050224228208
0.3486,0.980039522788673
0.3487,0.980028819138909
0.3488,0.980018113279657
0.3489,0.980007405211656
0.349,0.979996694935649
0.3491,0.979985982452377
0.3492,0.979975267762581
0.3493,0.979964550867004
0.3494,0.979953831766387
0.3495,0.979943110461472
0.3496,0.979932386953002
0.3497,0.979921661241719
0.3498,0.979910933328367
0.3499,0.979900203213689
0.35,0.979889470898427
0.3501,0.979878736383326
0.3502,0.979867999669129
0.3503,0.97985726075658
0.3504,0.979846519646424
0.3505,0.979835776339404
0.3506,0.979825030836265
0.3507,0.979814283137753
0.3508,0.979803533244611
0.3509,0.979792781157586
0.351,0.979782026877422
0.3511,0.979771270404866
0.3512,0.979760511740663
0.3513,0.979749750885559
0.3514,0.979738987840301
0.3515,0.979728222605635
0.3516,0.979717455182308
0.3517,0.979706685571068
0.3518,0.97969591377266
0.3519,0.979685139787833
0.352,0.979674363617334
0.3521,0.979663585261911
0.3522,0.979652804722312
0.3523,0.979642021999284
0.3524,0.979631237093577
0.3525,0.979620450005939
0.3526,0.979609660737119
0.3527,0.979598869287866
0.3528,0.97958807565893
0.3529,0.979577279851059
0.353,0.979566481865004
0.3531,0.979555681701515
0.3532,0.979544879361341
0.3533,0.979534074845233
0.3534,0.979523268153942
0.3535,0.979512459288219
0.3536,0.979501648248814
0.3537,0.979490835036478
0.3538,0.979480019651964
0.3539,0.979469202096023
0.354,0.979458382369406
0.3541,0.979447560472867
0.3542,0.979436736407157
0.3543,0.979425910173028
0.3544,0.979415081771234
0.3545,0.979404251202527
0.3546,0.979393418467661
0.3547,0.979382583567388
0.3548,0.979371746502463
0.3549,0.979360907273639
0.355,0.979350065881671
0.3551,0.979339222327311
0.3552,0.979328376611315
0.3553,0.979317528734438
0.3554,0.979306678697433
0.3555,0.979295826501058
0.3556,0.979284972146065
0.3557,0.979274115633213
0.3558,0.979263256963255
0.3559,0.979252396136948
0.356,0.979241533155048
0.3561,0.979230668018312
0.3562,0.979219800727495
0.3563,0.979208931283355
0.3564,0.979198059686649
0.3565,0.979187185938133
0.3566,0.979176310038566
0.3567,0.979165431988706
0.3568,0.979154551789309
0.3569,0.979143669441134
0.357,0.979132784944939
0.3571,0.979121898301484
0.3572,0.979111009511526
0.3573,0.979100118575824
0.3574,0.979089225495138
0.3575,0.979078330270227
0.3576,0.979067432901851
0.3577,0.97905653339077
0.3578,0.979045631737743
0.3579,0.97903472794353
0.358,0.979023822008892
0.3581,0.97901291393459
0.3582,0.979002003721385
0.3583,0.978991091370036
0.3584,0.978980176881307
0.3585,0.978969260255958
0.3586,0.978958341494751
0.3587,0.978947420598448
0.3588,0.97893649756781
0.3589,0.978925572403602
0.359,0.978914645106584
0.3591,0.97890371567752
0.3592,0.978892784117174
0.3593,0.978881850426307
0.3594,0.978870914605684
0.3595,0.978859976656069
0.3596,0.978849036578224
0.3597,0.978838094372914
0.3598,0.978827150040904
0.3599,0.978816203582958
0.36,0.978805254999841
0.3601,0.978794304292318
0.3602,0.978783351461153
0.3603,0.978772396507113
0.3604,0.978761439430962
0.3605,0.978750480233466
0.3606,0.978739518915392
0.3607,0.978728555477506
0.3608,0.978717589920574
0.3609,0.978706622245363
0.361,0.97869565245264
0.3611,0.978684680543172
0.3612,0.978673706517725
0.3613,0.978662730377068
0.3614,0.978651752121968
0.3615,0.978640771753193
0.3616,0.978629789271512
0.3617,0.978618804677692
0.3618,0.978607817972503
0.3619,0.978596829156713
0.362,0.97858583823109
0.3621,0.978574845196405
0.3622,0.978563850053427
0.3623,0.978552852802924
0.3624,0.978541853445668
0.3625,0.978530851982429
0.3626,0.978519848413975
0.3627,0.978508842741078
0.3628,0.978497834964509
0.3629,0.978486825085039
0.363,0.978475813103438
0.3631,0.978464799020479
0.3632,0.978453782836932
0.3633,0.97844276455357
0.3634,0.978431744171164
0.3635,0.978420721690487
0.3636,0.978409697112311
0.3637,0.97839867043741
0.3638,0.978387641666554
0.3639,0.978376610800519
0.364,0.978365577840077
0.3641,0.978354542786001
0.3642,0.978343505639065
0.3643,0.978332466400044
0.3644,0.978321425069711
0.3645,0.97831038164884
0.3646,0.978299336138207
0.3647,0.978288288538586
0.3648,0.978277238850751
0.3649,0.978266187075479
0.365,0.978255133213545
0.3651,0.978244077265724
0.3652,0.978233019232792
0.3653,0.978221959115525
0.3654,0.9782108969147
0.3655,0.978199832631093
0.3656,0.978188766265481
0.3657,0.978177697818641
0.3658,0.97816662729135
0.3659,0.978155554684385
0.366,0.978144479998524
0.3661,0.978133403234544
0.3662,0.978122324393225
0.3663,0.978111243475343
0.3664,0.978100160481678
0.3665,0.978089075413007
0.3666,0.978077988270111
0.3667,0.978066899053767
0.3668,0.978055807764755
0.3669,0.978044714403855
0.367,0.978033618971846
0.3671,0.978022521469508
0.3672,0.978011421897622
0.3673,0.978000320256968
0.3674,0.977989216548326
0.3675,0.977978110772477
0.3676,0.977967002930203
0.3677,0.977955893022284
0.3678,0.977944781049502
0.3679,0.977933667012639
0.368,0.977922550912475
0.3681,0.977911432749795
0.3682,0.977900312525379
0.3683,0.97788919024001
0.3684,0.977878065894471
0.3685,0.977866939489545
0.3686,0.977855811026016
0.3687,0.977844680504665
0.3688,0.977833547926278
0.3689,0.977822413291638
0.369,0.977811276601528
0.3691,0.977800137856733
0.3692,0.977788997058038
0.3693,0.977777854206227
0.3694,0.977766709302085
0.3695,0.977755562346397
0.3696,0.977744413339949
0.3697,0.977733262283525
0.3698,0.977722109177912
0.3699,0.977710954023896
0.37,0.977699796822262
0.3701,0.977688637573797
0.3702,0.977677476279288
0.3703,0.977666312939521
0.3704,0.977655147555283
0.3705,0.977643980127363
0.3706,0.977632810656547
0.3707,0.977621639143622
0.3708,0.977610465589377
0.3709,0.977599289994601
0.371,0.97758811236008
0.3711,0.977576932686603
0.3712,0.97756575097496
0.3713,0.97755456722594
0.3714,0.977543381440331
0.3715,0.977532193618923
0.3716,0.977521003762505
0.3717,0.977509811871868
0.3718,0.9774986179478
0.3719,0.977487421991094
0.372,0.977476224002538
0.3721,0.977465023982923
0.3722,0.977453821933041
0.3723,0.977442617853683
0.3724,0.977431411745639
0.3725,0.977420203609702
0.3726,0.977408993446663
0.3727,0.977397781257314
0.3728,0.977386567042448
0.3729,0.977375350802855
0.373,0.977364132539331
0.3731,0.977352912252666
0.3732,0.977341689943653
0.3733,0.977330465613088
0.3734,0.977319239261761
0.3735,0.977308010890468
0.3736,0.977296780500003
0.3737,0.977285548091158
0.3738,0.977274313664729
0.3739,0.97726307722151
0.374,0.977251838762295
0.3741,0.977240598287881
0.3742,0.977229355799061
0.3743,0.977218111296632
0.3744,0.977206864781389
0.3745,0.977195616254127
0.3746,0.977184365715644
0.3747,0.977173113166735
0.3748,0.977161858608196
0.3749,0.977150602040825
0.375,0.977139343465418
0.3751,0.977128082882771
0.3752,0.977116820293684
0.3753,0.977105555698952
0.3754,0.977094289099373
0.3755,0.977083020495746
0.3756,0.977071749888869
0.3757,0.97706047727954
0.3758,0.977049202668558
0.3759,0.977037926056722
0.376,0.97702664744483
0.3761,0.977015366833683
0.3762,0.977004084224078
0.3763,0.976992799616817
0.3764,0.976981513012699
0.3765,0.976970224412524
0.3766,0.976958933817093
0.3767,0.976947641227205
0.3768,0.976936346643663
0.3769,0.976925050067266
0.377,0.976913751498816
0.3771,0.976902450939114
0.3772,0.976891148388962
0.3773,0.976879843849161
0.3774,0.976868537320515
0.3775,0.976857228803824
0.3776,0.976845918299892
0.3777,0.976834605809521
0.3778,0.976823291333514
0.3779,0.976811974872673
0.378,0.976800656427804
0.3781,0.976789335999708
0.3782,0.97677801358919
0.3783,0.976766689197053
0.3784,0.976755362824103
0.3785,0.976744034471143
0.3786,0.976732704138977
0.3787,0.976721371828412
0.3788,0.976710037540252
0.3789,0.976698701275301
0.379,0.976687363034367
0.3791,0.976676022818253
0.3792,0.976664680627767
0.3793,0.976653336463715
0.3794,0.976641990326901
0.3795,0.976630642218135
0.3796,0.976619292138221
0.3797,0.976607940087967
0.3798,0.97659658606818
0.3799,0.976585230079667
0.38,0.976573872123237
0.3801,0.976562512199697
0.3802,0.976551150309855
0.3803,0.976539786454519
0.3804,0.976528420634498
0.3805,0.976517052850601
0.3806,0.976505683103636
0.3807,0.976494311394412
0.3808,0.97648293772374
0.3809,0.976471562092428
0.381,0.976460184501286
0.3811,0.976448804951124
0.3812,0.976437423442752
0.3813,0.976426039976982
0.3814,0.976414654554622
0.3815,0.976403267176485
0.3816,0.976391877843382
0.3817,0.976380486556123
0.3818,0.97636909331552
0.3819,0.976357698122385
0.382,0.976346300977529
0.3821,0.976334901881765
0.3822,0.976323500835906
0.3823,0.976312097840763
0.3824,0.97630069289715
0.3825,0.976289286005879
0.3826,0.976277877167764
0.3827,0.976266466383618
0.3828,0.976255053654255
0.3829,0.976243638980489
0.383,0.976232222363133
0.3831,0.976220803803003
0.3832,0.976209383300911
0.3833,0.976197960857674
0.3834,0.976186536474106
0.3835,0.976175110151022
0.3836,0.976163681889238
0.3837,0.976152251689569
0.3838,0.976140819552831
0.3839,0.97612938547984
0.384,0.976117949471412
0.3841,0.976106511528364
0.3842,0.976095071651512
0.3843,0.976083629841674
0.3844,0.976072186099666
0.3845,0.976060740426305
0.3846,0.976049292822409
0.3847,0.976037843288797
0.3848,0.976026391826285
0.3849,0.976014938435692
0.385,0.976003483117837
0.3851,0.975992025873538
0.3852,0.975980566703614
0.3853,0.975969105608883
0.3854,0.975957642590166
0.3855,0.97594617764828
0.3856,0.975934710784046
0.3857,0.975923241998285
0.3858,0.975911771291815
0.3859,0.975900298665457
0.386,0.975888824120032
0.3861,0.975877347656361
0.3862,0.975865869275264
0.3863,0.975854388977562
0.3864,0.975842906764077
0.3865,0.975831422635631
0.3866,0.975819936593046
0.3867,0.975808448637142
0.3868,0.975796958768744
0.3869,0.975785466988672
0.387,0.97577397329775
0.3871,0.975762477696801
0.3872,0.975750980186648
0.3873,0.975739480768115
0.3874,0.975727979442024
0.3875,0.975716476209199
0.3876,0.975704971070465
0.3877,0.975693464026646
0.3878,0.975681955078566
0.3879,0.975670444227049
0.388,0.975658931472921
0.3881,0.975647416817006
0.3882,0.975635900260129
0.3883,0.975624381803117
0.3884,0.975612861446794
0.3885,0.975601339191988
0.3886,0.975589815039523
0.3887,0.975578288990226
0.3888,0.975566761044924
0.3889,0.975555231204444
0.389,0.975543699469612
0.3891,0.975532165841255
0.3892,0.975520630320201
0.3893,0.975509092907278
0.3894,0.975497553603313
0.3895,0.975486012409135
0.3896,0.975474469325572
0.3897,0.975462924353452
0.3898,0.975451377493604
0.3899,0.975439828746857
0.39,0.97542827811404
0.3901,0.975416725595982
0.3902,0.975405171193512
0.3903,0.975393614907462
0.3904,0.97538205673866
0.3905,0.975370496687937
0.3906,0.975358934756123
0.3907,0.97534737094405
0.3908,0.975335805252546
0.3909,0.975324237682445
0.391,0.975312668234576
0.3911,0.975301096909772
0.3912,0.975289523708865
0.3913,0.975277948632685
0.3914,0.975266371682066
0.3915,0.97525479285784
0.3916,0.975243212160839
0.3917,0.975231629591896
0.3918,0.975220045151843
0.3919,0.975208458841516
0.392,0.975196870661746
0.3921,0.975185280613367
0.3922,0.975173688697214
0.3923,0.97516209491412
0.3924,0.97515049926492
0.3925,0.975138901750448
0.3926,0.975127302371539
0.3927,0.975115701129027
0.3928,0.975104098023748
0.3929,0.975092493056538
0.393,0.975080886228232
0.3931,0.975069277539665
0.3932,0.975057666991674
0.3933,0.975046054585094
0.3934,0.975034440320763
0.3935,0.975022824199517
0.3936,0.975011206222194
0.3937,0.974999586389629
0.3938,0.974987964702661
0.3939,0.974976341162127
0.394,0.974964715768864
0.3941,0.974953088523711
0.3942,0.974941459427506
0.3943,0.974929828481087
0.3944,0.974918195685292
0.3945,0.974906561040962
0.3946,0.974894924548934
0.3947,0.974883286210047
0.3948,0.974871646025143
0.3949,0.974860003995058
0.395,0.974848360120635
0.3951,0.974836714402713
0.3952,0.974825066842132
0.3953,0.974813417439732
0.3954,0.974801766196356
0.3955,0.974790113112842
0.3956,0.974778458190034
0.3957,0.974766801428771
0.3958,0.974755142829896
0.3959,0.97474348239425
0.396,0.974731820122677
0.3961,0.974720156016017
0.3962,0.974708490075114
0.3963,0.97469682230081
0.3964,0.974685152693948
0.3965,0.974673481255371
0.3966,0.974661807985923
0.3967,0.974650132886446
0.3968,0.974638455957785
0.3969,0.974626777200784
0.397,0.974615096616287
0.3971,0.974603414205138
0.3972,0.974591729968183
0.3973,0.974580043906265
0.3974,0.97456835602023
0.3975,0.974556666310924
0.3976,0.974544974779191
0.3977,0.974533281425877
0.3978,0.974521586251829
0.3979,0.974509889257892
0.398,0.974498190444913
0.3981,0.974486489813738
0.3982,0.974474787365214
0.3983,0.974463083100189
0.3984,0.974451377019509
0.3985,0.974439669124022
0.3986,0.974427959414576
0.3987,0.974416247892018
0.3988,0.974404534557197
0.3989,0.974392819410961
0.399,0.974381102454157
0.3991,0.974369383687635
0.3992,0.974357663112244
0.3993,0.974345940728833
0.3994,0.974334216538251
0.3995,0.974322490541348
0.3996,0.974310762738974
0.3997,0.974299033131979
0.3998,0.974287301721212
0.3999,0.974275568507525
0.4,0.974263833491769
0.4001,0.974252096674793
0.4002,0.974240358057449
0.4003,0.974228617640589
0.4004,0.974216875425064
0.4005,0.974205131411726
0.4006,0.974193385601427
0.4007,0.974181637995019
0.4008,0.974169888593354
0.4009,0.974158137397285
0.401,0.974146384407665
0.4011,0.974134629625346
0.4012,0.974122873051182
0.4013,0.974111114686027
0.4014,0.974099354530733
0.4015,0.974087592586156
0.4016,0.974075828853149
0.4017,0.974064063332566
0.4018,0.974052296025263
0.4019,0.974040526932093
0.402,0.974028756053912
0.4021,0.974016983391574
0.4022,0.974005208945936
0.4023,0.973993432717854
0.4024,0.973981654708182
0.4025,0.973969874917777
0.4026,0.973958093347495
0.4027,0.973946309998193
0.4028,0.973934524870728
0.4029,0.973922737965955
0.403,0.973910949284733
0.4031,0.973899158827919
0.4032,0.973887366596371
0.4033,0.973875572590945
0.4034,0.973863776812501
0.4035,0.973851979261896
0.4036,0.973840179939989
0.4037,0.973828378847638
0.4038,0.973816575985703
0.4039,0.973804771355042
0.404,0.973792964956514
0.4041,0.973781156790979
0.4042,0.973769346859297
0.4043,0.973757535162328
0.4044,0.973745721700932
0.4045,0.97373390647597
0.4046,0.973722089488302
0.4047,0.973710270738788
0.4048,0.97369845022829
0.4049,0.97368662795767
0.405,0.973674803927787
0.4051,0.973662978139505
0.4052,0.973651150593685
0.4053,0.973639321291189
0.4054,0.97362749023288
0.4055,0.973615657419619
0.4056,0.97360382285227
0.4057,0.973591986531696
0.4058,0.973580148458759
0.4059,0.973568308634324
0.406,0.973556467059253
0.4061,0.973544623734412
0.4062,0.973532778660663
0.4063,0.973520931838871
0.4064,0.9735090832699
0.4065,0.973497232954616
0.4066,0.973485380893883
0.4067,0.973473527088566
0.4068,0.973461671539531
0.4069,0.973449814247643
0.407,0.973437955213768
0.4071,0.973426094438771
0.4072,0.97341423192352
0.4073,0.973402367668881
0.4074,0.97339050167572
0.4075,0.973378633944905
0.4076,0.973366764477301
0.4077,0.973354893273777
0.4078,0.9733430203352
0.4079,0.973331145662437
0.408,0.973319269256357
0.4081,0.973307391117828
0.4082,0.973295511247717
0.4083,0.973283629646894
0.4084,0.973271746316227
0.4085,0.973259861256586
0.4086,0.973247974468838
0.4087,0.973236085953855
0.4088,0.973224195712506
0.4089,0.973212303745659
0.409,0.973200410054187
0.4091,0.973188514638958
0.4092,0.973176617500844
0.4093,0.973164718640715
0.4094,0.973152818059443
0.4095,0.973140915757897
0.4096,0.973129011736951
0.4097,0.973117105997475
0.4098,0.973105198540341
0.4099,0.973093289366421
0.41,0.973081378476588
0.4101,0.973069465871714
0.4102,0.973057551552671
0.4103,0.973045635520333
0.4104,0.973033717775572
0.4105,0.973021798319262
0.4106,0.973009877152276
0.4107,0.972997954275489
0.4108,0.972986029689774
0.4109,0.972974103396006
0.411,0.972962175395058
0.4111,0.972950245687805
0.4112,0.972938314275123
0.4113,0.972926381157886
0.4114,0.972914446336969
0.4115,0.972902509813249
0.4116,0.9728905715876
0.4117,0.972878631660899
0.4118,0.972866690034022
0.4119,0.972854746707845
0.412,0.972842801683245
0.4121,0.972830854961098
0.4122,0.972818906542281
0.4123,0.972806956427672
0.4124,0.972795004618149
0.4125,0.972783051114588
0.4126,0.972771095917868
0.4127,0.972759139028867
0.4128,0.972747180448462
0.4129,0.972735220177534
0.413,0.97272325821696
0.4131,0.972711294567619
0.4132,0.97269932923039
0.4133,0.972687362206153
0.4134,0.972675393495788
0.4135,0.972663423100175
0.4136,0.972651451020192
0.4137,0.972639477256722
0.4138,0.972627501810643
0.4139,0.972615524682837
0.414,0.972603545874184
0.4141,0.972591565385567
0.4142,0.972579583217865
0.4143,0.97256759937196
0.4144,0.972555613848736
0.4145,0.972543626649072
0.4146,0.972531637773852
0.4147,0.972519647223958
0.4148,0.972507655000272
0.4149,0.972495661103678
0.415,0.972483665535058
0.4151,0.972471668295296
0.4152,0.972459669385275
0.4153,0.972447668805879
0.4154,0.972435666557992
0.4155,0.972423662642497
0.4156,0.97241165706028
0.4157,0.972399649812225
0.4158,0.972387640899217
0.4159,0.972375630322141
0.416,0.972363618081881
0.4161,0.972351604179324
0.4162,0.972339588615355
0.4163,0.97232757139086
0.4164,0.972315552506725
0.4165,0.972303531963836
0.4166,0.97229150976308
0.4167,0.972279485905343
0.4168,0.972267460391513
0.4169,0.972255433222476
0.417,0.97224340439912
0.4171,0.972231373922333
0.4172,0.972219341793003
0.4173,0.972207308012017
0.4174,0.972195272580264
0.4175,0.972183235498632
0.4176,0.972171196768009
0.4177,0.972159156389285
0.4178,0.972147114363349
0.4179,0.972135070691091
0.418,0.972123025373399
0.4181,0.972110978411164
0.4182,0.972098929805275
0.4183,0.972086879556623
0.4184,0.972074827666098
0.4185,0.97206277413459
0.4186,0.972050718962991
0.4187,0.972038662152192
0.4188,0.972026603703084
0.4189,0.972014543616558
0.419,0.972002481893506
0.4191,0.971990418534821
0.4192,0.971978353541394
0.4193,0.971966286914117
0.4194,0.971954218653883
0.4195,0.971942148761586
0.4196,0.971930077238117
0.4197,0.971918004084371
0.4198,0.97190592930124
0.4199,0.971893852889618
0.42,0.971881774850401
0.4201,0.97186969518448
0.4202,0.971857613892751
0.4203,0.971845530976108
0.4204,0.971833446435446
0.4205,0.971821360271659
0.4206,0.971809272485644
0.4207,0.971797183078295
0.4208,0.971785092050508
0.4209,0.971772999403178
0.421,0.971760905137203
0.4211,0.971748809253478
0.4212,0.9717367117529
0.4213,0.971724612636365
0.4214,0.971712511904771
0.4215,0.971700409559014
0.4216,0.971688305599991
0.4217,0.971676200028601
0.4218,0.97166409284574
0.4219,0.971651984052307
0.422,0.9716398736492
0.4221,0.971627761637318
0.4222,0.97161564801756
0.4223,0.971603532790823
0.4224,0.971591415958008
0.4225,0.971579297520013
0.4226,0.971567177477739
0.4227,0.971555055832084
0.4228,0.971542932583948
0.4229,0.971530807734232
0.423,0.971518681283837
0.4231,0.971506553233662
0.4232,0.971494423584608
0.4233,0.971482292337577
0.4234,0.97147015949347
0.4235,0.971458025053189
0.4236,0.971445889017635
0.4237,0.971433751387709
0.4238,0.971421612164314
0.4239,0.971409471348353
0.424,0.971397328940727
0.4241,0.97138518494234
0.4242,0.971373039354094
0.4243,0.971360892176894
0.4244,0.971348743411642
0.4245,0.971336593059241
0.4246,0.971324441120596
0.4247,0.971312287596611
0.4248,0.97130013248819
0.4249,0.971287975796238
0.425,0.971275817521659
0.4251,0.971263657665357
0.4252,0.971251496228239
0.4253,0.971239333211209
0.4254,0.971227168615174
0.4255,0.971215002441039
0.4256,0.971202834689709
0.4257,0.971190665362092
0.4258,0.971178494459094
0.4259,0.971166321981621
0.426,0.97115414793058
0.4261,0.971141972306878
0.4262,0.971129795111423
0.4263,0.971117616345122
0.4264,0.971105436008883
0.4265,0.971093254103614
0.4266,0.971081070630223
0.4267,0.971068885589618
0.4268,0.971056698982708
0.4269,0.971044510810402
0.427,0.971032321073609
0.4271,0.971020129773238
0.4272,0.971007936910199
0.4273,0.970995742485401
0.4274,0.970983546499755
0.4275,0.97097134895417
0.4276,0.970959149849557
0.4277,0.970946949186826
0.4278,0.970934746966888
0.4279,0.970922543190654
0.428,0.970910337859036
0.4281,0.970898130972944
0.4282,0.970885922533291
0.4283,0.970873712540988
0.4284,0.970861500996948
0.4285,0.970849287902082
0.4286,0.970837073257303
0.4287,0.970824857063524
0.4288,0.970812639321657
0.4289,0.970800420032616
0.429,0.970788199197315
0.4291,0.970775976816666
0.4292,0.970763752891584
0.4293,0.970751527422983
0.4294,0.970739300411777
0.4295,0.970727071858881
0.4296,0.970714841765208
0.4297,0.970702610131675
0.4298,0.970690376959196
0.4299,0.970678142248686
0.43,0.970665906001062
0.4301,0.970653668217238
0.4302,0.970641428898131
0.4303,0.970629188044657
0.4304,0.970616945657733
0.4305,0.970604701738276
0.4306,0.970592456287201
0.4307,0.970580209305427
0.4308,0.970567960793869
0.4309,0.970555710753447
0.431,0.970543459185077
0.4311,0.970531206089677
0.4312,0.970518951468166
0.4313,0.970506695321461
0.4314,0.970494437650482
0.4315,0.970482178456147
0.4316,0.970469917739376
0.4317,0.970457655501088
0.4318,0.970445391742201
0.4319,0.970433126463637
0.432,0.970420859666314
0.4321,0.970408591351153
0.4322,0.970396321519074
0.4323,0.970384050170998
0.4324,0.970371777307846
0.4325,0.970359502930538
0.4326,0.970347227039996
0.4327,0.970334949637142
0.4328,0.970322670722896
0.4329,0.97031039029818
0.433,0.970298108363918
0.4331,0.97028582492103
0.4332,0.97027353997044
0.4333,0.97026125351307
0.4334,0.970248965549842
0.4335,0.970236676081682
0.4336,0.97022438510951
0.4337,0.970212092634252
0.4338,0.970199798656831
0.4339,0.970187503178171
0.434,0.970175206199196
0.4341,0.970162907720831
0.4342,0.970150607744001
0.4343,0.970138306269629
0.4344,0.970126003298642
0.4345,0.970113698831965
0.4346,0.970101392870523
0.4347,0.970089085415243
0.4348,0.970076776467049
0.4349,0.970064466026868
0.435,0.970052154095627
0.4351,0.970039840674252
0.4352,0.97002752576367
0.4353,0.970015209364809
0.4354,0.970002891478595
0.4355,0.969990572105956
0.4356,0.969978251247819
0.4357,0.969965928905113
0.4358,0.969953605078766
0.4359,0.969941279769706
0.436,0.969928952978861
0.4361,0.969916624707161
0.4362,0.969904294955534
0.4363,0.96989196372491
0.4364,0.969879631016218
0.4365,0.969867296830389
0.4366,0.969854961168351
0.4367,0.969842624031034
0.4368,0.969830285419371
0.4369,0.969817945334289
0.437,0.969805603776721
0.4371,0.969793260747598
0.4372,0.96978091624785
0.4373,0.96976857027841
0.4374,0.969756222840208
0.4375,0.969743873934177
0.4376,0.969731523561249
0.4377,0.969719171722355
0.4378,0.969706818418429
0.4379,0.969694463650403
0.438,0.96968210741921
0.4381,0.969669749725783
0.4382,0.969657390571056
0.4383,0.969645029955962
0.4384,0.969632667881435
0.4385,0.969620304348409
0.4386,0.969607939357818
0.4387,0.969595572910597
0.4388,0.96958320500768
0.4389,0.969570835650002
0.439,0.969558464838499
0.4391,0.969546092574105
0.4392,0.969533718857756
0.4393,0.969521343690388
0.4394,0.969508967072936
0.4395,0.969496589006338
0.4396,0.969484209491529
0.4397,0.969471828529446
0.4398,0.969459446121026
0.4399,0.969447062267207
0.44,0.969434676968925
0.4401,0.969422290227117
0.4402,0.969409902042722
0.4403,0.969397512416678
0.4404,0.969385121349922
0.4405,0.969372728843394
0.4406,0.969360334898031
0.4407,0.969347939514772
0.4408,0.969335542694557
0.4409,0.969323144438325
0.441,0.969310744747015
0.4411,0.969298343621567
0.4412,0.96928594106292
0.4413,0.969273537072016
0.4414,0.969261131649794
0.4415,0.969248724797195
0.4416,0.969236316515159
0.4417,0.969223906804628
0.4418,0.969211495666542
0.4419,0.969199083101844
0.442,0.969186669111474
0.4421,0.969174253696375
0.4422,0.969161836857489
0.4423,0.969149418595758
0.4424,0.969136998912124
0.4425,0.96912457780753
0.4426,0.96911215528292
0.4427,0.969099731339236
0.4428,0.969087305977421
0.4429,0.96907487919842
0.443,0.969062451003176
0.4431,0.969050021392633
0.4432,0.969037590367736
0.4433,0.969025157929428
0.4434,0.969012724078655
0.4435,0.969000288816361
0.4436,0.968987852143491
0.4437,0.968975414060992
0.4438,0.968962974569807
0.4439,0.968950533670885
0.444,0.968938091365169
0.4441,0.968925647653607
0.4442,0.968913202537144
0.4443,0.968900756016729
0.4444,0.968888308093306
0.4445,0.968875858767824
0.4446,0.968863408041231
0.4447,0.968850955914472
0.4448,0.968838502388496
0.4449,0.968826047464252
0.445,0.968813591142686
0.4451,0.968801133424748
0.4452,0.968788674311385
0.4453,0.968776213803548
0.4454,0.968763751902185
0.4455,0.968751288608244
0.4456,0.968738823922677
0.4457,0.968726357846431
0.4458,0.968713890380458
0.4459,0.968701421525707
0.446,0.968688951283129
0.4461,0.968676479653674
0.4462,0.968664006638294
0.4463,0.968651532237938
0.4464,0.96863905645356
0.4465,0.968626579286109
0.4466,0.968614100736537
0.4467,0.968601620805797
0.4468,0.968589139494839
0.4469,0.968576656804618
0.447,0.968564172736084
0.4471,0.968551687290191
0.4472,0.968539200467893
0.4473,0.968526712270142
0.4474,0.968514222697891
0.4475,0.968501731752095
0.4476,0.968489239433706
0.4477,0.96847674574368
0.4478,0.96846425068297
0.4479,0.968451754252531
0.448,0.968439256453318
0.4481,0.968426757286285
0.4482,0.968414256752388
0.4483,0.968401754852582
0.4484,0.968389251587823
0.4485,0.968376746959066
0.4486,0.968364240967267
0.4487,0.968351733613383
0.4488,0.96833922489837
0.4489,0.968326714823184
0.449,0.968314203388784
0.4491,0.968301690596125
0.4492,0.968289176446165
0.4493,0.968276660939861
0.4494,0.968264144078172
0.4495,0.968251625862055
0.4496,0.968239106292468
0.4497,0.968226585370371
0.4498,0.968214063096721
0.4499,0.968201539472478
0.45,0.968189014498601
0.4501,0.968176488176048
0.4502,0.96816396050578
0.4503,0.968151431488756
0.4504,0.968138901125936
0.4505,0.96812636941828
0.4506,0.968113836366748
0.4507,0.968101301972302
0.4508,0.968088766235902
0.4509,0.968076229158508
0.451,0.968063690741083
0.4511,0.968051150984588
0.4512,0.968038609889985
0.4513,0.968026067458234
0.4514,0.9680135236903
0.4515,0.968000978587143
0.4516,0.967988432149726
0.4517,0.967975884379012
0.4518,0.967963335275965
0.4519,0.967950784841547
0.452,0.967938233076722
0.4521,0.967925679982453
0.4522,0.967913125559705
0.4523,0.967900569809441
0.4524,0.967888012732626
0.4525,0.967875454330224
0.4526,0.9678628946032
0.4527,0.967850333552519
0.4528,0.967837771179146
0.4529,0.967825207484047
0.453,0.967812642468187
0.4531,0.967800076132532
0.4532,0.967787508478048
0.4533,0.967774939505702
0.4534,0.967762369216459
0.4535,0.967749797611288
0.4536,0.967737224691153
0.4537,0.967724650457024
0.4538,0.967712074909866
0.4539,0.967699498050649
0.454,0.967686919880339
0.4541,0.967674340399904
0.4542,0.967661759610312
0.4543,0.967649177512534
0.4544,0.967636594107536
0.4545,0.967624009396288
0.4546,0.967611423379759
0.4547,0.967598836058918
0.4548,0.967586247434735
0.4549,0.967573657508179
0.455,0.967561066280221
0.4551,0.96754847375183
0.4552,0.967535879923977
0.4553,0.967523284797633
0.4554,0.967510688373769
0.4555,0.967498090653355
0.4556,0.967485491637363
0.4557,0.967472891326765
0.4558,0.967460289722532
0.4559,0.967447686825637
0.456,0.96743508263705
0.4561,0.967422477157746
0.4562,0.967409870388696
0.4563,0.967397262330873
0.4564,0.96738465298525
0.4565,0.967372042352801
0.4566,0.967359430434499
0.4567,0.967346817231317
0.4568,0.967334202744231
0.4569,0.967321586974213
0.457,0.967308969922238
0.4571,0.967296351589281
0.4572,0.967283731976316
0.4573,0.967271111084319
0.4574,0.967258488914264
0.4575,0.967245865467128
0.4576,0.967233240743886
0.4577,0.967220614745514
0.4578,0.967207987472987
0.4579,0.967195358927283
0.458,0.967182729109378
0.4581,0.967170098020247
0.4582,0.96715746566087
0.4583,0.967144832032222
0.4584,0.967132197135282
0.4585,0.967119560971026
0.4586,0.967106923540433
0.4587,0.967094284844481
0.4588,0.967081644884148
0.4589,0.967069003660413
0.459,0.967056361174254
0.4591,0.96704371742665
0.4592,0.967031072418581
0.4593,0.967018426151025
0.4594,0.967005778624962
0.4595,0.966993129841373
0.4596,0.966980479801236
0.4597,0.966967828505533
0.4598,0.966955175955245
0.4599,0.966942522151351
0.46,0.966929867094832
0.4601,0.966917210786671
0.4602,0.966904553227848
0.4603,0.966891894419344
0.4604,0.966879234362142
0.4605,0.966866573057223
0.4606,0.966853910505571
0.4607,0.966841246708166
0.4608,0.966828581665992
0.4609,0.966815915380032
0.461,0.966803247851269
0.4611,0.966790579080686
0.4612,0.966777909069267
0.4613,0.966765237817995
0.4614,0.966752565327855
0.4615,0.96673989159983
0.4616,0.966727216634906
0.4617,0.966714540434067
0.4618,0.966701862998297
0.4619,0.966689184328583
0.462,0.966676504425908
0.4621,0.966663823291259
0.4622,0.966651140925622
0.4623,0.966638457329981
0.4624,0.966625772505324
0.4625,0.966613086452637
0.4626,0.966600399172907
0.4627,0.966587710667119
0.4628,0.966575020936263
0.4629,0.966562329981324
0.463,0.96654963780329
0.4631,0.966536944403149
0.4632,0.966524249781889
0.4633,0.966511553940497
0.4634,0.966498856879963
0.4635,0.966486158601275
0.4636,0.966473459105421
0.4637,0.966460758393392
0.4638,0.966448056466175
0.4639,0.966435353324761
0.464,0.966422648970139
0.4641,0.966409943403299
0.4642,0.966397236625231
0.4643,0.966384528636925
0.4644,0.966371819439373
0.4645,0.966359109033564
0.4646,0.96634639742049
0.4647,0.966333684601143
0.4648,0.966320970576512
0.4649,0.966308255347591
0.465,0.96629553891537
0.4651,0.966282821280843
0.4652,0.966270102445001
0.4653,0.966257382408837
0.4654,0.966244661173343
0.4655,0.966231938739514
0.4656,0.966219215108341
0.4657,0.966206490280818
0.4658,0.966193764257939
0.4659,0.966181037040698
0.466,0.966168308630088
0.4661,0.966155579027104
0.4662,0.966142848232741
0.4663,0.966130116247994
0.4664,0.966117383073857
0.4665,0.966104648711325
0.4666,0.966091913161395
0.4667,0.96607917642506
0.4668,0.966066438503318
0.4669,0.966053699397164
0.467,0.966040959107595
0.4671,0.966028217635607
0.4672,0.966015474982197
0.4673,0.966002731148361
0.4674,0.965989986135098
0.4675,0.965977239943403
0.4676,0.965964492574274
0.4677,0.965951744028711
0.4678,0.965938994307709
0.4679,0.965926243412269
0.468,0.965913491343388
0.4681,0.965900738102065
0.4682,0.965887983689299
0.4683,0.965875228106088
0.4684,0.965862471353433
0.4685,0.965849713432333
0.4686,0.965836954343787
0.4687,0.965824194088795
0.4688,0.965811432668359
0.4689,0.965798670083477
0.469,0.965785906335151
0.4691,0.965773141424381
0.4692,0.96576037535217
0.4693,0.965747608119517
0.4694,0.965734839727425
0.4695,0.965722070176895
0.4696,0.965709299468929
0.4697,0.96569652760453
0.4698,0.965683754584699
0.4699,0.96567098041044
0.47,0.965658205082756
0.4701,0.965645428602648
0.4702,0.965632650971121
0.4703,0.965619872189178
0.4704,0.965607092257823
0.4705,0.96559431117806
0.4706,0.965581528950892
0.4707,0.965568745577325
0.4708,0.965555961058363
0.4709,0.96554317539501
0.471,0.965530388588273
0.4711,0.965517600639155
0.4712,0.965504811548663
0.4713,0.965492021317802
0.4714,0.965479229947578
0.4715,0.965466437438998
0.4716,0.965453643793067
0.4717,0.965440849010792
0.4718,0.965428053093181
0.4719,0.965415256041239
0.472,0.965402457855975
0.4721,0.965389658538396
0.4722,0.965376858089509
0.4723,0.965364056510323
0.4724,0.965351253801845
0.4725,0.965338449965084
0.4726,0.965325645001049
0.4727,0.965312838910747
0.4728,0.965300031695189
0.4729,0.965287223355383
0.473,0.965274413892338
0.4731,0.965261603307065
0.4732,0.965248791600574
0.4733,0.965235978773873
0.4734,0.965223164827975
0.4735,0.965210349763889
0.4736,0.965197533582625
0.4737,0.965184716285195
0.4738,0.965171897872611
0.4739,0.965159078345883
0.474,0.965146257706023
0.4741,0.965133435954044
0.4742,0.965120613090956
0.4743,0.965107789117773
0.4744,0.965094964035506
0.4745,0.96508213784517
0.4746,0.965069310547776
0.4747,0.965056482144337
0.4748,0.965043652635868
0.4749,0.965030822023381
0.475,0.965017990307891
0.4751,0.965005157490411
0.4752,0.964992323571957
0.4753,0.964979488553541
0.4754,0.96496665243618
0.4755,0.964953815220888
0.4756,0.96494097690868
0.4757,0.964928137500571
0.4758,0.964915296997577
0.4759,0.964902455400714
0.476,0.964889612710998
0.4761,0.964876768929446
0.4762,0.964863924057073
0.4763,0.964851078094896
0.4764,0.964838231043933
0.4765,0.9648253829052
0.4766,0.964812533679716
0.4767,0.964799683368496
0.4768,0.96478683197256
0.4769,0.964773979492925
0.477,0.964761125930609
0.4771,0.96474827128663
0.4772,0.964735415562009
0.4773,0.964722558757762
0.4774,0.96470970087491
0.4775,0.964696841914472
0.4776,0.964683981877467
0.4777,0.964671120764915
0.4778,0.964658258577837
0.4779,0.964645395317251
0.478,0.964632530984179
0.4781,0.964619665579642
0.4782,0.96460679910466
0.4783,0.964593931560254
0.4784,0.964581062947446
0.4785,0.964568193267257
0.4786,0.96455532252071
0.4787,0.964542450708825
0.4788,0.964529577832625
0.4789,0.964516703893133
0.479,0.964503828891371
0.4791,0.964490952828362
0.4792,0.964478075705128
0.4793,0.964465197522695
0.4794,0.964452318282084
0.4795,0.964439437984319
0.4796,0.964426556630425
0.4797,0.964413674221426
0.4798,0.964400790758346
0.4799,0.964387906242209
0.48,0.964375020674041
0.4801,0.964362134054866
0.4802,0.964349246385711
0.4803,0.9643363576676
0.4804,0.964323467901558
0.4805,0.964310577088613
0.4806,0.96429768522979
0.4807,0.964284792326115
0.4808,0.964271898378616
0.4809,0.964259003388318
0.481,0.96424610735625
0.4811,0.964233210283438
0.4812,0.964220312170909
0.4813,0.964207413019692
0.4814,0.964194512830814
0.4815,0.964181611605304
0.4816,0.964168709344189
0.4817,0.964155806048499
0.4818,0.964142901719262
0.4819,0.964129996357507
0.482,0.964117089964264
0.4821,0.964104182540561
0.4822,0.964091274087429
0.4823,0.964078364605898
0.4824,0.964065454096998
0.4825,0.964052542561758
0.4826,0.96403963000121
0.4827,0.964026716416384
0.4828,0.964013801808312
0.4829,0.964000886178024
0.483,0.963987969526552
0.4831,0.963975051854928
0.4832,0.963962133164184
0.4833,0.963949213455351
0.4834,0.963936292729463
0.4835,0.963923370987551
0.4836,0.963910448230649
0.4837,0.963897524459788
0.4838,0.963884599676004
0.4839,0.963871673880328
0.484,0.963858747073795
0.4841,0.963845819257439
0.4842,0.963832890432293
0.4843,0.963819960599392
0.4844,0.963807029759771
0.4845,0.963794097914463
0.4846,0.963781165064505
0.4847,0.963768231210932
0.4848,0.963755296354778
0.4849,0.963742360497079
0.485,0.963729423638872
0.4851,0.963716485781193
0.4852,0.963703546925077
0.4853,0.963690607071562
0.4854,0.963677666221684
0.4855,0.963664724376479
0.4856,0.963651781536986
0.4857,0.963638837704242
0.4858,0.963625892879283
0.4859,0.963612947063149
0.486,0.963600000256877
0.4861,0.963587052461505
0.4862,0.963574103678072
0.4863,0.963561153907617
0.4864,0.963548203151178
0.4865,0.963535251409795
0.4866,0.963522298684507
0.4867,0.963509344976354
0.4868,0.963496390286375
0.4869,0.963483434615611
0.487,0.963470477965103
0.4871,0.963457520335889
0.4872,0.963444561729013
0.4873,0.963431602145513
0.4874,0.963418641586431
0.4875,0.963405680052809
0.4876,0.963392717545688
0.4877,0.96337975406611
0.4878,0.963366789615118
0.4879,0.963353824193752
0.488,0.963340857803056
0.4881,0.963327890444073
0.4882,0.963314922117845
0.4883,0.963301952825416
0.4884,0.963288982567829
0.4885,0.963276011346127
0.4886,0.963263039161355
0.4887,0.963250066014556
0.4888,0.963237091906775
0.4889,0.963224116839056
0.489,0.963211140812444
0.4891,0.963198163827984
0.4892,0.96318518588672
0.4893,0.963172206989699
0.4894,0.963159227137966
0.4895,0.963146246332567
0.4896,0.963133264574547
0.4897,0.963120281864954
0.4898,0.963107298204832
0.4899,0.96309431359523
0.49,0.963081328037194
0.4901,0.963068341531771
0.4902,0.963055354080008
0.4903,0.963042365682954
0.4904,0.963029376341655
0.4905,0.96301638605716
0.4906,0.963003394830518
0.4907,0.962990402662775
0.4908,0.962977409554982
0.4909,0.962964415508187
0.491,0.962951420523439
0.4911,0.962938424601787
0.4912,0.962925427744282
0.4913,0.962912429951972
0.4914,0.962899431225908
0.4915,0.96288643156714
0.4916,0.962873430976719
0.4917,0.962860429455695
0.4918,0.962847427005119
0.4919,0.962834423626043
0.492,0.962821419319517
0.4921,0.962808414086594
0.4922,0.962795407928324
0.4923,0.962782400845761
0.4924,0.962769392839955
0.4925,0.96275638391196
0.4926,0.962743374062828
0.4927,0.962730363293612
0.4928,0.962717351605366
0.4929,0.962704338999142
0.493,0.962691325475994
0.4931,0.962678311036975
0.4932,0.962665295683141
0.4933,0.962652279415544
0.4934,0.96263926223524
0.4935,0.962626244143283
0.4936,0.962613225140728
0.4937,0.96260020522863
0.4938,0.962587184408044
0.4939,0.962574162680026
0.494,0.962561140045632
0.4941,0.962548116505918
0.4942,0.962535092061939
0.4943,0.962522066714752
0.4944,0.962509040465414
0.4945,0.962496013314982
0.4946,0.962482985264513
0.4947,0.962469956315064
0.4948,0.962456926467693
0.4949,0.962443895723457
0.495,0.962430864083415
0.4951,0.962417831548624
0.4952,0.962404798120144
0.4953,0.962391763799032
0.4954,0.962378728586347
0.4955,0.962365692483149
0.4956,0.962352655490497
0.4957,0.96233961760945
0.4958,0.962326578841068
0.4959,0.962313539186411
0.496,0.96230049864654
0.4961,0.962287457222514
0.4962,0.962274414915394
0.4963,0.962261371726242
0.4964,0.962248327656118
0.4965,0.962235282706084
0.4966,0.962222236877201
0.4967,0.962209190170532
0.4968,0.962196142587137
0.4969,0.962183094128079
0.497,0.962170044794421
0.4971,0.962156994587225
0.4972,0.962143943507554
0.4973,0.962130891556471
0.4974,0.962117838735039
0.4975,0.962104785044322
0.4976,0.962091730485384
0.4977,0.962078675059289
0.4978,0.9620656187671
0.4979,0.962052561609882
0.498,0.9620395035887
0.4981,0.962026444704618
0.4982,0.962013384958702
0.4983,0.962000324352017
0.4984,0.961987262885628
0.4985,0.961974200560602
0.4986,0.961961137378003
0.4987,0.961948073338899
0.4988,0.961935008444356
0.4989,0.96192194269544
0.499,0.961908876093218
0.4991,0.961895808638757
0.4992,0.961882740333125
0.4993,0.961869671177389
0.4994,0.961856601172617
0.4995,0.961843530319876
0.4996,0.961830458620235
0.4997,0.961817386074763
0.4998,0.961804312684527
0.4999,0.961791238450597
0.5,0.961778163374043
0.5001,0.961765087455932
0.5002,0.961752010697335
0.5003,0.961738933099321
0.5004,0.961725854662961
0.5005,0.961712775389324
0.5006,0.961699695279481
0.5007,0.961686614334502
0.5008,0.961673532555459
0.5009,0.961660449943422
0.501,0.961647366499463
0.5011,0.961634282224653
0.5012,0.961621197120064
0.5013,0.961608111186768
0.5014,0.961595024425838
0.5015,0.961581936838345
0.5016,0.961568848425362
0.5017,0.961555759187962
0.5018,0.961542669127218
0.5019,0.961529578244203
0.502,0.961516486539991
0.5021,0.961503394015656
0.5022,0.961490300672271
0.5023,0.96147720651091
0.5024,0.961464111532648
0.5025,0.96145101573856
0.5026,0.96143791912972
0.5027,0.961424821707204
0.5028,0.961411723472086
0.5029,0.961398624425443
0.503,0.96138552456835
0.5031,0.961372423901883
0.5032,0.961359322427119
0.5033,0.961346220145132
0.5034,0.961333117057001
0.5035,0.961320013163802
0.5036,0.961306908466612
0.5037,0.961293802966509
0.5038,0.961280696664569
0.5039,0.961267589561871
0.504,0.961254481659493
0.5041,0.961241372958513
0.5042,0.961228263460008
0.5043,0.961215153165059
0.5044,0.961202042074744
0.5045,0.961188930190141
0.5046,0.96117581751233
0.5047,0.961162704042391
0.5048,0.961149589781403
0.5049,0.961136474730446
0.505,0.9611233588906
0.5051,0.961110242262946
0.5052,0.961097124848565
0.5053,0.961084006648537
0.5054,0.961070887663943
0.5055,0.961057767895865
0.5056,0.961044647345383
0.5057,0.961031526013581
0.5058,0.961018403901539
0.5059,0.961005281010341
0.506,0.960992157341067
0.5061,0.960979032894802
0.5062,0.960965907672628
0.5063,0.960952781675627
0.5064,0.960939654904884
0.5065,0.960926527361481
0.5066,0.960913399046503
0.5067,0.960900269961034
0.5068,0.960887140106156
0.5069,0.960874009482956
0.507,0.960860878092518
0.5071,0.960847745935926
0.5072,0.960834613014266
0.5073,0.960821479328623
0.5074,0.960808344880082
0.5075,0.96079520966973
0.5076,0.960782073698652
0.5077,0.960768936967933
0.5078,0.960755799478662
0.5079,0.960742661231923
0.508,0.960729522228804
0.5081,0.960716382470392
0.5082,0.960703241957775
0.5083,0.96069010069204
0.5084,0.960676958674275
0.5085,0.960663815905567
0.5086,0.960650672387006
0.5087,0.960637528119679
0.5088,0.960624383104675
0.5089,0.960611237343082
0.509,0.960598090835991
0.5091,0.96058494358449
0.5092,0.960571795589669
0.5093,0.960558646852617
0.5094,0.960545497374424
0.5095,0.960532347156182
0.5096,0.960519196198979
0.5097,0.960506044503907
0.5098,0.960492892072056
0.5099,0.960479738904519
0.51,0.960466585002385
0.5101,0.960453430366747
0.5102,0.960440274998696
0.5103,0.960427118899324
0.5104,0.960413962069724
0.5105,0.960400804510987
0.5106,0.960387646224207
0.5107,0.960374487210477
0.5108,0.960361327470889
0.5109,0.960348167006536
0.511,0.960335005818514
0.5111,0.960321843907914
0.5112,0.960308681275832
0.5113,0.960295517923361
0.5114,0.960282353851596
0.5115,0.960269189061632
0.5116,0.960256023554562
0.5117,0.960242857331484
0.5118,0.960229690393491
0.5119,0.96021652274168
0.512,0.960203354377145
0.5121,0.960190185300984
0.5122,0.960177015514292
0.5123,0.960163845018166
0.5124,0.960150673813702
0.5125,0.960137501901998
0.5126,0.960124329284151
0.5127,0.960111155961258
0.5128,0.960097981934416
0.5129,0.960084807204723
0.513,0.960071631773277
0.5131,0.960058455641177
0.5132,0.96004527880952
0.5133,0.960032101279406
0.5134,0.960018923051933
0.5135,0.9600057441282
0.5136,0.959992564509307
0.5137,0.959979384196354
0.5138,0.959966203190439
0.5139,0.959953021492664
0.514,0.959939839104129
0.5141,0.959926656025934
0.5142,0.959913472259179
0.5143,0.959900287804966
0.5144,0.959887102664395
0.5145,0.959873916838569
0.5146,0.959860730328587
0.5147,0.959847543135554
0.5148,0.959834355260569
0.5149,0.959821166704736
0.515,0.959807977469157
0.5151,0.959794787554935
0.5152,0.959781596963173
0.5153,0.959768405694973
0.5154,0.95975521375144
0.5155,0.959742021133676
0.5156,0.959728827842786
0.5157,0.959715633879874
0.5158,0.959702439246044
0.5159,0.9596892439424
0.516,0.959676047970048
0.5161,0.959662851330091
0.5162,0.959649654023636
0.5163,0.959636456051788
0.5164,0.959623257415652
0.5165,0.959610058116334
0.5166,0.95959685815494
0.5167,0.959583657532578
0.5168,0.959570456250352
0.5169,0.95955725430937
0.517,0.959544051710739
0.5171,0.959530848455565
0.5172,0.959517644544957
0.5173,0.959504439980021
0.5174,0.959491234761866
0.5175,0.959478028891599
0.5176,0.95946482237033
0.5177,0.959451615199165
0.5178,0.959438407379215
0.5179,0.959425198911588
0.518,0.959411989797393
0.5181,0.95939878003774
0.5182,0.959385569633738
0.5183,0.959372358586498
0.5184,0.959359146897129
0.5185,0.959345934566742
0.5186,0.959332721596446
0.5187,0.959319507987354
0.5188,0.959306293740575
0.5189,0.959293078857222
0.519,0.959279863338405
0.5191,0.959266647185235
0.5192,0.959253430398826
0.5193,0.959240212980288
0.5194,0.959226994930735
0.5195,0.959213776251278
0.5196,0.959200556943032
0.5197,0.959187337007108
0.5198,0.95917411644462
0.5199,0.959160895256681
0.52,0.959147673444405
0.5201,0.959134451008906
0.5202,0.959121227951298
0.5203,0.959108004272695
0.5204,0.959094779974212
0.5205,0.959081555056964
0.5206,0.959068329522065
0.5207,0.959055103370631
0.5208,0.959041876603777
0.5209,0.959028649222619
0.521,0.959015421228273
0.5211,0.959002192621855
0.5212,0.958988963404481
0.5213,0.958975733577268
0.5214,0.958962503141333
0.5215,0.958949272097792
0.5216,0.958936040447764
0.5217,0.958922808192364
0.5218,0.958909575332712
0.5219,0.958896341869926
0.522,0.958883107805122
0.5221,0.95886987313942
0.5222,0.958856637873938
0.5223,0.958843402009795
0.5224,0.95883016554811
0.5225,0.958816928490003
0.5226,0.958803690836592
0.5227,0.958790452588998
0.5228,0.958777213748341
0.5229,0.95876397431574
0.523,0.958750734292316
0.5231,0.95873749367919
0.5232,0.958724252477482
0.5233,0.958711010688314
0.5234,0.958697768312806
0.5235,0.958684525352081
0.5236,0.95867128180726
0.5237,0.958658037679465
0.5238,0.958644792969817
0.5239,0.958631547679441
0.524,0.958618301809457
0.5241,0.95860505536099
0.5242,0.958591808335162
0.5243,0.958578560733096
0.5244,0.958565312555916
0.5245,0.958552063804746
0.5246,0.95853881448071
0.5247,0.958525564584931
0.5248,0.958512314118535
0.5249,0.958499063082645
0.525,0.958485811478388
0.5251,0.958472559306887
0.5252,0.958459306569269
0.5253,0.958446053266658
0.5254,0.958432799400181
0.5255,0.958419544970964
0.5256,0.958406289980132
0.5257,0.958393034428813
0.5258,0.958379778318132
0.5259,0.958366521649217
0.526,0.958353264423195
0.5261,0.958340006641193
0.5262,0.958326748304339
0.5263,0.95831348941376
0.5264,0.958300229970585
0.5265,0.958286969975942
0.5266,0.958273709430958
0.5267,0.958260448336764
0.5268,0.958247186694487
0.5269,0.958233924505258
0.527,0.958220661770205
0.5271,0.958207398490458
0.5272,0.958194134667146
0.5273,0.958180870301401
0.5274,0.958167605394351
0.5275,0.958154339947129
0.5276,0.958141073960863
0.5277,0.958127807436686
0.5278,0.958114540375728
0.5279,0.958101272779121
0.528,0.958088004647996
0.5281,0.958074735983485
0.5282,0.958061466786721
0.5283,0.958048197058835
0.5284,0.958034926800961
0.5285,0.95802165601423
0.5286,0.958008384699776
0.5287,0.957995112858731
0.5288,0.95798184049223
0.5289,0.957968567601406
0.529,0.957955294187393
0.5291,0.957942020251326
0.5292,0.957928745794337
0.5293,0.957915470817563
0.5294,0.957902195322136
0.5295,0.957888919309194
0.5296,0.95787564277987
0.5297,0.957862365735301
0.5298,0.957849088176621
0.5299,0.957835810104968
0.53,0.957822531521476
0.5301,0.957809252427283
0.5302,0.957795972823525
0.5303,0.957782692711338
0.5304,0.95776941209186
0.5305,0.957756130966228
0.5306,0.95774284933558
0.5307,0.957729567201052
0.5308,0.957716284563784
0.5309,0.957703001424912
0.531,0.957689717785576
0.5311,0.957676433646914
0.5312,0.957663149010064
0.5313,0.957649863876167
0.5314,0.95763657824636
0.5315,0.957623292121785
0.5316,0.957610005503579
0.5317,0.957596718392884
0.5318,0.95758343079084
0.5319,0.957570142698586
0.532,0.957556854117264
0.5321,0.957543565048015
0.5322,0.957530275491979
0.5323,0.957516985450298
0.5324,0.957503694924112
0.5325,0.957490403914565
0.5326,0.957477112422797
0.5327,0.957463820449952
0.5328,0.957450527997171
0.5329,0.957437235065597
0.533,0.957423941656373
0.5331,0.957410647770642
0.5332,0.957397353409548
0.5333,0.957384058574234
0.5334,0.957370763265843
0.5335,0.95735746748552
0.5336,0.957344171234409
0.5337,0.957330874513654
0.5338,0.9573175773244
0.5339,0.957304279667793
0.534,0.957290981544977
0.5341,0.957277682957097
0.5342,0.957264383905299
0.5343,0.957251084390729
0.5344,0.957237784414532
0.5345,0.957224483977856
0.5346,0.957211183081847
0.5347,0.957197881727651
0.5348,0.957184579916416
0.5349,0.957171277649288
0.535,0.957157974927415
0.5351,0.957144671751945
0.5352,0.957131368124024
0.5353,0.957118064044802
0.5354,0.957104759515427
0.5355,0.957091454537047
0.5356,0.95707814911081
0.5357,0.957064843237867
0.5358,0.957051536919365
0.5359,0.957038230156454
0.536,0.957024922950285
0.5361,0.957011615302006
0.5362,0.956998307212769
0.5363,0.956984998683723
0.5364,0.956971689716019
0.5365,0.956958380310807
0.5366,0.95694507046924
0.5367,0.956931760192467
0.5368,0.95691844948164
0.5369,0.956905138337911
0.537,0.956891826762432
0.5371,0.956878514756355
0.5372,0.956865202320832
0.5373,0.956851889457016
0.5374,0.95683857616606
0.5375,0.956825262449116
0.5376,0.956811948307338
0.5377,0.956798633741879
0.5378,0.956785318753893
0.5379,0.956772003344534
0.538,0.956758687514957
0.5381,0.956745371266314
0.5382,0.956732054599762
0.5383,0.956718737516454
0.5384,0.956705420017547
0.5385,0.956692102104195
0.5386,0.956678783777554
0.5387,0.956665465038779
0.5388,0.956652145889027
0.5389,0.956638826329453
0.539,0.956625506361215
0.5391,0.956612185985469
0.5392,0.956598865203371
0.5393,0.956585544016079
0.5394,0.95657222242475
0.5395,0.956558900430541
0.5396,0.956545578034611
0.5397,0.956532255238118
0.5398,0.956518932042219
0.5399,0.956505608448073
0.54,0.956492284456839
0.5401,0.956478960069676
0.5402,0.956465635287742
0.5403,0.956452310112198
0.5404,0.956438984544202
0.5405,0.956425658584915
0.5406,0.956412332235497
0.5407,0.956399005497107
0.5408,0.956385678370907
0.5409,0.956372350858056
0.541,0.956359022959717
0.5411,0.956345694677049
0.5412,0.956332366011215
0.5413,0.956319036963376
0.5414,0.956305707534694
0.5415,0.956292377726331
0.5416,0.956279047539449
0.5417,0.956265716975211
0.5418,0.95625238603478
0.5419,0.956239054719318
0.542,0.956225723029989
0.5421,0.956212390967956
0.5422,0.956199058534383
0.5423,0.956185725730435
0.5424,0.956172392557274
0.5425,0.956159059016065
0.5426,0.956145725107974
0.5427,0.956132390834164
0.5428,0.9561190561958
0.5429,0.956105721194049
0.543,0.956092385830074
0.5431,0.956079050105043
0.5432,0.95606571402012
0.5433,0.956052377576473
0.5434,0.956039040775267
0.5435,0.956025703617669
0.5436,0.956012366104847
0.5437,0.955999028237966
0.5438,0.955985690018194
0.5439,0.955972351446699
0.544,0.955959012524648
0.5441,0.95594567325321
0.5442,0.955932333633553
0.5443,0.955918993666845
0.5444,0.955905653354254
0.5445,0.95589231269695
0.5446,0.955878971696101
0.5447,0.955865630352878
0.5448,0.955852288668449
0.5449,0.955838946643985
0.545,0.955825604280655
0.5451,0.95581226157963
0.5452,0.95579891854208
0.5453,0.955785575169176
0.5454,0.955772231462088
0.5455,0.955758887421988
0.5456,0.955745543050048
0.5457,0.955732198347438
0.5458,0.955718853315331
0.5459,0.955705507954899
0.546,0.955692162267313
0.5461,0.955678816253748
0.5462,0.955665469915374
0.5463,0.955652123253365
0.5464,0.955638776268895
0.5465,0.955625428963136
0.5466,0.955612081337263
0.5467,0.955598733392449
0.5468,0.955585385129868
0.5469,0.955572036550695
0.547,0.955558687656104
0.5471,0.955545338447269
0.5472,0.955531988925367
0.5473,0.955518639091572
0.5474,0.95550528894706
0.5475,0.955491938493005
0.5476,0.955478587730585
0.5477,0.955465236660975
0.5478,0.955451885285352
0.5479,0.955438533604892
0.548,0.955425181620772
0.5481,0.955411829334169
0.5482,0.955398476746261
0.5483,0.955385123858225
0.5484,0.955371770671239
0.5485,0.955358417186481
0.5486,0.955345063405129
0.5487,0.955331709328362
0.5488,0.955318354957357
0.5489,0.955305000293294
0.549,0.955291645337352
0.5491,0.95527829009071
0.5492,0.955264934554548
0.5493,0.955251578730044
0.5494,0.955238222618381
0.5495,0.955224866220736
0.5496,0.955211509538292
0.5497,0.955198152572228
0.5498,0.955184795323726
0.5499,0.955171437793966
0.55,0.955158079984131
0.5501,0.955144721895402
0.5502,0.95513136352896
0.5503,0.955118004885988
0.5504,0.955104645967668
0.5505,0.955091286775182
0.5506,0.955077927309714
0.5507,0.955064567572446
0.5508,0.955051207564561
0.5509,0.955037847287243
0.551,0.955024486741676
0.5511,0.955011125929042
0.5512,0.954997764850527
0.5513,0.954984403507314
0.5514,0.954971041900588
0.5515,0.954957680031534
0.5516,0.954944317901337
0.5517,0.954930955511183
0.5518,0.954917592862256
0.5519,0.954904229955742
0.552,0.954890866792828
0.5521,0.954877503374699
0.5522,0.954864139702542
0.5523,0.954850775777543
0.5524,0.95483741160089
0.5525,0.954824047173769
0.5526,0.954810682497368
0.5527,0.954797317572874
0.5528,0.954783952401474
0.5529,0.954770586984357
0.553,0.954757221322712
0.5531,0.954743855417726
0.5532,0.954730489270588
0.5533,0.954717122882488
0.5534,0.954703756254614
0.5535,0.954690389388155
0.5536,0.954677022284301
0.5537,0.954663654944242
0.5538,0.954650287369168
0.5539,0.954636919560269
0.554,0.954623551518735
0.5541,0.954610183245757
0.5542,0.954596814742526
0.5543,0.954583446010233
0.5544,0.954570077050071
0.5545,0.954556707863229
0.5546,0.9545433384509
0.5547,0.954529968814277
0.5548,0.954516598954551
0.5549,0.954503228872915
0.555,0.954489858570562
0.5551,0.954476488048684
0.5552,0.954463117308475
0.5553,0.954449746351129
0.5554,0.954436375177838
0.5555,0.954423003789798
0.5556,0.954409632188201
0.5557,0.954396260374243
0.5558,0.954382888349118
0.5559,0.954369516114022
0.556,0.954356143670148
0.5561,0.954342771018692
0.5562,0.954329398160851
0.5563,0.954316025097819
0.5564,0.954302651830792
0.5565,0.954289278360967
0.5566,0.95427590468954
0.5567,0.954262530817707
0.5568,0.954249156746666
0.5569,0.954235782477613
0.557,0.954222408011747
0.5571,0.954209033350263
0.5572,0.954195658494361
0.5573,0.954182283445237
0.5574,0.954168908204092
0.5575,0.954155532772122
0.5576,0.954142157150526
0.5577,0.954128781340504
0.5578,0.954115405343255
0.5579,0.954102029159978
0.558,0.954088652791872
0.5581,0.954075276240138
0.5582,0.954061899505976
0.5583,0.954048522590584
0.5584,0.954035145495166
0.5585,0.95402176822092
0.5586,0.954008390769048
0.5587,0.953995013140752
0.5588,0.953981635337232
0.5589,0.95396825735969
0.559,0.953954879209329
0.5591,0.953941500887349
0.5592,0.953928122394955
0.5593,0.953914743733347
0.5594,0.95390136490373
0.5595,0.953887985907306
0.5596,0.953874606745278
0.5597,0.95386122741885
0.5598,0.953847847929226
0.5599,0.953834468277609
0.56,0.953821088465205
0.5601,0.953807708493216
0.5602,0.953794328362848
0.5603,0.953780948075306
0.5604,0.953767567631794
0.5605,0.953754187033519
0.5606,0.953740806281685
0.5607,0.953727425377499
0.5608,0.953714044322166
0.5609,0.953700663116893
0.561,0.953687281762885
0.5611,0.953673900261351
0.5612,0.953660518613496
0.5613,0.953647136820527
0.5614,0.953633754883653
0.5615,0.953620372804081
0.5616,0.953606990583019
0.5617,0.953593608221675
0.5618,0.953580225721257
0.5619,0.953566843082973
0.562,0.953553460308033
0.5621,0.953540077397645
0.5622,0.953526694353018
0.5623,0.953513311175362
0.5624,0.953499927865887
0.5625,0.953486544425803
0.5626,0.95347316085632
0.5627,0.953459777158647
0.5628,0.953446393333996
0.5629,0.953433009383577
0.563,0.953419625308602
0.5631,0.953406241110282
0.5632,0.953392856789828
0.5633,0.953379472348452
0.5634,0.953366087787366
0.5635,0.953352703107783
0.5636,0.953339318310914
0.5637,0.953325933397972
0.5638,0.953312548370171
0.5639,0.953299163228723
0.564,0.953285777974843
0.5641,0.953272392609742
0.5642,0.953259007134636
0.5643,0.953245621550738
0.5644,0.953232235859262
0.5645,0.953218850061422
0.5646,0.953205464158434
0.5647,0.953192078151513
0.5648,0.953178692041874
0.5649,0.953165305830732
0.565,0.953151919519302
0.5651,0.953138533108801
0.5652,0.953125146600445
0.5653,0.95311175999545
0.5654,0.953098373295033
0.5655,0.95308498650041
0.5656,0.953071599612798
0.5657,0.953058212633416
0.5658,0.953044825563479
0.5659,0.953031438404207
0.566,0.953018051156816
0.5661,0.953004663822525
0.5662,0.952991276402552
0.5663,0.952977888898117
0.5664,0.952964501310437
0.5665,0.952951113640732
0.5666,0.952937725890221
0.5667,0.952924338060125
0.5668,0.952910950151661
0.5669,0.952897562166051
0.567,0.952884174104515
0.5671,0.952870785968272
0.5672,0.952857397758545
0.5673,0.952844009476554
0.5674,0.952830621123519
0.5675,0.952817232700663
0.5676,0.952803844209207
0.5677,0.952790455650373
0.5678,0.952777067025382
0.5679,0.952763678335458
0.568,0.952750289581822
0.5681,0.952736900765698
0.5682,0.952723511888308
0.5683,0.952710122950876
0.5684,0.952696733954625
0.5685,0.952683344900778
0.5686,0.952669955790561
0.5687,0.952656566625196
0.5688,0.952643177405908
0.5689,0.952629788133922
0.569,0.952616398810463
0.5691,0.952603009436755
0.5692,0.952589620014024
0.5693,0.952576230543496
0.5694,0.952562841026397
0.5695,0.952549451463951
0.5696,0.952536061857386
0.5697,0.952522672207928
0.5698,0.952509282516803
0.5699,0.952495892785239
0.57,0.952482503014462
0.5701,0.952469113205701
0.5702,0.952455723360182
0.5703,0.952442333479134
0.5704,0.952428943563784
0.5705,0.952415553615361
0.5706,0.952402163635093
0.5707,0.95238877362421
0.5708,0.95237538358394
0.5709,0.952361993515512
0.571,0.952348603420156
0.5711,0.952335213299101
0.5712,0.952321823153577
0.5713,0.952308432984815
0.5714,0.952295042794044
0.5715,0.952281652582495
0.5716,0.952268262351399
0.5717,0.952254872101987
0.5718,0.952241481835491
0.5719,0.952228091553142
0.572,0.952214701256172
0.5721,0.952201310945813
0.5722,0.952187920623296
0.5723,0.952174530289855
0.5724,0.952161139946721
0.5725,0.952147749595129
0.5726,0.952134359236311
0.5727,0.9521209688715
0.5728,0.952107578501931
0.5729,0.952094188128836
0.573,0.952080797753449
0.5731,0.952067407377006
0.5732,0.952054017000741
0.5733,0.952040626625888
0.5734,0.952027236253682
0.5735,0.952013845885358
0.5736,0.952000455522153
0.5737,0.951987065165302
0.5738,0.95197367481604
0.5739,0.951960284475604
0.574,0.951946894145229
0.5741,0.951933503826154
0.5742,0.951920113519614
0.5743,0.951906723226846
0.5744,0.951893332949088
0.5745,0.951879942687578
0.5746,0.951866552443552
0.5747,0.951853162218249
0.5748,0.951839772012908
0.5749,0.951826381828766
0.575,0.951812991667063
0.5751,0.951799601529036
0.5752,0.951786211415925
0.5753,0.951772821328971
0.5754,0.951759431269411
0.5755,0.951746041238486
0.5756,0.951732651237437
0.5757,0.951719261267503
0.5758,0.951705871329925
0.5759,0.951692481425944
0.576,0.9516790915568
0.5761,0.951665701723734
0.5762,0.951652311927989
0.5763,0.951638922170805
0.5764,0.951625532453426
0.5765,0.951612142777092
0.5766,0.951598753143047
0.5767,0.951585363552532
0.5768,0.951571974006791
0.5769,0.951558584507066
0.577,0.951545195054602
0.5771,0.951531805650641
0.5772,0.951518416296427
0.5773,0.951505026993205
0.5774,0.951491637742218
0.5775,0.951478248544711
0.5776,0.951464859401929
0.5777,0.951451470315116
0.5778,0.951438081285518
0.5779,0.95142469231438
0.578,0.951411303402948
0.5781,0.951397914552467
0.5782,0.951384525764185
0.5783,0.951371137039346
0.5784,0.951357748379197
0.5785,0.951344359784985
0.5786,0.951330971257957
0.5787,0.95131758279936
0.5788,0.951304194410442
0.5789,0.95129080609245
0.579,0.951277417846633
0.5791,0.951264029674239
0.5792,0.951250641576515
0.5793,0.951237253554711
0.5794,0.951223865610076
0.5795,0.951210477743858
0.5796,0.951197089957306
0.5797,0.951183702251671
0.5798,0.951170314628202
0.5799,0.95115692708815
0.58,0.951143539632764
0.5801,0.951130152263294
0.5802,0.951116764980992
0.5803,0.951103377787108
0.5804,0.951089990682894
0.5805,0.9510766036696
0.5806,0.951063216748479
0.5807,0.951049829920783
0.5808,0.951036443187763
0.5809,0.951023056550671
0.581,0.951009670010761
0.5811,0.950996283569285
0.5812,0.950982897227497
0.5813,0.950969510986649
0.5814,0.950956124847995
0.5815,0.950942738812788
0.5816,0.950929352882283
0.5817,0.950915967057734
0.5818,0.950902581340395
0.5819,0.950889195731521
0.582,0.950875810232366
0.5821,0.950862424844185
0.5822,0.950849039568235
0.5823,0.950835654405771
0.5824,0.950822269358048
0.5825,0.950808884426322
0.5826,0.950795499611851
0.5827,0.950782114915889
0.5828,0.950768730339695
0.5829,0.950755345884525
0.583,0.950741961551635
0.5831,0.950728577342285
0.5832,0.95071519325773
0.5833,0.95070180929923
0.5834,0.950688425468041
0.5835,0.950675041765424
0.5836,0.950661658192635
0.5837,0.950648274750935
0.5838,0.950634891441582
0.5839,0.950621508265835
0.584,0.950608125224954
0.5841,0.950594742320199
0.5842,0.950581359552829
0.5843,0.950567976924105
0.5844,0.950554594435287
0.5845,0.950541212087636
0.5846,0.950527829882413
0.5847,0.950514447820879
0.5848,0.950501065904295
0.5849,0.950487684133923
0.585,0.950474302511025
0.5851,0.950460921036863
0.5852,0.950447539712699
0.5853,0.950434158539796
0.5854,0.950420777519417
0.5855,0.950407396652824
0.5856,0.950394015941281
0.5857,0.950380635386051
0.5858,0.950367254988398
0.5859,0.950353874749585
0.586,0.950340494670878
0.5861,0.95032711475354
0.5862,0.950313734998837
0.5863,0.950300355408032
0.5864,0.950286975982391
0.5865,0.950273596723179
0.5866,0.950260217631661
0.5867,0.950246838709105
0.5868,0.950233459956775
0.5869,0.950220081375937
0.587,0.95020670296786
0.5871,0.950193324733808
0.5872,0.95017994667505
0.5873,0.950166568792852
0.5874,0.950153191088482
0.5875,0.950139813563208
0.5876,0.950126436218297
0.5877,0.950113059055017
0.5878,0.950099682074637
0.5879,0.950086305278426
0.588,0.950072928667652
0.5881,0.950059552243585
0.5882,0.950046176007493
0.5883,0.950032799960646
0.5884,0.950019424104314
0.5885,0.950006048439767
0.5886,0.949992672968274
0.5887,0.949979297691108
0.5888,0.949965922609538
0.5889,0.949952547724835
0.589,0.94993917303827
0.5891,0.949925798551115
0.5892,0.949912424264641
0.5893,0.94989905018012
0.5894,0.949885676298825
0.5895,0.949872302622027
0.5896,0.949858929150999
0.5897,0.949845555887014
0.5898,0.949832182831345
0.5899,0.949818809985265
0.59,0.949805437350048
0.5901,0.949792064926967
0.5902,0.949778692717297
0.5903,0.949765320722311
0.5904,0.949751948943284
0.5905,0.949738577381491
0.5906,0.949725206038206
0.5907,0.949711834914705
0.5908,0.949698464012262
0.5909,0.949685093332155
0.591,0.949671722875657
0.5911,0.949658352644046
0.5912,0.949644982638598
0.5913,0.949631612860589
0.5914,0.949618243311296
0.5915,0.949604873991997
0.5916,0.949591504903967
0.5917,0.949578136048486
0.5918,0.94956476742683
0.5919,0.949551399040277
0.592,0.949538030890106
0.5921,0.949524662977595
0.5922,0.949511295304022
0.5923,0.949497927870667
0.5924,0.949484560678808
0.5925,0.949471193729726
0.5926,0.949457827024698
0.5927,0.949444460565006
0.5928,0.949431094351929
0.5929,0.949417728386747
0.593,0.949404362670741
0.5931,0.949390997205191
0.5932,0.949377631991379
0.5933,0.949364267030586
0.5934,0.949350902324092
0.5935,0.949337537873181
0.5936,0.949324173679134
0.5937,0.949310809743233
0.5938,0.94929744606676
0.5939,0.949284082650998
0.594,0.94927071949723
0.5941,0.949257356606739
0.5942,0.949243993980808
0.5943,0.949230631620721
0.5944,0.949217269527762
0.5945,0.949203907703215
0.5946,0.949190546148363
0.5947,0.949177184864491
0.5948,0.949163823852885
0.5949,0.949150463114828
0.595,0.949137102651606
0.5951,0.949123742464505
0.5952,0.949110382554809
0.5953,0.949097022923806
0.5954,0.949083663572781
0.5955,0.949070304503021
0.5956,0.949056945715811
0.5957,0.94904358721244
0.5958,0.949030228994193
0.5959,0.949016871062359
0.596,0.949003513418225
0.5961,0.948990156063078
0.5962,0.948976798998207
0.5963,0.9489634422249
0.5964,0.948950085744445
0.5965,0.948936729558131
0.5966,0.948923373667246
0.5967,0.948910018073081
0.5968,0.948896662776923
0.5969,0.948883307780064
0.597,0.948869953083792
0.5971,0.948856598689399
0.5972,0.948843244598174
0.5973,0.948829890811409
0.5974,0.948816537330393
0.5975,0.948803184156418
0.5976,0.948789831290775
0.5977,0.948776478734756
0.5978,0.948763126489651
0.5979,0.948749774556754
0.598,0.948736422937357
0.5981,0.948723071632751
0.5982,0.94870972064423
0.5983,0.948696369973087
0.5984,0.948683019620615
0.5985,0.948669669588106
0.5986,0.948656319876855
0.5987,0.948642970488156
0.5988,0.948629621423303
0.5989,0.94861627268359
0.599,0.948602924270311
0.5991,0.948589576184762
0.5992,0.948576228428237
0.5993,0.948562881002031
0.5994,0.948549533907441
0.5995,0.948536187145761
0.5996,0.948522840718289
0.5997,0.948509494626319
0.5998,0.948496148871149
0.5999,0.948482803454075
0.6,0.948469458376394
0.6001,0.948456113639403
0.6002,0.9484427692444
0.6003,0.948429425192682
0.6004,0.948416081485547
0.6005,0.948402738124293
0.6006,0.948389395110219
0.6007,0.948376052444623
0.6008,0.948362710128803
0.6009,0.94834936816406
0.601,0.948336026551692
0.6011,0.948322685292998
0.6012,0.948309344389279
0.6013,0.948296003841834
0.6014,0.948282663651963
0.6015,0.948269323820967
0.6016,0.948255984350147
0.6017,0.948242645240804
0.6018,0.948229306494238
0.6019,0.948215968111752
0.602,0.948202630094646
0.6021,0.948189292444222
0.6022,0.948175955161784
0.6023,0.948162618248632
0.6024,0.94814928170607
0.6025,0.9481359455354
0.6026,0.948122609737926
0.6027,0.94810927431495
0.6028,0.948095939267776
0.6029,0.948082604597708
0.603,0.94806927030605
0.6031,0.948055936394106
0.6032,0.948042602863181
0.6033,0.948029269714579
0.6034,0.948015936949606
0.6035,0.948002604569566
0.6036,0.947989272575764
0.6037,0.947975940969507
0.6038,0.9479626097521
0.6039,0.947949278924849
0.604,0.947935948489061
0.6041,0.947922618446043
0.6042,0.9479092887971
0.6043,0.94789595954354
0.6044,0.94788263068667
0.6045,0.947869302227799
0.6046,0.947855974168233
0.6047,0.94784264650928
0.6048,0.947829319252249
0.6049,0.947815992398448
0.605,0.947802665949187
0.6051,0.947789339905773
0.6052,0.947776014269516
0.6053,0.947762689041725
0.6054,0.947749364223711
0.6055,0.947736039816782
0.6056,0.94772271582225
0.6057,0.947709392241423
0.6058,0.947696069075613
0.6059,0.947682746326131
0.606,0.947669423994288
0.6061,0.947656102081395
0.6062,0.947642780588763
0.6063,0.947629459517704
0.6064,0.947616138869531
0.6065,0.947602818645555
0.6066,0.947589498847089
0.6067,0.947576179475446
0.6068,0.947562860531939
0.6069,0.947549542017881
0.607,0.947536223934585
0.6071,0.947522906283364
0.6072,0.947509589065534
0.6073,0.947496272282408
0.6074,0.9474829559353
0.6075,0.947469640025524
0.6076,0.947456324554397
0.6077,0.947443009523233
0.6078,0.947429694933347
0.6079,0.947416380786055
0.608,0.947403067082671
0.6081,0.947389753824514
0.6082,0.947376441012898
0.6083,0.94736312864914
0.6084,0.947349816734556
0.6085,0.947336505270465
0.6086,0.947323194258182
0.6087,0.947309883699026
0.6088,0.947296573594314
0.6089,0.947283263945364
0.609,0.947269954753494
0.6091,0.947256646020023
0.6092,0.947243337746268
0.6093,0.94723002993355
0.6094,0.947216722583188
0.6095,0.947203415696499
0.6096,0.947190109274805
0.6097,0.947176803319424
0.6098,0.947163497831678
0.6099,0.947150192812886
0.61,0.947136888264368
0.6101,0.947123584187446
0.6102,0.94711028058344
0.6103,0.947096977453672
0.6104,0.947083674799463
0.6105,0.947070372622134
0.6106,0.947057070923008
0.6107,0.947043769703406
0.6108,0.947030468964652
0.6109,0.947017168708068
0.611,0.947003868934977
0.6111,0.946990569646701
0.6112,0.946977270844566
0.6113,0.946963972529892
0.6114,0.946950674704006
0.6115,0.94693737736823
0.6116,0.94692408052389
0.6117,0.946910784172309
0.6118,0.946897488314813
0.6119,0.946884192952727
0.612,0.946870898087375
0.6121,0.946857603720083
0.6122,0.946844309852177
0.6123,0.946831016484984
0.6124,0.946817723619828
0.6125,0.946804431258037
0.6126,0.946791139400937
0.6127,0.946777848049854
0.6128,0.946764557206118
0.6129,0.946751266871053
0.613,0.946737977045989
0.6131,0.946724687732254
0.6132,0.946711398931174
0.6133,0.946698110644079
0.6134,0.946684822872297
0.6135,0.946671535617157
0.6136,0.946658248879987
0.6137,0.946644962662119
0.6138,0.94663167696488
0.6139,0.946618391789601
0.614,0.946605107137611
0.6141,0.946591823010241
0.6142,0.946578539408822
0.6143,0.946565256334684
0.6144,0.946551973789158
0.6145,0.946538691773575
0.6146,0.946525410289266
0.6147,0.946512129337564
0.6148,0.9464988489198
0.6149,0.946485569037306
0.615,0.946472289691416
0.6151,0.94645901088346
0.6152,0.946445732614773
0.6153,0.946432454886688
0.6154,0.946419177700537
0.6155,0.946405901057655
0.6156,0.946392624959374
0.6157,0.94637934940703
0.6158,0.946366074401957
0.6159,0.946352799945488
0.616,0.946339526038959
0.6161,0.946326252683704
0.6162,0.94631297988106
0.6163,0.946299707632361
0.6164,0.946286435938943
0.6165,0.946273164802142
0.6166,0.946259894223294
0.6167,0.946246624203737
0.6168,0.946233354744805
0.6169,0.946220085847837
0.617,0.94620681751417
0.6171,0.94619354974514
0.6172,0.946180282542086
0.6173,0.946167015906345
0.6174,0.946153749839256
0.6175,0.946140484342156
0.6176,0.946127219416385
0.6177,0.94611395506328
0.6178,0.946100691284182
0.6179,0.946087428080429
0.618,0.946074165453361
0.6181,0.946060903404318
0.6182,0.946047641934639
0.6183,0.946034381045666
0.6184,0.946021120738737
0.6185,0.946007861015195
0.6186,0.945994601876381
0.6187,0.945981343323635
0.6188,0.945968085358299
0.6189,0.945954827981715
0.619,0.945941571195224
0.6191,0.945928315000168
0.6192,0.945915059397891
0.6193,0.945901804389734
0.6194,0.94588854997704
0.6195,0.945875296161153
0.6196,0.945862042943416
0.6197,0.945848790325172
0.6198,0.945835538307766
0.6199,0.94582228689254
0.62,0.94580903608084
0.6201,0.945795785874011
0.6202,0.945782536273397
0.6203,0.945769287280342
0.6204,0.945756038896193
0.6205,0.945742791122295
0.6206,0.945729543959993
0.6207,0.945716297410633
0.6208,0.945703051475563
0.6209,0.945689806156127
0.621,0.945676561453673
0.6211,0.945663317369548
0.6212,0.945650073905098
0.6213,0.945636831061672
0.6214,0.945623588840616
0.6215,0.94561034724328
0.6216,0.945597106271009
0.6217,0.945583865925155
0.6218,0.945570626207064
0.6219,0.945557387118086
0.622,0.94554414865957
0.6221,0.945530910832865
0.6222,0.94551767363932
0.6223,0.945504437080286
0.6224,0.945491201157113
0.6225,0.945477965871151
0.6226,0.94546473122375
0.6227,0.945451497216261
0.6228,0.945438263850035
0.6229,0.945425031126423
0.623,0.945411799046778
0.6231,0.94539856761245
0.6232,0.945385336824791
0.6233,0.945372106685154
0.6234,0.945358877194892
0.6235,0.945345648355356
0.6236,0.9453324201679
0.6237,0.945319192633877
0.6238,0.94530596575464
0.6239,0.945292739531544
0.624,0.94527951396594
0.6241,0.945266289059185
0.6242,0.945253064812632
0.6243,0.945239841227636
0.6244,0.945226618305551
0.6245,0.945213396047734
0.6246,0.945200174455538
0.6247,0.945186953530321
0.6248,0.945173733273436
0.6249,0.945160513686241
0.625,0.945147294770092
0.6251,0.945134076526345
0.6252,0.945120858956356
0.6253,0.945107642061483
0.6254,0.945094425843084
0.6255,0.945081210302515
0.6256,0.945067995441134
0.6257,0.9450547812603
0.6258,0.94504156776137
0.6259,0.945028354945703
0.626,0.945015142814658
0.6261,0.945001931369593
0.6262,0.944988720611868
0.6263,0.944975510542842
0.6264,0.944962301163875
0.6265,0.944949092476326
0.6266,0.944935884481556
0.6267,0.944922677180924
0.6268,0.944909470575792
0.6269,0.944896264667521
0.627,0.944883059457471
0.6271,0.944869854947003
0.6272,0.94485665113748
0.6273,0.944843448030262
0.6274,0.944830245626713
0.6275,0.944817043928194
0.6276,0.944803842936068
0.6277,0.944790642651698
0.6278,0.944777443076446
0.6279,0.944764244211676
0.628,0.944751046058751
0.6281,0.944737848619036
0.6282,0.944724651893893
0.6283,0.944711455884688
0.6284,0.944698260592784
0.6285,0.944685066019546
0.6286,0.94467187216634
0.6287,0.94465867903453
0.6288,0.944645486625483
0.6289,0.944632294940562
0.629,0.944619103981135
0.6291,0.944605913748568
0.6292,0.944592724244227
0.6293,0.944579535469478
0.6294,0.944566347425688
0.6295,0.944553160114225
0.6296,0.944539973536455
0.6297,0.944526787693747
0.6298,0.944513602587467
0.6299,0.944500418218985
0.63,0.944487234589668
0.6301,0.944474051700885
0.6302,0.944460869554005
0.6303,0.944447688150397
0.6304,0.94443450749143
0.6305,0.944421327578474
0.6306,0.944408148412897
0.6307,0.944394969996071
0.6308,0.944381792329366
0.6309,0.944368615414151
0.631,0.944355439251798
0.6311,0.944342263843678
0.6312,0.944329089191161
0.6313,0.944315915295619
0.6314,0.944302742158424
0.6315,0.944289569780948
0.6316,0.944276398164563
0.6317,0.944263227310641
0.6318,0.944250057220555
0.6319,0.944236887895678
0.632,0.944223719337383
0.6321,0.944210551547043
0.6322,0.944197384526031
0.6323,0.944184218275722
0.6324,0.94417105279749
0.6325,0.944157888092708
0.6326,0.944144724162752
0.6327,0.944131561008996
0.6328,0.944118398632816
0.6329,0.944105237035586
0.633,0.944092076218682
0.6331,0.94407891618348
0.6332,0.944065756931357
0.6333,0.944052598463687
0.6334,0.944039440781847
0.6335,0.944026283887215
0.6336,0.944013127781167
0.6337,0.943999972465081
0.6338,0.943986817940334
0.6339,0.943973664208303
0.634,0.943960511270368
0.6341,0.943947359127905
0.6342,0.943934207782294
0.6343,0.943921057234912
0.6344,0.94390790748714
0.6345,0.943894758540357
0.6346,0.94388161039594
0.6347,0.943868463055271
0.6348,0.943855316519729
0.6349,0.943842170790694
0.635,0.943829025869547
0.6351,0.943815881757668
0.6352,0.943802738456438
0.6353,0.943789595967238
0.6354,0.94377645429145
0.6355,0.943763313430454
0.6356,0.943750173385633
0.6357,0.943737034158369
0.6358,0.943723895750044
0.6359,0.94371075816204
0.636,0.943697621395742
0.6361,0.94368448545253
0.6362,0.94367135033379
0.6363,0.943658216040903
0.6364,0.943645082575255
0.6365,0.943631949938229
0.6366,0.943618818131208
0.6367,0.943605687155579
0.6368,0.943592557012725
0.6369,0.943579427704032
0.637,0.943566299230883
0.6371,0.943553171594666
0.6372,0.943540044796766
0.6373,0.943526918838568
0.6374,0.943513793721459
0.6375,0.943500669446825
0.6376,0.943487546016053
0.6377,0.943474423430529
0.6378,0.943461301691642
0.6379,0.943448180800777
0.638,0.943435060759324
0.6381,0.94342194156867
0.6382,0.943408823230202
0.6383,0.943395705745309
0.6384,0.94338258911538
0.6385,0.943369473341804
0.6386,0.94335635842597
0.6387,0.943343244369266
0.6388,0.943330131173084
0.6389,0.943317018838812
0.639,0.943303907367841
0.6391,0.94329079676156
0.6392,0.943277687021362
0.6393,0.943264578148635
0.6394,0.943251470144772
0.6395,0.943238363011162
0.6396,0.9432252567492
0.6397,0.943212151360274
0.6398,0.943199046845779
0.6399,0.943185943207106
0.64,0.943172840445647
0.6401,0.943159738562796
0.6402,0.943146637559946
0.6403,0.943133537438488
0.6404,0.943120438199819
0.6405,0.943107339845329
0.6406,0.943094242376415
0.6407,0.943081145794469
0.6408,0.943068050100887
0.6409,0.943054955297063
0.641,0.943041861384392
0.6411,0.943028768364269
0.6412,0.94301567623809
0.6413,0.943002585007249
0.6414,0.942989494673143
0.6415,0.942976405237168
0.6416,0.942963316700721
0.6417,0.942950229065199
0.6418,0.942937142331997
0.6419,0.942924056502513
0.642,0.942910971578145
0.6421,0.94289788756029
0.6422,0.942884804450346
0.6423,0.942871722249711
0.6424,0.942858640959783
0.6425,0.942845560581961
0.6426,0.942832481117644
0.6427,0.942819402568231
0.6428,0.942806324935121
0.6429,0.942793248219714
0.643,0.942780172423409
0.6431,0.942767097547606
0.6432,0.942754023593706
0.6433,0.94274095056311
0.6434,0.942727878457217
0.6435,0.94271480727743
0.6436,0.942701737025149
0.6437,0.942688667701776
0.6438,0.942675599308712
0.6439,0.94266253184736
0.644,0.942649465319122
0.6441,0.942636399725401
0.6442,0.942623335067598
0.6443,0.942610271347116
0.6444,0.94259720856536
0.6445,0.942584146723732
0.6446,0.942571085823636
0.6447,0.942558025866477
0.6448,0.942544966853658
0.6449,0.942531908786584
0.645,0.942518851666659
0.6451,0.942505795495289
0.6452,0.942492740273878
0.6453,0.942479686003832
0.6454,0.942466632686557
0.6455,0.942453580323458
0.6456,0.942440528915942
0.6457,0.942427478465415
0.6458,0.942414428973284
0.6459,0.942401380440955
0.646,0.942388332869836
0.6461,0.942375286261334
0.6462,0.942362240616857
0.6463,0.942349195937812
0.6464,0.942336152225607
0.6465,0.942323109481652
0.6466,0.942310067707353
0.6467,0.942297026904122
0.6468,0.942283987073365
0.6469,0.942270948216493
0.647,0.942257910334916
0.6471,0.942244873430043
0.6472,0.942231837503284
0.6473,0.94221880255605
0.6474,0.942205768589751
0.6475,0.942192735605797
0.6476,0.942179703605601
0.6477,0.942166672590573
0.6478,0.942153642562124
0.6479,0.942140613521666
0.648,0.942127585470612
0.6481,0.942114558410373
0.6482,0.942101532342362
0.6483,0.942088507267992
0.6484,0.942075483188677
0.6485,0.942062460105828
0.6486,0.942049438020859
0.6487,0.942036416935186
0.6488,0.94202339685022
0.6489,0.942010377767377
0.649,0.941997359688071
0.6491,0.941984342613716
0.6492,0.941971326545728
0.6493,0.941958311485521
0.6494,0.941945297434512
0.6495,0.941932284394116
0.6496,0.941919272365748
0.6497,0.941906261350825
0.6498,0.941893251350764
0.6499,0.941880242366981
0.65,0.941867234400893
0.6501,0.941854227453917
0.6502,0.941841221527471
0.6503,0.941828216622971
0.6504,0.941815212741837
0.6505,0.941802209885486
0.6506,0.941789208055337
0.6507,0.941776207252808
0.6508,0.941763207479319
0.6509,0.941750208736287
0.651,0.941737211025134
0.6511,0.941724214347277
0.6512,0.941711218704138
0.6513,0.941698224097136
0.6514,0.941685230527691
0.6515,0.941672237997225
0.6516,0.941659246507157
0.6517,0.94164625605891
0.6518,0.941633266653904
0.6519,0.941620278293561
0.652,0.941607290979303
0.6521,0.941594304712552
0.6522,0.94158131949473
0.6523,0.941568335327259
0.6524,0.941555352211564
0.6525,0.941542370149066
0.6526,0.941529389141189
0.6527,0.941516409189356
0.6528,0.941503430294992
0.6529,0.941490452459519
0.653,0.941477475684364
0.6531,0.94146449997095
0.6532,0.941451525320702
0.6533,0.941438551735046
0.6534,0.941425579215405
0.6535,0.941412607763206
0.6536,0.941399637379874
0.6537,0.941386668066836
0.6538,0.941373699825518
0.6539,0.941360732657346
0.654,0.941347766563746
0.6541,0.941334801546147
0.6542,0.941321837605975
0.6543,0.941308874744658
0.6544,0.941295912963624
0.6545,0.9412829522643
0.6546,0.941269992648115
0.6547,0.941257034116497
0.6548,0.941244076670875
0.6549,0.941231120312678
0.655,0.941218165043335
0.6551,0.941205210864276
0.6552,0.94119225777693
0.6553,0.941179305782727
0.6554,0.941166354883098
0.6555,0.941153405079472
0.6556,0.941140456373281
0.6557,0.941127508765956
0.6558,0.941114562258927
0.6559,0.941101616853627
0.656,0.941088672551486
0.6561,0.941075729353936
0.6562,0.941062787262411
0.6563,0.941049846278341
0.6564,0.941036906403161
0.6565,0.941023967638302
0.6566,0.941011029985198
0.6567,0.940998093445283
0.6568,0.94098515801999
0.6569,0.940972223710753
0.657,0.940959290519006
0.6571,0.940946358446183
0.6572,0.940933427493719
0.6573,0.94092049766305
0.6574,0.94090756895561
0.6575,0.940894641372835
0.6576,0.94088171491616
0.6577,0.940868789587021
0.6578,0.940855865386855
0.6579,0.940842942317097
0.658,0.940830020379185
0.6581,0.940817099574555
0.6582,0.940804179904644
0.6583,0.940791261370889
0.6584,0.940778343974729
0.6585,0.940765427717602
0.6586,0.940752512600944
0.6587,0.940739598626196
0.6588,0.940726685794794
0.6589,0.940713774108179
0.659,0.940700863567789
0.6591,0.940687954175063
0.6592,0.940675045931442
0.6593,0.940662138838364
0.6594,0.940649232897271
0.6595,0.940636328109602
0.6596,0.940623424476798
0.6597,0.940610522000299
0.6598,0.940597620681548
0.6599,0.940584720521985
0.66,0.940571821523052
0.6601,0.94055892368619
0.6602,0.940546027012843
0.6603,0.940533131504451
0.6604,0.940520237162458
0.6605,0.940507343988306
0.6606,0.940494451983438
0.6607,0.940481561149298
0.6608,0.94046867148733
0.6609,0.940455782998976
0.661,0.940442895685682
0.6611,0.940430009548891
0.6612,0.940417124590048
0.6613,0.940404240810597
0.6614,0.940391358211984
0.6615,0.940378476795655
0.6616,0.940365596563054
0.6617,0.940352717515628
0.6618,0.940339839654822
0.6619,0.940326962982083
0.662,0.940314087498858
0.6621,0.940301213206593
0.6622,0.940288340106735
0.6623,0.940275468200731
0.6624,0.94026259749003
0.6625,0.940249727976078
0.6626,0.940236859660325
0.6627,0.940223992544217
0.6628,0.940211126629204
0.6629,0.940198261916734
0.663,0.940185398408257
0.6631,0.940172536105221
0.6632,0.940159675009077
0.6633,0.940146815121273
0.6634,0.94013395644326
0.6635,0.940121098976488
0.6636,0.940108242722408
0.6637,0.940095387682471
0.6638,0.940082533858126
0.6639,0.940069681250827
0.664,0.940056829862024
0.6641,0.940043979693168
0.6642,0.940031130745713
0.6643,0.940018283021109
0.6644,0.940005436520811
0.6645,0.93999259124627
0.6646,0.93997974719894
0.6647,0.939966904380274
0.6648,0.939954062791725
0.6649,0.939941222434747
0.665,0.939928383310794
0.6651,0.93991554542132
0.6652,0.939902708767781
0.6653,0.93988987335163
0.6654,0.939877039174322
0.6655,0.939864206237314
0.6656,0.939851374542059
0.6657,0.939838544090015
0.6658,0.939825714882637
0.6659,0.939812886921381
0.666,0.939800060207704
0.6661,0.939787234743063
0.6662,0.939774410528914
0.6663,0.939761587566715
0.6664,0.939748765857924
0.6665,0.939735945403997
0.6666,0.939723126206394
0.6667,0.939710308266572
0.6668,0.939697491585989
0.6669,0.939684676166105
0.667,0.939671862008378
0.6671,0.939659049114269
0.6672,0.939646237485235
0.6673,0.939633427122737
0.6674,0.939620618028235
0.6675,0.939607810203189
0.6676,0.93959500364906
0.6677,0.939582198367308
0.6678,0.939569394359395
0.6679,0.939556591626781
0.668,0.939543790170928
0.6681,0.939530989993298
0.6682,0.939518191095352
0.6683,0.939505393478554
0.6684,0.939492597144365
0.6685,0.939479802094248
0.6686,0.939467008329666
0.6687,0.939454215852083
0.6688,0.939441424662962
0.6689,0.939428634763766
0.669,0.93941584615596
0.6691,0.939403058841008
0.6692,0.939390272820374
0.6693,0.939377488095524
0.6694,0.939364704667922
0.6695,0.939351922539033
0.6696,0.939339141710323
0.6697,0.939326362183257
0.6698,0.939313583959302
0.6699,0.939300807039923
0.67,0.939288031426588
0.6701,0.939275257120763
0.6702,0.939262484123915
0.6703,0.939249712437512
0.6704,0.939236942063019
0.6705,0.939224173001907
0.6706,0.939211405255642
0.6707,0.939198638825692
0.6708,0.939185873713527
0.6709,0.939173109920615
0.671,0.939160347448424
0.6711,0.939147586298425
0.6712,0.939134826472086
0.6713,0.939122067970877
0.6714,0.93910931079627
0.6715,0.939096554949732
0.6716,0.939083800432736
0.6717,0.939071047246752
0.6718,0.93905829539325
0.6719,0.939045544873703
0.672,0.939032795689581
0.6721,0.939020047842357
0.6722,0.939007301333502
0.6723,0.938994556164489
0.6724,0.938981812336791
0.6725,0.938969069851879
0.6726,0.938956328711227
0.6727,0.938943588916309
0.6728,0.938930850468598
0.6729,0.938918113369568
0.673,0.938905377620692
0.6731,0.938892643223444
0.6732,0.9388799101793
0.6733,0.938867178489734
0.6734,0.938854448156222
0.6735,0.938841719180237
0.6736,0.938828991563257
0.6737,0.938816265306756
0.6738,0.938803540412211
0.6739,0.938790816881098
0.674,0.938778094714893
0.6741,0.938765373915074
0.6742,0.938752654483117
0.6743,0.9387399364205
0.6744,0.9387272197287
0.6745,0.938714504409195
0.6746,0.938701790463463
0.6747,0.938689077892982
0.6748,0.93867636669923
0.6749,0.938663656883687
0.675,0.938650948447832
0.6751,0.938638241393144
0.6752,0.938625535721103
0.6753,0.938612831433188
0.6754,0.938600128530879
0.6755,0.938587427015657
0.6756,0.938574726889002
0.6757,0.938562028152395
0.6758,0.938549330807318
0.6759,0.938536634855251
0.676,0.938523940297676
0.6761,0.938511247136075
0.6762,0.938498555371929
0.6763,0.938485865006721
0.6764,0.938473176041935
0.6765,0.938460488479051
0.6766,0.938447802319555
0.6767,0.938435117564928
0.6768,0.938422434216655
0.6769,0.938409752276219
0.677,0.938397071745105
0.6771,0.938384392624796
0.6772,0.938371714916778
0.6773,0.938359038622535
0.6774,0.938346363743553
0.6775,0.938333690281316
0.6776,0.938321018237311
0.6777,0.938308347613022
0.6778,0.938295678409938
0.6779,0.938283010629542
0.678,0.938270344273323
0.6781,0.938257679342768
0.6782,0.938245015839362
0.6783,0.938232353764595
0.6784,0.938219693119952
0.6785,0.938207033906922
0.6786,0.938194376126994
0.6787,0.938181719781655
0.6788,0.938169064872394
0.6789,0.9381564114007
0.679,0.938143759368063
0.6791,0.938131108775971
0.6792,0.938118459625914
0.6793,0.938105811919383
0.6794,0.938093165657868
0.6795,0.938080520842858
0.6796,0.938067877475845
0.6797,0.938055235558318
0.6798,0.938042595091771
0.6799,0.938029956077693
0.68,0.938017318517577
0.6801,0.938004682412914
0.6802,0.937992047765197
0.6803,0.937979414575918
0.6804,0.93796678284657
0.6805,0.937954152578646
0.6806,0.937941523773639
0.6807,0.937928896433042
0.6808,0.937916270558349
0.6809,0.937903646151055
0.681,0.937891023212652
0.6811,0.937878401744637
0.6812,0.937865781748503
0.6813,0.937853163225745
0.6814,0.937840546177859
0.6815,0.93782793060634
0.6816,0.937815316512684
0.6817,0.937802703898387
0.6818,0.937790092764944
0.6819,0.937777483113853
0.682,0.937764874946611
0.6821,0.937752268264713
0.6822,0.937739663069658
0.6823,0.937727059362944
0.6824,0.937714457146067
0.6825,0.937701856420526
0.6826,0.937689257187818
0.6827,0.937676659449444
0.6828,0.9376640632069
0.6829,0.937651468461687
0.683,0.937638875215303
0.6831,0.937626283469248
0.6832,0.937613693225022
0.6833,0.937601104484125
0.6834,0.937588517248057
0.6835,0.937575931518319
0.6836,0.937563347296411
0.6837,0.937550764583835
0.6838,0.937538183382093
0.6839,0.937525603692684
0.684,0.937513025517113
0.6841,0.937500448856879
0.6842,0.937487873713487
0.6843,0.937475300088438
0.6844,0.937462727983235
0.6845,0.937450157399381
0.6846,0.93743758833838
0.6847,0.937425020801735
0.6848,0.93741245479095
0.6849,0.937399890307529
0.685,0.937387327352976
0.6851,0.937374765928797
0.6852,0.937362206036495
0.6853,0.937349647677577
0.6854,0.937337090853547
0.6855,0.937324535565911
0.6856,0.937311981816176
0.6857,0.937299429605846
0.6858,0.937286878936429
0.6859,0.937274329809431
0.686,0.93726178222636
0.6861,0.937249236188721
0.6862,0.937236691698024
0.6863,0.937224148755775
0.6864,0.937211607363482
0.6865,0.937199067522654
0.6866,0.9371865292348
0.6867,0.937173992501427
0.6868,0.937161457324044
0.6869,0.937148923704161
0.687,0.937136391643288
0.6871,0.937123861142935
0.6872,0.93711133220461
0.6873,0.937098804829825
0.6874,0.937086279020089
0.6875,0.937073754776914
0.6876,0.937061232101811
0.6877,0.937048710996291
0.6878,0.937036191461864
0.6879,0.937023673500044
0.688,0.937011157112342
0.6881,0.93699864230027
0.6882,0.936986129065341
0.6883,0.936973617409068
0.6884,0.936961107332963
0.6885,0.936948598838541
0.6886,0.936936091927314
0.6887,0.936923586600796
0.6888,0.936911082860502
0.6889,0.936898580707946
0.689,0.936886080144642
0.6891,0.936873581172105
0.6892,0.936861083791849
0.6893,0.936848588005392
0.6894,0.936836093814247
0.6895,0.936823601219931
0.6896,0.936811110223961
0.6897,0.936798620827852
0.6898,0.936786133033121
0.6899,0.936773646841285
0.69,0.936761162253861
0.6901,0.936748679272366
0.6902,0.936736197898318
0.6903,0.936723718133235
0.6904,0.936711239978635
0.6905,0.936698763436037
0.6906,0.936686288506959
0.6907,0.93667381519292
0.6908,0.93666134349544
0.6909,0.936648873416037
0.691,0.936636404956231
0.6911,0.936623938117544
0.6912,0.936611472901493
0.6913,0.936599009309601
0.6914,0.936586547343388
0.6915,0.936574087004374
0.6916,0.936561628294082
0.6917,0.936549171214032
0.6918,0.936536715765746
0.6919,0.936524261950746
0.692,0.936511809770555
0.6921,0.936499359226695
0.6922,0.936486910320689
0.6923,0.93647446305406
0.6924,0.936462017428331
0.6925,0.936449573445025
0.6926,0.936437131105667
0.6927,0.93642469041178
0.6928,0.936412251364889
0.6929,0.936399813966519
0.693,0.936387378218194
0.6931,0.936374944121439
0.6932,0.93636251167778
0.6933,0.936350080888742
0.6934,0.936337651755851
0.6935,0.936325224280634
0.6936,0.936312798464615
0.6937,0.936300374309323
0.6938,0.936287951816284
0.6939,0.936275530987026
0.694,0.936263111823074
0.6941,0.936250694325959
0.6942,0.936238278497206
0.6943,0.936225864338345
0.6944,0.936213451850904
0.6945,0.936201041036412
0.6946,0.936188631896397
0.6947,0.936176224432388
0.6948,0.936163818645916
0.6949,0.93615141453851
0.695,0.9361390121117
0.6951,0.936126611367016
0.6952,0.936114212305988
0.6953,0.936101814930147
0.6954,0.936089419241025
0.6955,0.936077025240153
0.6956,0.936064632929062
0.6957,0.936052242309283
0.6958,0.93603985338235
0.6959,0.936027466149793
0.696,0.936015080613147
0.6961,0.936002696773943
0.6962,0.935990314633715
0.6963,0.935977934193995
0.6964,0.935965555456318
0.6965,0.935953178422217
0.6966,0.935940803093226
0.6967,0.935928429470881
0.6968,0.935916057556714
0.6969,0.935903687352262
0.697,0.935891318859059
0.6971,0.935878952078641
0.6972,0.935866587012543
0.6973,0.935854223662302
0.6974,0.935841862029454
0.6975,0.935829502115534
0.6976,0.93581714392208
0.6977,0.935804787450629
0.6978,0.935792432702718
0.6979,0.935780079679883
0.698,0.935767728383664
0.6981,0.935755378815598
0.6982,0.935743030977222
0.6983,0.935730684870076
0.6984,0.935718340495699
0.6985,0.935705997855629
0.6986,0.935693656951406
0.6987,0.935681317784569
0.6988,0.935668980356658
0.6989,0.935656644669213
0.699,0.935644310723774
0.6991,0.935631978521882
0.6992,0.935619648065078
0.6993,0.935607319354902
0.6994,0.935594992392897
0.6995,0.935582667180604
0.6996,0.935570343719563
0.6997,0.935558022011319
0.6998,0.935545702057413
0.6999,0.935533383859387
0.7,0.935521067418785
0.7001,0.93550875273715
0.7002,0.935496439816025
0.7003,0.935484128656954
0.7004,0.93547181926148
0.7005,0.935459511631148
0.7006,0.935447205767503
0.7007,0.935434901672088
0.7008,0.93542259934645
0.7009,0.935410298792133
0.701,0.935398000010683
0.7011,0.935385703003645
0.7012,0.935373407772566
0.7013,0.935361114318991
0.7014,0.935348822644469
0.7015,0.935336532750544
0.7016,0.935324244638765
0.7017,0.935311958310678
0.7018,0.935299673767831
0.7019,0.935287391011771
0.702,0.935275110044048
0.7021,0.935262830866209
0.7022,0.935250553479803
0.7023,0.935238277886379
0.7024,0.935226004087485
0.7025,0.935213732084672
0.7026,0.935201461879489
0.7027,0.935189193473485
0.7028,0.935176926868212
0.7029,0.935164662065219
0.703,0.935152399066057
0.7031,0.935140137872277
0.7032,0.93512787848543
0.7033,0.935115620907068
0.7034,0.935103365138742
0.7035,0.935091111182004
0.7036,0.935078859038407
0.7037,0.935066608709503
0.7038,0.935054360196845
0.7039,0.935042113501985
0.704,0.935029868626478
0.7041,0.935017625571876
0.7042,0.935005384339733
0.7043,0.934993144931604
0.7044,0.934980907349042
0.7045,0.934968671593603
0.7046,0.934956437666841
0.7047,0.934944205570311
0.7048,0.93493197530557
0.7049,0.934919746874171
0.705,0.934907520277672
0.7051,0.934895295517629
0.7052,0.934883072595597
0.7053,0.934870851513134
0.7054,0.934858632271797
0.7055,0.934846414873142
0.7056,0.934834199318728
0.7057,0.934821985610111
0.7058,0.93480977374885
0.7059,0.934797563736503
0.706,0.934785355574628
0.7061,0.934773149264785
0.7062,0.934760944808531
0.7063,0.934748742207428
0.7064,0.934736541463033
0.7065,0.934724342576907
0.7066,0.934712145550611
0.7067,0.934699950385704
0.7068,0.934687757083746
0.7069,0.9346755656463
0.707,0.934663376074925
0.7071,0.934651188371184
0.7072,0.934639002536637
0.7073,0.934626818572848
0.7074,0.934614636481377
0.7075,0.934602456263788
0.7076,0.934590277921642
0.7077,0.934578101456504
0.7078,0.934565926869935
0.7079,0.934553754163501
0.708,0.934541583338763
0.7081,0.934529414397287
0.7082,0.934517247340636
0.7083,0.934505082170375
0.7084,0.934492918888069
0.7085,0.934480757495283
0.7086,0.934468597993581
0.7087,0.93445644038453
0.7088,0.934444284669696
0.7089,0.934432130850644
0.709,0.934419978928942
0.7091,0.934407828906155
0.7092,0.93439568078385
0.7093,0.934383534563595
0.7094,0.934371390246957
0.7095,0.934359247835504
0.7096,0.934347107330803
0.7097,0.934334968734423
0.7098,0.934322832047932
0.7099,0.9343106972729
0.71,0.934298564410894
0.7101,0.934286433463484
0.7102,0.93427430443224
0.7103,0.934262177318732
0.7104,0.934250052124529
0.7105,0.934237928851201
0.7106,0.934225807500319
0.7107,0.934213688073455
0.7108,0.934201570572178
0.7109,0.93418945499806
0.711,0.934177341352674
0.7111,0.93416522963759
0.7112,0.934153119854381
0.7113,0.934141012004619
0.7114,0.934128906089877
0.7115,0.934116802111728
0.7116,0.934104700071745
0.7117,0.934092599971501
0.7118,0.934080501812571
0.7119,0.934068405596528
0.712,0.934056311324946
0.7121,0.9340442189994
0.7122,0.934032128621465
0.7123,0.934020040192715
0.7124,0.934007953714726
0.7125,0.933995869189074
0.7126,0.933983786617333
0.7127,0.93397170600108
0.7128,0.933959627341892
0.7129,0.933947550641345
0.713,0.933935475901016
0.7131,0.933923403122481
0.7132,0.93391133230732
0.7133,0.933899263457108
0.7134,0.933887196573424
0.7135,0.933875131657847
0.7136,0.933863068711953
0.7137,0.933851007737323
0.7138,0.933838948735536
0.7139,0.93382689170817
0.714,0.933814836656805
0.7141,0.93380278358302
0.7142,0.933790732488396
0.7143,0.933778683374513
0.7144,0.933766636242951
0.7145,0.933754591095292
0.7146,0.933742547933116
0.7147,0.933730506758005
0.7148,0.93371846757154
0.7149,0.933706430375303
0.715,0.933694395170877
0.7151,0.933682361959843
0.7152,0.933670330743785
0.7153,0.933658301524285
0.7154,0.933646274302927
0.7155,0.933634249081294
0.7156,0.933622225860968
0.7157,0.933610204643536
0.7158,0.93359818543058
0.7159,0.933586168223686
0.716,0.933574153024438
0.7161,0.933562139834421
0.7162,0.933550128655221
0.7163,0.933538119488422
0.7164,0.933526112335611
0.7165,0.933514107198374
0.7166,0.933502104078298
0.7167,0.933490102976968
0.7168,0.933478103895972
0.7169,0.933466106836898
0.717,0.933454111801331
0.7171,0.933442118790861
0.7172,0.933430127807075
0.7173,0.933418138851561
0.7174,0.933406151925907
0.7175,0.933394167031703
0.7176,0.933382184170538
0.7177,0.933370203344
0.7178,0.93335822455368
0.7179,0.933346247801166
0.718,0.93333427308805
0.7181,0.933322300415921
0.7182,0.93331032978637
0.7183,0.933298361200988
0.7184,0.933286394661366
0.7185,0.933274430169095
0.7186,0.933262467725767
0.7187,0.933250507332974
0.7188,0.933238548992309
0.7189,0.933226592705363
0.719,0.933214638473729
0.7191,0.933202686299001
0.7192,0.933190736182771
0.7193,0.933178788126634
0.7194,0.933166842132182
0.7195,0.93315489820101
0.7196,0.933142956334713
0.7197,0.933131016534885
0.7198,0.93311907880312
0.7199,0.933107143141015
0.72,0.933095209550163
0.7201,0.93308327803216
0.7202,0.933071348588603
0.7203,0.933059421221089
0.7204,0.933047495931212
0.7205,0.93303557272057
0.7206,0.93302365159076
0.7207,0.933011732543379
0.7208,0.932999815580025
0.7209,0.932987900702295
0.721,0.932975987911787
0.7211,0.9329640772101
0.7212,0.932952168598833
0.7213,0.932940262079583
0.7214,0.932928357653951
0.7215,0.932916455323535
0.7216,0.932904555089935
0.7217,0.932892656954751
0.7218,0.932880760919583
0.7219,0.932868866986032
0.722,0.932856975155699
0.7221,0.932845085430184
0.7222,0.932833197811088
0.7223,0.932821312300013
0.7224,0.93280942889856
0.7225,0.932797547608333
0.7226,0.932785668430933
0.7227,0.932773791367962
0.7228,0.932761916421024
0.7229,0.932750043591722
0.723,0.932738172881659
0.7231,0.932726304292439
0.7232,0.932714437825665
0.7233,0.932702573482941
0.7234,0.932690711265872
0.7235,0.932678851176063
0.7236,0.932666993215119
0.7237,0.932655137384644
0.7238,0.932643283686245
0.7239,0.932631432121527
0.724,0.932619582692096
0.7241,0.932607735399559
0.7242,0.932595890245522
0.7243,0.932584047231591
0.7244,0.932572206359375
0.7245,0.932560367630481
0.7246,0.932548531046515
0.7247,0.932536696609086
0.7248,0.932524864319802
0.7249,0.932513034180272
0.725,0.932501206192105
0.7251,0.932489380356908
0.7252,0.932477556676292
0.7253,0.932465735151866
0.7254,0.93245391578524
0.7255,0.932442098578024
0.7256,0.932430283531827
0.7257,0.932418470648261
0.7258,0.932406659928937
0.7259,0.932394851375466
0.726,0.932383044989458
0.7261,0.932371240772526
0.7262,0.932359438726281
0.7263,0.932347638852336
0.7264,0.932335841152303
0.7265,0.932324045627795
0.7266,0.932312252280426
0.7267,0.932300461111807
0.7268,0.932288672123553
0.7269,0.932276885317277
0.727,0.932265100694594
0.7271,0.932253318257118
0.7272,0.932241538006463
0.7273,0.932229759944245
0.7274,0.932217984072078
0.7275,0.932206210391578
0.7276,0.93219443890436
0.7277,0.932182669612042
0.7278,0.932170902516238
0.7279,0.932159137618565
0.728,0.93214737492064
0.7281,0.93213561442408
0.7282,0.932123856130502
0.7283,0.932112100041523
0.7284,0.932100346158762
0.7285,0.932088594483836
0.7286,0.932076845018365
0.7287,0.932065097763966
0.7288,0.932053352722259
0.7289,0.932041609894862
0.729,0.932029869283395
0.7291,0.932018130889479
0.7292,0.932006394714732
0.7293,0.931994660760775
0.7294,0.931982929029229
0.7295,0.931971199521714
0.7296,0.931959472239851
0.7297,0.931947747185261
0.7298,0.931936024359568
0.7299,0.931924303764391
0.73,0.931912585401353
0.7301,0.931900869272078
0.7302,0.931889155378187
0.7303,0.931877443721303
0.7304,0.93186573430305
0.7305,0.93185402712505
0.7306,0.931842322188929
0.7307,0.931830619496309
0.7308,0.931818919048815
0.7309,0.931807220848072
0.731,0.931795524895704
0.7311,0.931783831193337
0.7312,0.931772139742596
0.7313,0.931760450545106
0.7314,0.931748763602494
0.7315,0.931737078916385
0.7316,0.931725396488407
0.7317,0.931713716320185
0.7318,0.931702038413347
0.7319,0.931690362769519
0.732,0.93167868939033
0.7321,0.931667018277408
0.7322,0.931655349432379
0.7323,0.931643682856873
0.7324,0.931632018552519
0.7325,0.931620356520944
0.7326,0.931608696763779
0.7327,0.931597039282653
0.7328,0.931585384079194
0.7329,0.931573731155034
0.733,0.931562080511803
0.7331,0.931550432151131
0.7332,0.931538786074648
0.7333,0.931527142283987
0.7334,0.931515500780777
0.7335,0.931503861566651
0.7336,0.93149222464324
0.7337,0.931480590012177
0.7338,0.931468957675094
0.7339,0.931457327633624
0.734,0.9314456998894
0.7341,0.931434074444054
0.7342,0.931422451299221
0.7343,0.931410830456533
0.7344,0.931399211917626
0.7345,0.931387595684133
0.7346,0.93137598175769
0.7347,0.93136437013993
0.7348,0.931352760832489
0.7349,0.931341153837002
0.735,0.931329549155105
0.7351,0.931317946788434
0.7352,0.931306346738625
0.7353,0.931294749007315
0.7354,0.931283153596139
0.7355,0.931271560506736
0.7356,0.931259969740742
0.7357,0.931248381299795
0.7358,0.931236795185533
0.7359,0.931225211399594
0.736,0.931213629943616
0.7361,0.931202050819238
0.7362,0.931190474028098
0.7363,0.931178899571837
0.7364,0.931167327452093
0.7365,0.931155757670506
0.7366,0.931144190228716
0.7367,0.931132625128363
0.7368,0.931121062371088
0.7369,0.931109501958532
0.737,0.931097943892335
0.7371,0.931086388174139
0.7372,0.931074834805586
0.7373,0.931063283788317
0.7374,0.931051735123975
0.7375,0.931040188814202
0.7376,0.931028644860641
0.7377,0.931017103264935
0.7378,0.931005564028726
0.7379,0.930994027153659
0.738,0.930982492641377
0.7381,0.930970960493525
0.7382,0.930959430711746
0.7383,0.930947903297686
0.7384,0.930936378252989
0.7385,0.9309248555793
0.7386,0.930913335278266
0.7387,0.930901817351531
0.7388,0.930890301800741
0.7389,0.930878788627543
0.739,0.930867277833583
0.7391,0.930855769420509
0.7392,0.930844263389966
0.7393,0.930832759743602
0.7394,0.930821258483066
0.7395,0.930809759610004
0.7396,0.930798263126066
0.7397,0.930786769032899
0.7398,0.930775277332153
0.7399,0.930763788025476
0.74,0.930752301114517
0.7401,0.930740816600927
0.7402,0.930729334486355
0.7403,0.930717854772451
0.7404,0.930706377460864
0.7405,0.930694902553247
0.7406,0.93068343005125
0.7407,0.930671959956523
0.7408,0.930660492270719
0.7409,0.930649026995489
0.741,0.930637564132486
0.7411,0.930626103683361
0.7412,0.930614645649766
0.7413,0.930603190033355
0.7414,0.93059173683578
0.7415,0.930580286058695
0.7416,0.930568837703754
0.7417,0.930557391772611
0.7418,0.930545948266919
0.7419,0.930534507188334
0.742,0.930523068538509
0.7421,0.9305116323191
0.7422,0.930500198531762
0.7423,0.930488767178151
0.7424,0.930477338259922
0.7425,0.930465911778732
0.7426,0.930454487736237
0.7427,0.930443066134094
0.7428,0.930431646973959
0.7429,0.93042023025749
0.743,0.930408815986344
0.7431,0.930397404162179
0.7432,0.930385994786653
0.7433,0.930374587861425
0.7434,0.930363183388152
0.7435,0.930351781368494
0.7436,0.93034038180411
0.7437,0.930328984696658
0.7438,0.9303175900478
0.7439,0.930306197859195
0.744,0.930294808132502
0.7441,0.930283420869384
0.7442,0.930272036071499
0.7443,0.93026065374051
0.7444,0.930249273878078
0.7445,0.930237896485864
0.7446,0.93022652156553
0.7447,0.930215149118738
0.7448,0.93020377914715
0.7449,0.93019241165243
0.745,0.93018104663624
0.7451,0.930169684100243
0.7452,0.930158324046103
0.7453,0.930146966475483
0.7454,0.930135611390048
0.7455,0.930124258791463
0.7456,0.930112908681391
0.7457,0.930101561061497
0.7458,0.930090215933448
0.7459,0.930078873298907
0.746,0.930067533159541
0.7461,0.930056195517016
0.7462,0.930044860372998
0.7463,0.930033527729153
0.7464,0.930022197587149
0.7465,0.930010869948652
0.7466,0.92999954481533
0.7467,0.92998822218885
0.7468,0.929976902070881
0.7469,0.929965584463091
0.747,0.929954269367147
0.7471,0.92994295678472
0.7472,0.929931646717477
0.7473,0.929920339167089
0.7474,0.929909034135224
0.7475,0.929897731623553
0.7476,0.929886431633746
0.7477,0.929875134167472
0.7478,0.929863839226404
0.7479,0.929852546812211
0.748,0.929841256926565
0.7481,0.929829969571137
0.7482,0.9298186847476
0.7483,0.929807402457625
0.7484,0.929796122702885
0.7485,0.929784845485052
0.7486,0.929773570805799
0.7487,0.929762298666799
0.7488,0.929751029069726
0.7489,0.929739762016253
0.749,0.929728497508055
0.7491,0.929717235546805
0.7492,0.929705976134178
0.7493,0.929694719271849
0.7494,0.929683464961493
0.7495,0.929672213204786
0.7496,0.929660964003403
0.7497,0.92964971735902
0.7498,0.929638473273313
0.7499,0.929627231747959
0.75,0.929615992784634
0.7501,0.929604756385017
0.7502,0.929593522550783
0.7503,0.929582291283611
0.7504,0.929571062585178
0.7505,0.929559836457163
0.7506,0.929548612901244
0.7507,0.929537391919099
0.7508,0.929526173512409
0.7509,0.92951495768285
0.751,0.929503744432105
0.7511,0.929492533761852
0.7512,0.929481325673772
0.7513,0.929470120169544
0.7514,0.92945891725085
0.7515,0.929447716919371
0.7516,0.929436519176787
0.7517,0.92942532402478
0.7518,0.929414131465031
0.7519,0.929402941499224
0.752,0.92939175412904
0.7521,0.929380569356162
0.7522,0.929369387182272
0.7523,0.929358207609054
0.7524,0.92934703063819
0.7525,0.929335856271366
0.7526,0.929324684510265
0.7527,0.929313515356571
0.7528,0.929302348811968
0.7529,0.929291184878142
0.753,0.929280023556777
0.7531,0.929268864849559
0.7532,0.929257708758173
0.7533,0.929246555284306
0.7534,0.929235404429643
0.7535,0.929224256195872
0.7536,0.929213110584679
0.7537,0.92920196759775
0.7538,0.929190827236774
0.7539,0.929179689503438
0.754,0.92916855439943
0.7541,0.929157421926437
0.7542,0.92914629208615
0.7543,0.929135164880255
0.7544,0.929124040310442
0.7545,0.929112918378401
0.7546,0.929101799085821
0.7547,0.929090682434392
0.7548,0.929079568425803
0.7549,0.929068457061745
0.755,0.929057348343909
0.7551,0.929046242273986
0.7552,0.929035138853667
0.7553,0.929024038084644
0.7554,0.929012939968608
0.7555,0.929001844507251
0.7556,0.928990751702266
0.7557,0.928979661555346
0.7558,0.928968574068183
0.7559,0.928957489242471
0.756,0.928946407079902
0.7561,0.928935327582171
0.7562,0.928924250750973
0.7563,0.928913176588
0.7564,0.928902105094948
0.7565,0.928891036273511
0.7566,0.928879970125385
0.7567,0.928868906652265
0.7568,0.928857845855847
0.7569,0.928846787737827
0.757,0.928835732299901
0.7571,0.928824679543765
0.7572,0.928813629471117
0.7573,0.928802582083654
0.7574,0.928791537383072
0.7575,0.92878049537107
0.7576,0.928769456049346
0.7577,0.928758419419597
0.7578,0.928747385483522
0.7579,0.928736354242821
0.758,0.928725325699191
0.7581,0.928714299854333
0.7582,0.928703276709946
0.7583,0.92869225626773
0.7584,0.928681238529385
0.7585,0.928670223496611
0.7586,0.92865921117111
0.7587,0.928648201554581
0.7588,0.928637194648728
0.7589,0.92862619045525
0.759,0.92861518897585
0.7591,0.928604190212231
0.7592,0.928593194166094
0.7593,0.928582200839142
0.7594,0.928571210233079
0.7595,0.928560222349608
0.7596,0.928549237190432
0.7597,0.928538254757255
0.7598,0.928527275051781
0.7599,0.928516298075715
0.76,0.928505323830761
0.7601,0.928494352318625
0.7602,0.928483383541011
0.7603,0.928472417499626
0.7604,0.928461454196174
0.7605,0.928450493632362
0.7606,0.928439535809897
0.7607,0.928428580730484
0.7608,0.928417628395831
0.7609,0.928406678807645
0.761,0.928395731967633
0.7611,0.928384787877504
0.7612,0.928373846538965
0.7613,0.928362907953724
0.7614,0.928351972123492
0.7615,0.928341039049975
0.7616,0.928330108734884
0.7617,0.928319181179928
0.7618,0.928308256386817
0.7619,0.92829733435726
0.762,0.928286415092969
0.7621,0.928275498595654
0.7622,0.928264584867025
0.7623,0.928253673908794
0.7624,0.928242765722672
0.7625,0.928231860310372
0.7626,0.928220957673604
0.7627,0.928210057814082
0.7628,0.928199160733517
0.7629,0.928188266433624
0.763,0.928177374916114
0.7631,0.928166486182701
0.7632,0.928155600235099
0.7633,0.928144717075022
0.7634,0.928133836704184
0.7635,0.928122959124299
0.7636,0.928112084337084
0.7637,0.928101212344252
0.7638,0.928090343147519
0.7639,0.928079476748602
0.764,0.928068613149215
0.7641,0.928057752351075
0.7642,0.928046894355899
0.7643,0.928036039165403
0.7644,0.928025186781305
0.7645,0.928014337205322
0.7646,0.928003490439172
0.7647,0.927992646484572
0.7648,0.927981805343241
0.7649,0.927970967016898
0.765,0.92796013150726
0.7651,0.927949298816047
0.7652,0.927938468944979
0.7653,0.927927641895775
0.7654,0.927916817670156
0.7655,0.927905996269841
0.7656,0.92789517769655
0.7657,0.927884361952006
0.7658,0.927873549037929
0.7659,0.92786273895604
0.766,0.927851931708061
0.7661,0.927841127295713
0.7662,0.927830325720719
0.7663,0.927819526984802
0.7664,0.927808731089684
0.7665,0.927797938037088
0.7666,0.927787147828738
0.7667,0.927776360466357
0.7668,0.92776557595167
0.7669,0.927754794286399
0.767,0.927744015472271
0.7671,0.927733239511009
0.7672,0.927722466404339
0.7673,0.927711696153986
0.7674,0.927700928761675
0.7675,0.927690164229133
0.7676,0.927679402558085
0.7677,0.927668643750259
0.7678,0.927657887807381
0.7679,0.927647134731178
0.768,0.927636384523377
0.7681,0.927625637185707
0.7682,0.927614892719894
0.7683,0.927604151127668
0.7684,0.927593412410756
0.7685,0.927582676570887
0.7686,0.927571943609791
0.7687,0.927561213529197
0.7688,0.927550486330833
0.7689,0.927539762016431
0.769,0.927529040587721
0.7691,0.927518322046432
0.7692,0.927507606394295
0.7693,0.927496893633042
0.7694,0.927486183764404
0.7695,0.927475476790112
0.7696,0.927464772711898
0.7697,0.927454071531495
0.7698,0.927443373250635
0.7699,0.927432677871051
0.77,0.927421985394476
0.7701,0.927411295822643
0.7702,0.927400609157286
0.7703,0.927389925400139
0.7704,0.927379244552935
0.7705,0.927368566617409
0.7706,0.927357891595297
0.7707,0.927347219488332
0.7708,0.92733655029825
0.7709,0.927325884026787
0.771,0.927315220675678
0.7711,0.927304560246661
0.7712,0.927293902741471
0.7713,0.927283248161845
0.7714,0.927272596509521
0.7715,0.927261947786235
0.7716,0.927251301993725
0.7717,0.92724065913373
0.7718,0.927230019207986
0.7719,0.927219382218234
0.772,0.927208748166211
0.7721,0.927198117053657
0.7722,0.927187488882311
0.7723,0.927176863653913
0.7724,0.927166241370202
0.7725,0.927155622032918
0.7726,0.927145005643803
0.7727,0.927134392204596
0.7728,0.927123781717039
0.7729,0.927113174182874
0.773,0.927102569603841
0.7731,0.927091967981684
0.7732,0.927081369318143
0.7733,0.927070773614962
0.7734,0.927060180873883
0.7735,0.92704959109665
0.7736,0.927039004285005
0.7737,0.927028420440693
0.7738,0.927017839565456
0.7739,0.927007261661041
0.774,0.92699668672919
0.7741,0.926986114771649
0.7742,0.926975545790164
0.7743,0.926964979786478
0.7744,0.926954416762338
0.7745,0.92694385671949
0.7746,0.92693329965968
0.7747,0.926922745584655
0.7748,0.926912194496161
0.7749,0.926901646395946
0.775,0.926891101285756
0.7751,0.926880559167339
0.7752,0.926870020042445
0.7753,0.92685948391282
0.7754,0.926848950780213
0.7755,0.926838420646373
0.7756,0.92682789351305
0.7757,0.926817369381992
0.7758,0.926806848254949
0.7759,0.926796330133671
0.776,0.926785815019909
0.7761,0.926775302915412
0.7762,0.926764793821932
0.7763,0.926754287741221
0.7764,0.926743784675029
0.7765,0.926733284625108
0.7766,0.92672278759321
0.7767,0.926712293581087
0.7768,0.926701802590492
0.7769,0.926691314623178
0.777,0.926680829680898
0.7771,0.926670347765405
0.7772,0.926659868878453
0.7773,0.926649393021796
0.7774,0.926638920197188
0.7775,0.926628450406385
0.7776,0.92661798365114
0.7777,0.926607519933209
0.7778,0.926597059254348
0.7779,0.926586601616312
0.778,0.926576147020857
0.7781,0.92656569546974
0.7782,0.926555246964718
0.7783,0.926544801507547
0.7784,0.926534359099984
0.7785,0.926523919743788
0.7786,0.926513483440714
0.7787,0.926503050192523
0.7788,0.926492620000972
0.7789,0.92648219286782
0.779,0.926471768794825
0.7791,0.926461347783748
0.7792,0.926450929836346
0.7793,0.926440514954381
0.7794,0.926430103139612
0.7795,0.9264196943938
0.7796,0.926409288718706
0.7797,0.92639888611609
0.7798,0.926388486587713
0.7799,0.926378090135337
0.78,0.926367696760725
0.7801,0.926357306465638
0.7802,0.926346919251838
0.7803,0.926336535121089
0.7804,0.926326154075153
0.7805,0.926315776115794
0.7806,0.926305401244776
0.7807,0.926295029463861
0.7808,0.926284660774815
0.7809,0.926274295179401
0.781,0.926263932679385
0.7811,0.926253573276531
0.7812,0.926243216972605
0.7813,0.926232863769372
0.7814,0.926222513668599
0.7815,0.926212166672051
0.7816,0.926201822781496
0.7817,0.926191481998699
0.7818,0.926181144325428
0.7819,0.926170809763451
0.782,0.926160478314534
0.7821,0.926150149980446
0.7822,0.926139824762955
0.7823,0.92612950266383
0.7824,0.926119183684838
0.7825,0.926108867827751
0.7826,0.926098555094336
0.7827,0.926088245486364
0.7828,0.926077939005604
0.7829,0.926067635653827
0.783,0.926057335432804
0.7831,0.926047038344305
0.7832,0.926036744390101
0.7833,0.926026453571965
0.7834,0.926016165891667
0.7835,0.92600588135098
0.7836,0.925995599951677
0.7837,0.925985321695529
0.7838,0.92597504658431
0.7839,0.925964774619792
0.784,0.92595450580375
0.7841,0.925944240137957
0.7842,0.925933977624187
0.7843,0.925923718264214
0.7844,0.925913462059814
0.7845,0.92590320901276
0.7846,0.925892959124829
0.7847,0.925882712397796
0.7848,0.925872468833437
0.7849,0.925862228433528
0.785,0.925851991199845
0.7851,0.925841757134165
0.7852,0.925831526238265
0.7853,0.925821298513923
0.7854,0.925811073962915
0.7855,0.92580085258702
0.7856,0.925790634388016
0.7857,0.925780419367682
0.7858,0.925770207527796
0.7859,0.925759998870138
0.786,0.925749793396486
0.7861,0.925739591108621
0.7862,0.925729392008322
0.7863,0.92571919609737
0.7864,0.925709003377544
0.7865,0.925698813850627
0.7866,0.925688627518398
0.7867,0.92567844438264
0.7868,0.925668264445134
0.7869,0.925658087707662
0.787,0.925647914172007
0.7871,0.92563774383995
0.7872,0.925627576713275
0.7873,0.925617412793765
0.7874,0.925607252083204
0.7875,0.925597094583374
0.7876,0.925586940296061
0.7877,0.925576789223048
0.7878,0.925566641366121
0.7879,0.925556496727064
0.788,0.925546355307662
0.7881,0.9255362171097
0.7882,0.925526082134966
0.7883,0.925515950385244
0.7884,0.925505821862321
0.7885,0.925495696567984
0.7886,0.92548557450402
0.7887,0.925475455672216
0.7888,0.92546534007436
0.7889,0.925455227712239
0.789,0.925445118587642
0.7891,0.925435012702358
0.7892,0.925424910058175
0.7893,0.925414810656881
0.7894,0.925404714500267
0.7895,0.925394621590122
0.7896,0.925384531928237
0.7897,0.9253744455164
0.7898,0.925364362356404
0.7899,0.925354282450038
0.79,0.925344205799094
0.7901,0.925334132405363
0.7902,0.925324062270636
0.7903,0.925313995396707
0.7904,0.925303931785367
0.7905,0.925293871438409
0.7906,0.925283814357626
0.7907,0.92527376054481
0.7908,0.925263710001755
0.7909,0.925253662730256
0.791,0.925243618732106
0.7911,0.9252335780091
0.7912,0.925223540563032
0.7913,0.925213506395697
0.7914,0.925203475508891
0.7915,0.925193447904408
0.7916,0.925183423584045
0.7917,0.925173402549599
0.7918,0.925163384802865
0.7919,0.92515337034564
0.792,0.925143359179721
0.7921,0.925133351306906
0.7922,0.925123346728992
0.7923,0.925113345447778
0.7924,0.925103347465061
0.7925,0.925093352782639
0.7926,0.925083361402312
0.7927,0.925073373325879
0.7928,0.92506338855514
0.7929,0.925053407091893
0.793,0.925043428937939
0.7931,0.925033454095078
0.7932,0.925023482565111
0.7933,0.925013514349839
0.7934,0.925003549451063
0.7935,0.924993587870585
0.7936,0.924983629610205
0.7937,0.924973674671727
0.7938,0.924963723056952
0.7939,0.924953774767684
0.794,0.924943829805724
0.7941,0.924933888172877
0.7942,0.924923949870946
0.7943,0.924914014901735
0.7944,0.924904083267049
0.7945,0.92489415496869
0.7946,0.924884230008465
0.7947,0.924874308388179
0.7948,0.924864390109636
0.7949,0.924854475174643
0.795,0.924844563585006
0.7951,0.92483465534253
0.7952,0.924824750449022
0.7953,0.924814848906289
0.7954,0.924804950716138
0.7955,0.924795055880376
0.7956,0.924785164400812
0.7957,0.924775276279253
0.7958,0.924765391517508
0.7959,0.924755510117385
0.796,0.924745632080693
0.7961,0.924735757409242
0.7962,0.92472588610484
0.7963,0.924716018169299
0.7964,0.924706153604427
0.7965,0.924696292412036
0.7966,0.924686434593935
0.7967,0.924676580151937
0.7968,0.924666729087852
0.7969,0.924656881403492
0.797,0.924647037100669
0.7971,0.924637196181195
0.7972,0.924627358646882
0.7973,0.924617524499544
0.7974,0.924607693740994
0.7975,0.924597866373045
0.7976,0.92458804239751
0.7977,0.924578221816204
0.7978,0.924568404630941
0.7979,0.924558590843535
0.798,0.924548780455802
0.7981,0.924538973469557
0.7982,0.924529169886616
0.7983,0.924519369708793
0.7984,0.924509572937905
0.7985,0.92449977957577
0.7986,0.924489989624202
0.7987,0.92448020308502
0.7988,0.924470419960041
0.7989,0.924460640251082
0.799,0.924450863959961
0.7991,0.924441091088495
0.7992,0.924431321638505
0.7993,0.924421555611808
0.7994,0.924411793010223
0.7995,0.924402033835571
0.7996,0.92439227808967
0.7997,0.92438252577434
0.7998,0.924372776891403
0.7999,0.924363031442679
0.8,0.924353289429988
0.8001,0.924343550855152
0.8002,0.924333815719992
0.8003,0.924324084026331
0.8004,0.92431435577599
0.8005,0.924304630970792
0.8006,0.92429490961256
0.8007,0.924285191703115
0.8008,0.924275477244283
0.8009,0.924265766237886
0.801,0.924256058685748
0.8011,0.924246354589693
0.8012,0.924236653951547
0.8013,0.924226956773133
0.8014,0.924217263056278
0.8015,0.924207572802805
0.8016,0.924197886014541
0.8017,0.924188202693311
0.8018,0.924178522840943
0.8019,0.924168846459263
0.802,0.924159173550097
0.8021,0.924149504115272
0.8022,0.924139838156618
0.8023,0.92413017567596
0.8024,0.924120516675129
0.8025,0.924110861155951
0.8026,0.924101209120255
0.8027,0.924091560569872
0.8028,0.924081915506629
0.8029,0.924072273932358
0.803,0.924062635848887
0.8031,0.924053001258047
0.8032,0.924043370161669
0.8033,0.924033742561583
0.8034,0.92402411845962
0.8035,0.924014497857612
0.8036,0.924004880757391
0.8037,0.923995267160788
0.8038,0.923985657069637
0.8039,0.923976050485769
0.804,0.923966447411018
0.8041,0.923956847847216
0.8042,0.923947251796198
0.8043,0.923937659259797
0.8044,0.923928070239847
0.8045,0.923918484738184
0.8046,0.923908902756641
0.8047,0.923899324297054
0.8048,0.923889749361259
0.8049,0.92388017795109
0.805,0.923870610068384
0.8051,0.923861045714977
0.8052,0.923851484892706
0.8053,0.923841927603408
0.8054,0.92383237384892
0.8055,0.923822823631079
0.8056,0.923813276951724
0.8057,0.923803733812692
0.8058,0.923794194215821
0.8059,0.923784658162951
0.806,0.92377512565592
0.8061,0.923765596696568
0.8062,0.923756071286735
0.8063,0.923746549428259
0.8064,0.923737031122982
0.8065,0.923727516372745
0.8066,0.923718005179387
0.8067,0.92370849754475
0.8068,0.923698993470676
0.8069,0.923689492959006
0.807,0.923679996011583
0.8071,0.923670502630248
0.8072,0.923661012816845
0.8073,0.923651526573217
0.8074,0.923642043901206
0.8075,0.923632564802656
0.8076,0.923623089279412
0.8077,0.923613617333318
0.8078,0.923604148966217
0.8079,0.923594684179955
0.808,0.923585222976377
0.8081,0.923575765357328
0.8082,0.923566311324654
0.8083,0.923556860880201
0.8084,0.923547414025815
0.8085,0.923537970763343
0.8086,0.923528531094633
0.8087,0.92351909502153
0.8088,0.923509662545883
0.8089,0.92350023366954
0.809,0.923490808394348
0.8091,0.923481386722157
0.8092,0.923471968654815
0.8093,0.92346255419417
0.8094,0.923453143342074
0.8095,0.923443736100374
0.8096,0.923434332470922
0.8097,0.923424932455567
0.8098,0.92341553605616
0.8099,0.923406143274552
0.81,0.923396754112594
0.8101,0.923387368572137
0.8102,0.923377986655033
0.8103,0.923368608363135
0.8104,0.923359233698295
0.8105,0.923349862662365
0.8106,0.923340495257199
0.8107,0.923331131484651
0.8108,0.923321771346573
0.8109,0.923312414844819
0.811,0.923303061981245
0.8111,0.923293712757704
0.8112,0.923284367176052
0.8113,0.923275025238143
0.8114,0.923265686945833
0.8115,0.923256352300978
0.8116,0.923247021305434
0.8117,0.923237693961058
0.8118,0.923228370269706
0.8119,0.923219050233235
0.812,0.923209733853503
0.8121,0.923200421132367
0.8122,0.923191112071685
0.8123,0.923181806673316
0.8124,0.923172504939119
0.8125,0.923163206870951
0.8126,0.923153912470672
0.8127,0.923144621740142
0.8128,0.92313533468122
0.8129,0.923126051295766
0.813,0.923116771585642
0.8131,0.923107495552706
0.8132,0.923098223198822
0.8133,0.923088954525849
0.8134,0.923079689535649
0.8135,0.923070428230085
0.8136,0.923061170611018
0.8137,0.923051916680312
0.8138,0.923042666439829
0.8139,0.923033419891432
0.814,0.923024177036985
0.8141,0.923014937878352
0.8142,0.923005702417397
0.8143,0.922996470655984
0.8144,0.922987242595978
0.8145,0.922978018239244
0.8146,0.922968797587647
0.8147,0.922959580643054
0.8148,0.922950367407329
0.8149,0.922941157882339
0.815,0.922931952069951
0.8151,0.922922749972032
0.8152,0.922913551590448
0.8153,0.922904356927068
0.8154,0.922895165983759
0.8155,0.922885978762389
0.8156,0.922876795264827
0.8157,0.922867615492941
0.8158,0.922858439448601
0.8159,0.922849267133675
0.816,0.922840098550033
0.8161,0.922830933699546
0.8162,0.922821772584084
0.8163,0.922812615205517
0.8164,0.922803461565716
0.8165,0.922794311666553
0.8166,0.922785165509898
0.8167,0.922776023097624
0.8168,0.922766884431602
0.8169,0.922757749513707
0.817,0.922748618345809
0.8171,0.922739490929782
0.8172,0.9227303672675
0.8173,0.922721247360836
0.8174,0.922712131211665
0.8175,0.92270301882186
0.8176,0.922693910193296
0.8177,0.922684805327848
0.8178,0.922675704227391
0.8179,0.922666606893801
0.818,0.922657513328954
0.8181,0.922648423534725
0.8182,0.922639337512992
0.8183,0.92263025526563
0.8184,0.922621176794518
0.8185,0.922612102101532
0.8186,0.92260303118855
0.8187,0.92259396405745
0.8188,0.922584900710112
0.8189,0.922575841148412
0.819,0.92256678537423
0.8191,0.922557733389446
0.8192,0.922548685195939
0.8193,0.922539640795589
0.8194,0.922530600190276
0.8195,0.922521563381881
0.8196,0.922512530372285
0.8197,0.922503501163368
0.8198,0.922494475757012
0.8199,0.922485454155099
0.82,0.922476436359511
0.8201,0.92246742237213
0.8202,0.922458412194839
0.8203,0.922449405829522
0.8204,0.922440403278061
0.8205,0.92243140454234
0.8206,0.922422409624243
0.8207,0.922413418525654
0.8208,0.922404431248459
0.8209,0.92239544779454
0.821,0.922386468165785
0.8211,0.922377492364077
0.8212,0.922368520391304
0.8213,0.922359552249352
0.8214,0.922350587940105
0.8215,0.922341627465453
0.8216,0.922332670827281
0.8217,0.922323718027477
0.8218,0.922314769067929
0.8219,0.922305823950524
0.822,0.922296882677151
0.8221,0.922287945249699
0.8222,0.922279011670057
0.8223,0.922270081940114
0.8224,0.92226115606176
0.8225,0.922252234036883
0.8226,0.922243315867375
0.8227,0.922234401555126
0.8228,0.922225491102026
0.8229,0.922216584509967
0.823,0.922207681780841
0.8231,0.922198782916538
0.8232,0.922189887918952
0.8233,0.922180996789975
0.8234,0.922172109531498
0.8235,0.922163226145417
0.8236,0.922154346633622
0.8237,0.922145470998009
0.8238,0.922136599240472
0.8239,0.922127731362904
0.824,0.9221188673672
0.8241,0.922110007255255
0.8242,0.922101151028965
0.8243,0.922092298690224
0.8244,0.922083450240928
0.8245,0.922074605682974
0.8246,0.922065765018258
0.8247,0.922056928248677
0.8248,0.922048095376128
0.8249,0.922039266402508
0.825,0.922030441329715
0.8251,0.922021620159648
0.8252,0.922012802894204
0.8253,0.922003989535281
0.8254,0.92199518008478
0.8255,0.921986374544599
0.8256,0.921977572916639
0.8257,0.921968775202798
0.8258,0.921959981404977
0.8259,0.921951191525076
0.826,0.921942405564997
0.8261,0.921933623526641
0.8262,0.921924845411909
0.8263,0.921916071222702
0.8264,0.921907300960924
0.8265,0.921898534628476
0.8266,0.921889772227262
0.8267,0.921881013759184
0.8268,0.921872259226146
0.8269,0.921863508630052
0.827,0.921854761972805
0.8271,0.92184601925631
0.8272,0.921837280482471
0.8273,0.921828545653194
0.8274,0.921819814770384
0.8275,0.921811087835946
0.8276,0.921802364851786
0.8277,0.921793645819811
0.8278,0.921784930741927
0.8279,0.921776219620042
0.828,0.921767512456061
0.8281,0.921758809251893
0.8282,0.921750110009445
0.8283,0.921741414730626
0.8284,0.921732723417344
0.8285,0.921724036071508
0.8286,0.921715352695027
0.8287,0.92170667328981
0.8288,0.921697997857767
0.8289,0.921689326400808
0.829,0.921680658920844
0.8291,0.921671995419784
0.8292,0.921663335899541
0.8293,0.921654680362025
0.8294,0.921646028809147
0.8295,0.921637381242821
0.8296,0.921628737664957
0.8297,0.921620098077469
0.8298,0.92161146248227
0.8299,0.921602830881272
0.83,0.92159420327639
0.8301,0.921585579669536
0.8302,0.921576960062626
0.8303,0.921568344457574
0.8304,0.921559732856294
0.8305,0.921551125260702
0.8306,0.921542521672713
0.8307,0.921533922094243
0.8308,0.921525326527208
0.8309,0.921516734973523
0.831,0.921508147435107
0.8311,0.921499563913876
0.8312,0.921490984411747
0.8313,0.921482408930637
0.8314,0.921473837472466
0.8315,0.92146527003915
0.8316,0.921456706632609
0.8317,0.921448147254762
0.8318,0.921439591907528
0.8319,0.921431040592826
0.832,0.921422493312576
0.8321,0.921413950068699
0.8322,0.921405410863114
0.8323,0.921396875697743
0.8324,0.921388344574507
0.8325,0.921379817495327
0.8326,0.921371294462126
0.8327,0.921362775476825
0.8328,0.921354260541347
0.8329,0.921345749657615
0.833,0.921337242827552
0.8331,0.92132874005308
0.8332,0.921320241336124
0.8333,0.921311746678607
0.8334,0.921303256082455
0.8335,0.921294769549591
0.8336,0.92128628708194
0.8337,0.921277808681429
0.8338,0.921269334349982
0.8339,0.921260864089526
0.834,0.921252397901987
0.8341,0.921243935789291
0.8342,0.921235477753366
0.8343,0.921227023796137
0.8344,0.921218573919534
0.8345,0.921210128125484
0.8346,0.921201686415915
0.8347,0.921193248792756
0.8348,0.921184815257935
0.8349,0.921176385813382
0.835,0.921167960461026
0.8351,0.921159539202797
0.8352,0.921151122040625
0.8353,0.92114270897644
0.8354,0.921134300012173
0.8355,0.921125895149756
0.8356,0.921117494391118
0.8357,0.921109097738193
0.8358,0.921100705192913
0.8359,0.921092316757208
0.836,0.921083932433014
0.8361,0.921075552222261
0.8362,0.921067176126884
0.8363,0.921058804148817
0.8364,0.921050436289993
0.8365,0.921042072552346
0.8366,0.921033712937811
0.8367,0.921025357448323
0.8368,0.921017006085817
0.8369,0.921008658852229
0.837,0.921000315749494
0.8371,0.920991976779549
0.8372,0.92098364194433
0.8373,0.920975311245775
0.8374,0.92096698468582
0.8375,0.920958662266403
0.8376,0.920950343989462
0.8377,0.920942029856935
0.8378,0.92093371987076
0.8379,0.920925414032877
0.838,0.920917112345224
0.8381,0.92090881480974
0.8382,0.920900521428365
0.8383,0.920892232203041
0.8384,0.920883947135706
0.8385,0.920875666228302
0.8386,0.920867389482769
0.8387,0.92085911690105
0.8388,0.920850848485084
0.8389,0.920842584236816
0.839,0.920834324158186
0.8391,0.920826068251138
0.8392,0.920817816517615
0.8393,0.92080956895956
0.8394,0.920801325578916
0.8395,0.920793086377627
0.8396,0.920784851357638
0.8397,0.920776620520894
0.8398,0.920768393869339
0.8399,0.920760171404919
0.84,0.920751953129579
0.8401,0.920743739045265
0.8402,0.920735529153923
0.8403,0.9207273234575
0.8404,0.920719121957943
0.8405,0.920710924657198
0.8406,0.920702731557214
0.8407,0.920694542659938
0.8408,0.920686357967318
0.8409,0.920678177481304
0.841,0.920670001203843
0.8411,0.920661829136884
0.8412,0.920653661282378
0.8413,0.920645497642274
0.8414,0.920637338218522
0.8415,0.920629183013073
0.8416,0.920621032027876
0.8417,0.920612885264884
0.8418,0.920604742726048
0.8419,0.920596604413319
0.842,0.92058847032865
0.8421,0.920580340473993
0.8422,0.9205722148513
0.8423,0.920564093462525
0.8424,0.920555976309621
0.8425,0.920547863394541
0.8426,0.92053975471924
0.8427,0.920531650285672
0.8428,0.920523550095791
0.8429,0.920515454151553
0.843,0.920507362454913
0.8431,0.920499275007826
0.8432,0.920491191812249
0.8433,0.920483112870138
0.8434,0.920475038183449
0.8435,0.920466967754139
0.8436,0.920458901584166
0.8437,0.920450839675488
0.8438,0.920442782030062
0.8439,0.920434728649846
0.844,0.920426679536799
0.8441,0.920418634692881
0.8442,0.920410594120049
0.8443,0.920402557820264
0.8444,0.920394525795486
0.8445,0.920386498047674
0.8446,0.920378474578789
0.8447,0.920370455390793
0.8448,0.920362440485645
0.8449,0.920354429865309
0.845,0.920346423531745
0.8451,0.920338421486916
0.8452,0.920330423732784
0.8453,0.920322430271311
0.8454,0.920314441104462
0.8455,0.920306456234199
0.8456,0.920298475662486
0.8457,0.920290499391288
0.8458,0.920282527422569
0.8459,0.920274559758293
0.846,0.920266596400426
0.8461,0.920258637350934
0.8462,0.920250682611781
0.8463,0.920242732184934
0.8464,0.920234786072359
0.8465,0.920226844276024
0.8466,0.920218906797895
0.8467,0.92021097363994
0.8468,0.920203044804126
0.8469,0.920195120292422
0.847,0.920187200106795
0.8471,0.920179284249215
0.8472,0.92017137272165
0.8473,0.920163465526071
0.8474,0.920155562664445
0.8475,0.920147664138744
0.8476,0.920139769950938
0.8477,0.920131880102998
0.8478,0.920123994596895
0.8479,0.920116113434599
0.848,0.920108236618083
0.8481,0.920100364149319
0.8482,0.920092496030279
0.8483,0.920084632262936
0.8484,0.920076772849263
0.8485,0.920068917791233
0.8486,0.920061067090819
0.8487,0.920053220749996
0.8488,0.920045378770738
0.8489,0.920037541155019
0.849,0.920029707904815
0.8491,0.920021879022101
0.8492,0.920014054508852
0.8493,0.920006234367045
0.8494,0.919998418598655
0.8495,0.919990607205659
0.8496,0.919982800190035
0.8497,0.919974997553759
0.8498,0.919967199298808
0.8499,0.919959405427162
0.85,0.919951615940798
0.8501,0.919943830841695
0.8502,0.919936050131832
0.8503,0.919928273813187
0.8504,0.919920501887741
0.8505,0.919912734357474
0.8506,0.919904971224365
0.8507,0.919897212490396
0.8508,0.919889458157547
0.8509,0.919881708227799
0.851,0.919873962703134
0.8511,0.919866221585533
0.8512,0.91985848487698
0.8513,0.919850752579456
0.8514,0.919843024694944
0.8515,0.919835301225428
0.8516,0.919827582172891
0.8517,0.919819867539317
0.8518,0.919812157326691
0.8519,0.919804451536996
0.852,0.919796750172218
0.8521,0.919789053234341
0.8522,0.919781360725353
0.8523,0.919773672647237
0.8524,0.919765989001981
0.8525,0.919758309791572
0.8526,0.919750635017996
0.8527,0.919742964683239
0.8528,0.919735298789291
0.8529,0.919727637338138
0.853,0.919719980331768
0.8531,0.919712327772171
0.8532,0.919704679661335
0.8533,0.919697036001249
0.8534,0.919689396793902
0.8535,0.919681762041286
0.8536,0.919674131745389
0.8537,0.919666505908203
0.8538,0.919658884531719
0.8539,0.919651267617927
0.854,0.919643655168819
0.8541,0.919636047186387
0.8542,0.919628443672624
0.8543,0.919620844629521
0.8544,0.919613250059071
0.8545,0.919605659963268
0.8546,0.919598074344104
0.8547,0.919590493203575
0.8548,0.919582916543674
0.8549,0.919575344366395
0.855,0.919567776673734
0.8551,0.919560213467685
0.8552,0.919552654750245
0.8553,0.919545100523408
0.8554,0.919537550789172
0.8555,0.919530005549533
0.8556,0.919522464806487
0.8557,0.919514928562032
0.8558,0.919507396818165
0.8559,0.919499869576885
0.856,0.919492346840189
0.8561,0.919484828610077
0.8562,0.919477314888546
0.8563,0.919469805677595
0.8564,0.919462300979225
0.8565,0.919454800795436
0.8566,0.919447305128227
0.8567,0.919439813979599
0.8568,0.919432327351553
0.8569,0.91942484524609
0.857,0.919417367665212
0.8571,0.919409894610921
0.8572,0.919402426085218
0.8573,0.919394962090107
0.8574,0.919387502627589
0.8575,0.919380047699669
0.8576,0.91937259730835
0.8577,0.919365151455635
0.8578,0.919357710143529
0.8579,0.919350273374037
0.858,0.919342841149163
0.8581,0.919335413470913
0.8582,0.919327990341293
0.8583,0.919320571762308
0.8584,0.919313157735964
0.8585,0.919305748264268
0.8586,0.919298343349227
0.8587,0.919290942992849
0.8588,0.919283547197139
0.8589,0.919276155964108
0.859,0.919268769295763
0.8591,0.919261387194112
0.8592,0.919254009661164
0.8593,0.91924663669893
0.8594,0.919239268309417
0.8595,0.919231904494636
0.8596,0.919224545256598
0.8597,0.919217190597314
0.8598,0.919209840518793
0.8599,0.919202495023047
0.86,0.919195154112088
0.8601,0.919187817787928
0.8602,0.91918048605258
0.8603,0.919173158908055
0.8604,0.919165836356367
0.8605,0.919158518399528
0.8606,0.919151205039553
0.8607,0.919143896278456
0.8608,0.919136592118251
0.8609,0.919129292560952
0.861,0.919121997608575
0.8611,0.919114707263136
0.8612,0.919107421526649
0.8613,0.919100140401131
0.8614,0.919092863888598
0.8615,0.919085591991066
0.8616,0.919078324710553
0.8617,0.919071062049076
0.8618,0.919063804008653
0.8619,0.919056550591302
0.862,0.91904930179904
0.8621,0.919042057633888
0.8622,0.919034818097863
0.8623,0.919027583192986
0.8624,0.919020352921276
0.8625,0.919013127284753
0.8626,0.919005906285437
0.8627,0.91899868992535
0.8628,0.918991478206512
0.8629,0.918984271130945
0.863,0.91897706870067
0.8631,0.91896987091771
0.8632,0.918962677784087
0.8633,0.918955489301824
0.8634,0.918948305472943
0.8635,0.91894112629947
0.8636,0.918933951783426
0.8637,0.918926781926837
0.8638,0.918919616731726
0.8639,0.918912456200119
0.864,0.918905300334041
0.8641,0.918898149135517
0.8642,0.918891002606574
0.8643,0.918883860749236
0.8644,0.918876723565532
0.8645,0.918869591057486
0.8646,0.918862463227127
0.8647,0.918855340076483
0.8648,0.91884822160758
0.8649,0.918841107822448
0.865,0.918833998723115
0.8651,0.91882689431161
0.8652,0.918819794589963
0.8653,0.918812699560202
0.8654,0.918805609224358
0.8655,0.91879852358446
0.8656,0.918791442642541
0.8657,0.91878436640063
0.8658,0.918777294860758
0.8659,0.918770228024959
0.866,0.918763165895262
0.8661,0.918756108473702
0.8662,0.918749055762309
0.8663,0.918742007763119
0.8664,0.918734964478163
0.8665,0.918727925909475
0.8666,0.91872089205909
0.8667,0.918713862929042
0.8668,0.918706838521366
0.8669,0.918699818838096
0.867,0.918692803881268
0.8671,0.918685793652918
0.8672,0.918678788155081
0.8673,0.918671787389794
0.8674,0.918664791359095
0.8675,0.91865780006502
0.8676,0.918650813509606
0.8677,0.918643831694892
0.8678,0.918636854622915
0.8679,0.918629882295713
0.868,0.918622914715326
0.8681,0.918615951883793
0.8682,0.918608993803152
0.8683,0.918602040475445
0.8684,0.918595091902711
0.8685,0.918588148086991
0.8686,0.918581209030325
0.8687,0.918574274734755
0.8688,0.918567345202322
0.8689,0.918560420435069
0.869,0.918553500435037
0.8691,0.918546585204269
0.8692,0.918539674744809
0.8693,0.918532769058699
0.8694,0.918525868147982
0.8695,0.918518972014704
0.8696,0.918512080660907
0.8697,0.918505194088638
0.8698,0.91849831229994
0.8699,0.91849143529686
0.87,0.918484563081443
0.8701,0.918477695655735
0.8702,0.918470833021781
0.8703,0.91846397518163
0.8704,0.918457122137328
0.8705,0.918450273890922
0.8706,0.918443430444461
0.8707,0.918436591799992
0.8708,0.918429757959564
0.8709,0.918422928925226
0.871,0.918416104699026
0.8711,0.918409285283015
0.8712,0.918402470679241
0.8713,0.918395660889756
0.8714,0.918388855916609
0.8715,0.918382055761851
0.8716,0.918375260427535
0.8717,0.91836846991571
0.8718,0.91836168422843
0.8719,0.918354903367745
0.872,0.91834812733571
0.8721,0.918341356134376
0.8722,0.918334589765798
0.8723,0.918327828232029
0.8724,0.918321071535122
0.8725,0.918314319677132
0.8726,0.918307572660114
0.8727,0.918300830486123
0.8728,0.918294093157214
0.8729,0.918287360675443
0.873,0.918280633042866
0.8731,0.918273910261539
0.8732,0.918267192333519
0.8733,0.918260479260863
0.8734,0.918253771045628
0.8735,0.918247067689872
0.8736,0.918240369195654
0.8737,0.918233675565032
0.8738,0.918226986800064
0.8739,0.91822030290281
0.874,0.91821362387533
0.8741,0.918206949719682
0.8742,0.918200280437928
0.8743,0.918193616032127
0.8744,0.918186956504342
0.8745,0.918180301856633
0.8746,0.918173652091062
0.8747,0.918167007209691
0.8748,0.918160367214581
0.8749,0.918153732107796
0.875,0.918147101891399
0.8751,0.918140476567452
0.8752,0.91813385613802
0.8753,0.918127240605167
0.8754,0.918120629970957
0.8755,0.918114024237455
0.8756,0.918107423406725
0.8757,0.918100827480834
0.8758,0.918094236461847
0.8759,0.91808765035183
0.876,0.91808106915285
0.8761,0.918074492866973
0.8762,0.918067921496267
0.8763,0.918061355042799
0.8764,0.918054793508637
0.8765,0.918048236895849
0.8766,0.918041685206504
0.8767,0.91803513844267
0.8768,0.918028596606417
0.8769,0.918022059699814
0.877,0.918015527724932
0.8771,0.918009000683841
0.8772,0.918002478578611
0.8773,0.917995961411314
0.8774,0.917989449184022
0.8775,0.917982941898805
0.8776,0.917976439557735
0.8777,0.917969942162886
0.8778,0.917963449716329
0.8779,0.917956962220138
0.878,0.917950479676386
0.8781,0.917944002087147
0.8782,0.917937529454496
0.8783,0.917931061780506
0.8784,0.917924599067253
0.8785,0.917918141316813
0.8786,0.917911688531259
0.8787,0.917905240712669
0.8788,0.917898797863118
0.8789,0.917892359984684
0.879,0.917885927079443
0.8791,0.917879499149472
0.8792,0.917873076196849
0.8793,0.917866658223653
0.8794,0.917860245231961
0.8795,0.917853837223853
0.8796,0.917847434201407
0.8797,0.917841036166703
0.8798,0.917834643121821
0.8799,0.917828255068841
0.88,0.917821872009843
0.8801,0.917815493946908
0.8802,0.917809120882118
0.8803,0.917802752817554
0.8804,0.917796389755298
0.8805,0.917790031697431
0.8806,0.917783678646037
0.8807,0.917777330603198
0.8808,0.917770987570998
0.8809,0.91776464955152
0.881,0.917758316546849
0.8811,0.917751988559069
0.8812,0.917745665590264
0.8813,0.91773934764252
0.8814,0.917733034717922
0.8815,0.917726726818556
0.8816,0.917720423946508
0.8817,0.917714126103863
0.8818,0.91770783329271
0.8819,0.917701545515135
0.882,0.917695262773226
0.8821,0.917688985069071
0.8822,0.917682712404758
0.8823,0.917676444782375
0.8824,0.917670182204012
0.8825,0.917663924671759
0.8826,0.917657672187704
0.8827,0.917651424753937
0.8828,0.91764518237255
0.8829,0.917638945045632
0.883,0.917632712775276
0.8831,0.917626485563572
0.8832,0.917620263412611
0.8833,0.917614046324487
0.8834,0.917607834301291
0.8835,0.917601627345117
0.8836,0.917595425458057
0.8837,0.917589228642205
0.8838,0.917583036899656
0.8839,0.917576850232502
0.884,0.91757066864284
0.8841,0.917564492132763
0.8842,0.917558320704368
0.8843,0.91755215435975
0.8844,0.917545993101004
0.8845,0.917539836930228
0.8846,0.917533685849518
0.8847,0.917527539860971
0.8848,0.917521398966684
0.8849,0.917515263168756
0.885,0.917509132469285
0.8851,0.917503006870369
0.8852,0.917496886374107
0.8853,0.917490770982598
0.8854,0.917484660697942
0.8855,0.917478555522239
0.8856,0.91747245545759
0.8857,0.917466360506094
0.8858,0.917460270669852
0.8859,0.917454185950967
0.886,0.91744810635154
0.8861,0.917442031873673
0.8862,0.917435962519468
0.8863,0.917429898291029
0.8864,0.917423839190458
0.8865,0.917417785219858
0.8866,0.917411736381335
0.8867,0.917405692676991
0.8868,0.917399654108933
0.8869,0.917393620679264
0.887,0.91738759239009
0.8871,0.917381569243516
0.8872,0.917375551241649
0.8873,0.917369538386595
0.8874,0.917363530680461
0.8875,0.917357528125354
0.8876,0.91735153072338
0.8877,0.917345538476649
0.8878,0.917339551387268
0.8879,0.917333569457346
0.888,0.917327592688991
0.8881,0.917321621084313
0.8882,0.917315654645421
0.8883,0.917309693374426
0.8884,0.917303737273437
0.8885,0.917297786344565
0.8886,0.917291840589922
0.8887,0.917285900011618
0.8888,0.917279964611766
0.8889,0.917274034392477
0.889,0.917268109355864
0.8891,0.91726218950404
0.8892,0.917256274839118
0.8893,0.917250365363211
0.8894,0.917244461078435
0.8895,0.917238561986901
0.8896,0.917232668090727
0.8897,0.917226779392025
0.8898,0.917220895892913
0.8899,0.917215017595505
0.89,0.917209144501917
0.8901,0.917203276614266
0.8902,0.917197413934669
0.8903,0.917191556465243
0.8904,0.917185704208105
0.8905,0.917179857165373
0.8906,0.917174015339165
0.8907,0.9171681787316
0.8908,0.917162347344796
0.8909,0.917156521180874
0.891,0.917150700241953
0.8911,0.917144884530152
0.8912,0.917139074047592
0.8913,0.917133268796394
0.8914,0.917127468778679
0.8915,0.917121673996568
0.8916,0.917115884452183
0.8917,0.917110100147646
0.8918,0.917104321085081
0.8919,0.917098547266609
0.892,0.917092778694354
0.8921,0.917087015370441
0.8922,0.917081257296992
0.8923,0.917075504476132
0.8924,0.917069756909986
0.8925,0.917064014600678
0.8926,0.917058277550336
0.8927,0.917052545761083
0.8928,0.917046819235047
0.8929,0.917041097974353
0.893,0.91703538198113
0.8931,0.917029671257503
0.8932,0.917023965805601
0.8933,0.917018265627551
0.8934,0.917012570725483
0.8935,0.917006881101524
0.8936,0.917001196757803
0.8937,0.91699551769645
0.8938,0.916989843919596
0.8939,0.916984175429369
0.894,0.916978512227901
0.8941,0.916972854317322
0.8942,0.916967201699764
0.8943,0.916961554377357
0.8944,0.916955912352236
0.8945,0.91695027562653
0.8946,0.916944644202374
0.8947,0.916939018081899
0.8948,0.916933397267241
0.8949,0.916927781760531
0.895,0.916922171563905
0.8951,0.916916566679497
0.8952,0.916910967109442
0.8953,0.916905372855876
0.8954,0.916899783920933
0.8955,0.916894200306749
0.8956,0.916888622015462
0.8957,0.916883049049208
0.8958,0.916877481410123
0.8959,0.916871919100345
0.896,0.916866362122013
0.8961,0.916860810477263
0.8962,0.916855264168236
0.8963,0.916849723197069
0.8964,0.916844187565903
0.8965,0.916838657276876
0.8966,0.916833132332128
0.8967,0.916827612733801
0.8968,0.916822098484034
0.8969,0.916816589584968
0.897,0.916811086038745
0.8971,0.916805587847507
0.8972,0.916800095013395
0.8973,0.916794607538553
0.8974,0.916789125425123
0.8975,0.916783648675248
0.8976,0.916778177291073
0.8977,0.916772711274742
0.8978,0.916767250628398
0.8979,0.916761795354186
0.898,0.916756345454252
0.8981,0.916750900930741
0.8982,0.916745461785799
0.8983,0.916740028021572
0.8984,0.916734599640206
0.8985,0.916729176643849
0.8986,0.916723759034647
0.8987,0.916718346814749
0.8988,0.916712939986302
0.8989,0.916707538551454
0.899,0.916702142512356
0.8991,0.916696751871155
0.8992,0.916691366630001
0.8993,0.916685986791045
0.8994,0.916680612356435
0.8995,0.916675243328323
0.8996,0.91666987970886
0.8997,0.916664521500197
0.8998,0.916659168704486
0.8999,0.916653821323879
0.9,0.916648479360528
0.9001,0.916643142816586
0.9002,0.916637811694207
0.9003,0.916632485995543
0.9004,0.91662716572275
0.9005,0.916621850877981
0.9006,0.91661654146339
0.9007,0.916611237481133
0.9008,0.916605938933366
0.9009,0.916600645822243
0.901,0.916595358149921
0.9011,0.916590075918556
0.9012,0.916584799130306
0.9013,0.916579527787327
0.9014,0.916574261891777
0.9015,0.916569001445814
0.9016,0.916563746451597
0.9017,0.916558496911285
0.9018,0.916553252827035
0.9019,0.916548014201009
0.902,0.916542781035364
0.9021,0.916537553332263
0.9022,0.916532331093865
0.9023,0.91652711432233
0.9024,0.916521903019822
0.9025,0.9165166971885
0.9026,0.916511496830528
0.9027,0.916506301948068
0.9028,0.916501112543281
0.9029,0.916495928618333
0.903,0.916490750175385
0.9031,0.916485577216602
0.9032,0.916480409744149
0.9033,0.916475247760189
0.9034,0.916470091266888
0.9035,0.916464940266411
0.9036,0.916459794760923
0.9037,0.916454654752592
0.9038,0.916449520243583
0.9039,0.916444391236063
0.904,0.916439267732199
0.9041,0.91643414973416
0.9042,0.916429037244113
0.9043,0.916423930264226
0.9044,0.916418828796668
0.9045,0.916413732843608
0.9046,0.916408642407216
0.9047,0.916403557489662
0.9048,0.916398478093115
0.9049,0.916393404219747
0.905,0.916388335871728
0.9051,0.91638327305123
0.9052,0.916378215760423
0.9053,0.916373164001481
0.9054,0.916368117776576
0.9055,0.916363077087881
0.9056,0.916358041937568
0.9057,0.916353012327811
0.9058,0.916347988260785
0.9059,0.916342969738663
0.906,0.91633795676362
0.9061,0.916332949337832
0.9062,0.916327947463473
0.9063,0.91632295114272
0.9064,0.916317960377748
0.9065,0.916312975170734
0.9066,0.916307995523855
0.9067,0.916303021439289
0.9068,0.916298052919212
0.9069,0.916293089965804
0.907,0.916288132581242
0.9071,0.916283180767706
0.9072,0.916278234527373
0.9073,0.916273293862425
0.9074,0.91626835877504
0.9075,0.9162634292674
0.9076,0.916258505341684
0.9077,0.916253587000073
0.9078,0.91624867424475
0.9079,0.916243767077895
0.908,0.916238865501691
0.9081,0.916233969518321
0.9082,0.916229079129968
0.9083,0.916224194338814
0.9084,0.916219315147044
0.9085,0.916214441556842
0.9086,0.916209573570391
0.9087,0.916204711189878
0.9088,0.916199854417486
0.9089,0.916195003255402
0.909,0.916190157705811
0.9091,0.916185317770899
0.9092,0.916180483452855
0.9093,0.916175654753863
0.9094,0.916170831676112
0.9095,0.916166014221789
0.9096,0.916161202393084
0.9097,0.916156396192183
0.9098,0.916151595621276
0.9099,0.916146800682553
0.91,0.916142011378203
0.9101,0.916137227710416
0.9102,0.916132449681383
0.9103,0.916127677293293
0.9104,0.916122910548339
0.9105,0.916118149448713
0.9106,0.916113393996605
0.9107,0.916108644194208
0.9108,0.916103900043715
0.9109,0.91609916154732
0.911,0.916094428707214
0.9111,0.916089701525594
0.9112,0.916084980004651
0.9113,0.916080264146582
0.9114,0.91607555395358
0.9115,0.916070849427842
0.9116,0.916066150571562
0.9117,0.916061457386938
0.9118,0.916056769876165
0.9119,0.91605208804144
0.912,0.916047411884961
0.9121,0.916042741408925
0.9122,0.91603807661553
0.9123,0.916033417506974
0.9124,0.916028764085457
0.9125,0.916024116353176
0.9126,0.916019474312333
0.9127,0.916014837965126
0.9128,0.916010207313756
0.9129,0.916005582360423
0.913,0.916000963107329
0.9131,0.915996349556676
0.9132,0.915991741710664
0.9133,0.915987139571496
0.9134,0.915982543141374
0.9135,0.915977952422502
0.9136,0.915973367417083
0.9137,0.91596878812732
0.9138,0.915964214555417
0.9139,0.915959646703579
0.914,0.91595508457401
0.9141,0.915950528168916
0.9142,0.915945977490503
0.9143,0.915941432540976
0.9144,0.915936893322541
0.9145,0.915932359837405
0.9146,0.915927832087776
0.9147,0.915923310075861
0.9148,0.915918793803867
0.9149,0.915914283274004
0.915,0.915909778488479
0.9151,0.915905279449501
0.9152,0.91590078615928
0.9153,0.915896298620026
0.9154,0.915891816833949
0.9155,0.915887340803259
0.9156,0.915882870530167
0.9157,0.915878406016885
0.9158,0.915873947265624
0.9159,0.915869494278596
0.916,0.915865047058013
0.9161,0.915860605606089
0.9162,0.915856169925036
0.9163,0.915851740017069
0.9164,0.9158473158844
0.9165,0.915842897529246
0.9166,0.915838484953819
0.9167,0.915834078160336
0.9168,0.915829677151011
0.9169,0.915825281928061
0.917,0.915820892493702
0.9171,0.91581650885015
0.9172,0.915812130999623
0.9173,0.915807758944337
0.9174,0.915803392686512
0.9175,0.915799032228364
0.9176,0.915794677572113
0.9177,0.915790328719977
0.9178,0.915785985674176
0.9179,0.915781648436929
0.918,0.915777317010457
0.9181,0.915772991396979
0.9182,0.915768671598717
0.9183,0.915764357617892
0.9184,0.915760049456726
0.9185,0.915755747117441
0.9186,0.915751450602258
0.9187,0.915747159913402
0.9188,0.915742875053095
0.9189,0.91573859602356
0.919,0.915734322827023
0.9191,0.915730055465706
0.9192,0.915725793941834
0.9193,0.915721538257633
0.9194,0.915717288415328
0.9195,0.915713044417145
0.9196,0.91570880626531
0.9197,0.91570457396205
0.9198,0.915700347509591
0.9199,0.915696126910162
0.92,0.915691912165989
0.9201,0.915687703279302
0.9202,0.915683500252329
0.9203,0.915679303087298
0.9204,0.915675111786439
0.9205,0.915670926351983
0.9206,0.915666746786157
0.9207,0.915662573091194
0.9208,0.915658405269325
0.9209,0.915654243322779
0.921,0.91565008725379
0.9211,0.915645937064589
0.9212,0.915641792757409
0.9213,0.915637654334482
0.9214,0.915633521798041
0.9215,0.91562939515032
0.9216,0.915625274393554
0.9217,0.915621159529976
0.9218,0.915617050561821
0.9219,0.915612947491325
0.922,0.915608850320722
0.9221,0.915604759052249
0.9222,0.915600673688142
0.9223,0.915596594230638
0.9224,0.915592520681974
0.9225,0.915588453044386
0.9226,0.915584391320114
0.9227,0.915580335511395
0.9228,0.915576285620468
0.9229,0.915572241649572
0.923,0.915568203600945
0.9231,0.915564171476829
0.9232,0.915560145279463
0.9233,0.915556125011088
0.9234,0.915552110673945
0.9235,0.915548102270274
0.9236,0.915544099802319
0.9237,0.91554010327232
0.9238,0.915536112682521
0.9239,0.915532128035164
0.924,0.915528149332493
0.9241,0.915524176576751
0.9242,0.915520209770182
0.9243,0.915516248915031
0.9244,0.915512294013543
0.9245,0.915508345067962
0.9246,0.915504402080535
0.9247,0.915500465053508
0.9248,0.915496533989127
0.9249,0.915492608889638
0.925,0.91548868975729
0.9251,0.915484776594329
0.9252,0.915480869403003
0.9253,0.915476968185562
0.9254,0.915473072944253
0.9255,0.915469183681325
0.9256,0.915465300399029
0.9257,0.915461423099615
0.9258,0.915457551785331
0.9259,0.91545368645843
0.926,0.915449827121162
0.9261,0.91544597377578
0.9262,0.915442126424533
0.9263,0.915438285069676
0.9264,0.915434449713461
0.9265,0.91543062035814
0.9266,0.915426797005967
0.9267,0.915422979659196
0.9268,0.915419168320081
0.9269,0.915415362990877
0.927,0.915411563673839
0.9271,0.915407770371221
0.9272,0.915403983085281
0.9273,0.915400201818274
0.9274,0.915396426572457
0.9275,0.915392657350087
0.9276,0.915388894153421
0.9277,0.915385136984717
0.9278,0.915381385846233
0.9279,0.915377640740228
0.928,0.91537390166896
0.9281,0.91537016863469
0.9282,0.915366441639676
0.9283,0.915362720686179
0.9284,0.91535900577646
0.9285,0.915355296912779
0.9286,0.915351594097397
0.9287,0.915347897332577
0.9288,0.91534420662058
0.9289,0.915340521963668
0.929,0.915336843364105
0.9291,0.915333170824154
0.9292,0.915329504346079
0.9293,0.915325843932143
0.9294,0.915322189584612
0.9295,0.915318541305749
0.9296,0.915314899097821
0.9297,0.915311262963092
0.9298,0.91530763290383
0.9299,0.9153040089223
0.93,0.915300391020769
0.9301,0.915296779201505
0.9302,0.915293173466774
0.9303,0.915289573818846
0.9304,0.915285980259988
0.9305,0.915282392792469
0.9306,0.915278811418558
0.9307,0.915275236140525
0.9308,0.91527166696064
0.9309,0.915268103881174
0.931,0.915264546904396
0.9311,0.915260996032579
0.9312,0.915257451267993
0.9313,0.915253912612912
0.9314,0.915250380069607
0.9315,0.915246853640351
0.9316,0.915243333327417
0.9317,0.915239819133079
0.9318,0.915236311059611
0.9319,0.915232809109287
0.932,0.915229313284382
0.9321,0.915225823587171
0.9322,0.915222340019929
0.9323,0.915218862584933
0.9324,0.915215391284459
0.9325,0.915211926120783
0.9326,0.915208467096183
0.9327,0.915205014212936
0.9328,0.91520156747332
0.9329,0.915198126879614
0.933,0.915194692434095
0.9331,0.915191264139045
0.9332,0.915187841996741
0.9333,0.915184426009463
0.9334,0.915181016179493
0.9335,0.915177612509111
0.9336,0.915174215000597
0.9337,0.915170823656234
0.9338,0.915167438478303
0.9339,0.915164059469087
0.934,0.915160686630868
0.9341,0.915157319965929
0.9342,0.915153959476555
0.9343,0.915150605165029
0.9344,0.915147257033634
0.9345,0.915143915084657
0.9346,0.915140579320382
0.9347,0.915137249743095
0.9348,0.91513392635508
0.9349,0.915130609158626
0.935,0.915127298156018
0.9351,0.915123993349543
0.9352,0.91512069474149
0.9353,0.915117402334145
0.9354,0.915114116129798
0.9355,0.915110836130737
0.9356,0.915107562339251
0.9357,0.91510429475763
0.9358,0.915101033388164
0.9359,0.915097778233142
0.936,0.915094529294857
0.9361,0.915091286575598
0.9362,0.915088050077657
0.9363,0.915084819803327
0.9364,0.915081595754899
0.9365,0.915078377934666
0.9366,0.915075166344922
0.9367,0.91507196098796
0.9368,0.915068761866074
0.9369,0.915065568981557
0.937,0.915062382336706
0.9371,0.915059201933815
0.9372,0.915056027775179
0.9373,0.915052859863095
0.9374,0.915049698199859
0.9375,0.915046542787767
0.9376,0.915043393629117
0.9377,0.915040250726207
0.9378,0.915037114081334
0.9379,0.915033983696796
0.938,0.915030859574893
0.9381,0.915027741717923
0.9382,0.915024630128186
0.9383,0.915021524807983
0.9384,0.915018425759612
0.9385,0.915015332985377
0.9386,0.915012246487576
0.9387,0.915009166268512
0.9388,0.915006092330488
0.9389,0.915003024675804
0.939,0.914999963306765
0.9391,0.914996908225674
0.9392,0.914993859434833
0.9393,0.914990816936547
0.9394,0.914987780733121
0.9395,0.914984750826859
0.9396,0.914981727220066
0.9397,0.914978709915049
0.9398,0.914975698914112
0.9399,0.914972694219563
0.94,0.914969695833707
0.9401,0.914966703758854
0.9402,0.91496371799731
0.9403,0.914960738551384
0.9404,0.914957765423383
0.9405,0.914954798615617
0.9406,0.914951838130395
0.9407,0.914948883970026
0.9408,0.914945936136821
0.9409,0.91494299463309
0.941,0.914940059461145
0.9411,0.914937130623295
0.9412,0.914934208121854
0.9413,0.914931291959133
0.9414,0.914928382137445
0.9415,0.914925478659102
0.9416,0.914922581526419
0.9417,0.914919690741708
0.9418,0.914916806307284
0.9419,0.914913928225462
0.942,0.914911056498556
0.9421,0.914908191128882
0.9422,0.914905332118756
0.9423,0.914902479470493
0.9424,0.91489963318641
0.9425,0.914896793268825
0.9426,0.914893959720055
0.9427,0.914891132542417
0.9428,0.914888311738231
0.9429,0.914885497309814
0.943,0.914882689259486
0.9431,0.914879887589566
0.9432,0.914877092302373
0.9433,0.914874303400229
0.9434,0.914871520885453
0.9435,0.914868744760367
0.9436,0.914865975027293
0.9437,0.914863211688552
0.9438,0.914860454746466
0.9439,0.914857704203358
0.944,0.914854960061551
0.9441,0.91485222232337
0.9442,0.914849490991138
0.9443,0.914846766067179
0.9444,0.914844047553818
0.9445,0.914841335453381
0.9446,0.914838629768193
0.9447,0.914835930500579
0.9448,0.914833237652868
0.9449,0.914830551227384
0.945,0.914827871226455
0.9451,0.91482519765241
0.9452,0.914822530507575
0.9453,0.91481986979428
0.9454,0.914817215514854
0.9455,0.914814567671625
0.9456,0.914811926266923
0.9457,0.914809291303079
0.9458,0.914806662782422
0.9459,0.914804040707284
0.946,0.914801425079997
0.9461,0.914798815902891
0.9462,0.914796213178299
0.9463,0.914793616908554
0.9464,0.914791027095988
0.9465,0.914788443742935
0.9466,0.914785866851729
0.9467,0.914783296424704
0.9468,0.914780732464195
0.9469,0.914778174972537
0.947,0.914775623952065
0.9471,0.914773079405115
0.9472,0.914770541334023
0.9473,0.914768009741126
0.9474,0.914765484628762
0.9475,0.914762965999267
0.9476,0.91476045385498
0.9477,0.914757948198239
0.9478,0.914755449031382
0.9479,0.91475295635675
0.948,0.91475047017668
0.9481,0.914747990493515
0.9482,0.914745517309593
0.9483,0.914743050627255
0.9484,0.914740590448844
0.9485,0.9147381367767
0.9486,0.914735689613166
0.9487,0.914733248960584
0.9488,0.914730814821297
0.9489,0.914728387197648
0.949,0.914725966091982
0.9491,0.914723551506642
0.9492,0.914721143443972
0.9493,0.914718741906319
0.9494,0.914716346896026
0.9495,0.91471395841544
0.9496,0.914711576466907
0.9497,0.914709201052773
0.9498,0.914706832175387
0.9499,0.914704469837095
0.95,0.914702114040245
0.9501,0.914699764787185
0.9502,0.914697422080264
0.9503,0.914695085921832
0.9504,0.914692756314237
0.9505,0.91469043325983
0.9506,0.914688116760961
0.9507,0.914685806819981
0.9508,0.914683503439241
0.9509,0.914681206621094
0.951,0.91467891636789
0.9511,0.914676632681982
0.9512,0.914674355565724
0.9513,0.914672085021468
0.9514,0.914669821051568
0.9515,0.914667563658379
0.9516,0.914665312844254
0.9517,0.914663068611549
0.9518,0.914660830962619
0.9519,0.914658599899821
0.952,0.914656375425509
0.9521,0.914654157542041
0.9522,0.914651946251774
0.9523,0.914649741557065
0.9524,0.914647543460271
0.9525,0.914645351963753
0.9526,0.914643167069867
0.9527,0.914640988780974
0.9528,0.914638817099432
0.9529,0.914636652027601
0.953,0.914634493567843
0.9531,0.914632341722517
0.9532,0.914630196493986
0.9533,0.91462805788461
0.9534,0.914625925896752
0.9535,0.914623800532774
0.9536,0.91462168179504
0.9537,0.914619569685912
0.9538,0.914617464207753
0.9539,0.91461536536293
0.954,0.914613273153805
0.9541,0.914611187582744
0.9542,0.914609108652112
0.9543,0.914607036364276
0.9544,0.914604970721601
0.9545,0.914602911726455
0.9546,0.914600859381204
0.9547,0.914598813688215
0.9548,0.914596774649858
0.9549,0.914594742268499
0.955,0.914592716546509
0.9551,0.914590697486256
0.9552,0.914588685090109
0.9553,0.914586679360439
0.9554,0.914584680299617
0.9555,0.914582687910013
0.9556,0.914580702193998
0.9557,0.914578723153944
0.9558,0.914576750792224
0.9559,0.91457478511121
0.956,0.914572826113275
0.9561,0.914570873800792
0.9562,0.914568928176135
0.9563,0.914566989241679
0.9564,0.914565056999799
0.9565,0.914563131452868
0.9566,0.914561212603263
0.9567,0.91455930045336
0.9568,0.914557395005535
0.9569,0.914555496262165
0.957,0.914553604225627
0.9571,0.914551718898299
0.9572,0.914549840282558
0.9573,0.914547968380785
0.9574,0.914546103195356
0.9575,0.914544244728652
0.9576,0.914542392983053
0.9577,0.914540547960938
0.9578,0.914538709664688
0.9579,0.914536878096685
0.958,0.91453505325931
0.9581,0.914533235154944
0.9582,0.914531423785971
0.9583,0.914529619154772
0.9584,0.914527821263732
0.9585,0.914526030115233
0.9586,0.914524245711659
0.9587,0.914522468055395
0.9588,0.914520697148827
0.9589,0.914518932994338
0.959,0.914517175594315
0.9591,0.914515424951144
0.9592,0.914513681067212
0.9593,0.914511943944906
0.9594,0.914510213586612
0.9595,0.914508489994719
0.9596,0.914506773171615
0.9597,0.914505063119689
0.9598,0.914503359841329
0.9599,0.914501663338926
0.96,0.914499973614869
0.9601,0.914498290671548
0.9602,0.914496614511355
0.9603,0.914494945136681
0.9604,0.914493282549916
0.9605,0.914491626753455
0.9606,0.914489977749688
0.9607,0.914488335541009
0.9608,0.914486700129811
0.9609,0.914485071518489
0.961,0.914483449709436
0.9611,0.914481834705047
0.9612,0.914480226507717
0.9613,0.914478625119841
0.9614,0.914477030543817
0.9615,0.914475442782039
0.9616,0.914473861836906
0.9617,0.914472287710813
0.9618,0.914470720406159
0.9619,0.914469159925341
0.962,0.914467606270759
0.9621,0.914466059444812
0.9622,0.914464519449899
0.9623,0.914462986288419
0.9624,0.914461459962773
0.9625,0.914459940475362
0.9626,0.914458427828586
0.9627,0.914456922024847
0.9628,0.914455423066547
0.9629,0.914453930956089
0.963,0.914452445695874
0.9631,0.914450967288307
0.9632,0.914449495735791
0.9633,0.91444803104073
0.9634,0.914446573205529
0.9635,0.914445122232592
0.9636,0.914443678124326
0.9637,0.914442240883135
0.9638,0.914440810511427
0.9639,0.914439387011608
0.964,0.914437970386084
0.9641,0.914436560637265
0.9642,0.914435157767557
0.9643,0.914433761779369
0.9644,0.914432372675109
0.9645,0.914430990457188
0.9646,0.914429615128015
0.9647,0.91442824669
0.9648,0.914426885145553
0.9649,0.914425530497085
0.965,0.914424182747008
0.9651,0.914422841897734
0.9652,0.914421507951675
0.9653,0.914420180911243
0.9654,0.914418860778852
0.9655,0.914417547556916
0.9656,0.914416241247848
0.9657,0.914414941854064
0.9658,0.914413649377977
0.9659,0.914412363822003
0.966,0.914411085188559
0.9661,0.914409813480059
0.9662,0.914408548698922
0.9663,0.914407290847563
0.9664,0.9144060399284
0.9665,0.914404795943852
0.9666,0.914403558896336
0.9667,0.914402328788271
0.9668,0.914401105622077
0.9669,0.914399889400174
0.967,0.91439868012498
0.9671,0.914397477798918
0.9672,0.914396282424407
0.9673,0.91439509400387
0.9674,0.914393912539728
0.9675,0.914392738034404
0.9676,0.914391570490319
0.9677,0.914390409909898
0.9678,0.914389256295564
0.9679,0.91438810964974
0.968,0.914386969974851
0.9681,0.914385837273323
0.9682,0.91438471154758
0.9683,0.914383592800048
0.9684,0.914382481033154
0.9685,0.914381376249324
0.9686,0.914380278450984
0.9687,0.914379187640563
0.9688,0.914378103820488
0.9689,0.914377026993188
0.969,0.914375957161091
0.9691,0.914374894326628
0.9692,0.914373838492227
0.9693,0.914372789660319
0.9694,0.914371747833334
0.9695,0.914370713013703
0.9696,0.914369685203858
0.9697,0.914368664406231
0.9698,0.914367650623253
0.9699,0.914366643857358
0.97,0.914365644110979
0.9701,0.914364651386549
0.9702,0.914363665686502
0.9703,0.914362687013273
0.9704,0.914361715369297
0.9705,0.914360750757009
0.9706,0.914359793178845
0.9707,0.914358842637241
0.9708,0.914357899134634
0.9709,0.914356962673461
0.971,0.91435603325616
0.9711,0.914355110885168
0.9712,0.914354195562924
0.9713,0.914353287291867
0.9714,0.914352386074435
0.9715,0.91435149191307
0.9716,0.914350604810211
0.9717,0.914349724768299
0.9718,0.914348851789774
0.9719,0.914347985877078
0.972,0.914347127032654
0.9721,0.914346275258943
0.9722,0.914345430558388
0.9723,0.914344592933434
0.9724,0.914343762386523
0.9725,0.914342938920099
0.9726,0.914342122536608
0.9727,0.914341313238495
0.9728,0.914340511028204
0.9729,0.914339715908183
0.973,0.914338927880876
0.9731,0.914338146948731
0.9732,0.914337373114195
0.9733,0.914336606379716
0.9734,0.914335846747741
0.9735,0.914335094220721
0.9736,0.914334348801102
0.9737,0.914333610491336
0.9738,0.914332879293871
0.9739,0.914332155211159
0.974,0.914331438245649
0.9741,0.914330728399794
0.9742,0.914330025676044
0.9743,0.914329330076853
0.9744,0.914328641604672
0.9745,0.914327960261954
0.9746,0.914327286051153
0.9747,0.914326618974723
0.9748,0.914325959035119
0.9749,0.914325306234794
0.975,0.914324660576204
0.9751,0.914324022061806
0.9752,0.914323390694054
0.9753,0.914322766475405
0.9754,0.914322149408316
0.9755,0.914321539495246
0.9756,0.914320936738651
0.9757,0.914320341140989
0.9758,0.914319752704721
0.9759,0.914319171432304
0.976,0.914318597326199
0.9761,0.914318030388865
0.9762,0.914317470622765
0.9763,0.914316918030357
0.9764,0.914316372614104
0.9765,0.914315834376467
0.9766,0.914315303319909
0.9767,0.914314779446893
0.9768,0.914314262759882
0.9769,0.91431375326134
0.977,0.91431325095373
0.9771,0.914312755839518
0.9772,0.914312267921168
0.9773,0.914311787201146
0.9774,0.914311313681918
0.9775,0.914310847365949
0.9776,0.914310388255706
0.9777,0.914309936353658
0.9778,0.914309491662271
0.9779,0.914309054184014
0.978,0.914308623921355
0.9781,0.914308200876764
0.9782,0.914307785052709
0.9783,0.914307376451662
0.9784,0.914306975076091
0.9785,0.914306580928469
0.9786,0.914306194011265
0.9787,0.914305814326953
0.9788,0.914305441878004
0.9789,0.91430507666689
0.979,0.914304718696085
0.9791,0.914304367968062
0.9792,0.914304024485295
0.9793,0.914303688250259
0.9794,0.914303359265427
0.9795,0.914303037533277
0.9796,0.914302723056283
0.9797,0.914302415836921
0.9798,0.914302115877669
0.9799,0.914301823181003
0.98,0.9143015377494
0.9801,0.91430125958534
0.9802,0.914300988691299
0.9803,0.914300725069758
0.9804,0.914300468723195
0.9805,0.914300219654091
0.9806,0.914299977864925
0.9807,0.914299743358179
0.9808,0.914299516136333
0.9809,0.914299296201869
0.981,0.914299083557269
0.9811,0.914298878205015
0.9812,0.91429868014759
0.9813,0.914298489387479
0.9814,0.914298305927164
0.9815,0.91429812976913
0.9816,0.914297960915862
0.9817,0.914297799369845
0.9818,0.914297645133565
0.9819,0.914297498209508
0.982,0.91429735860016
0.9821,0.914297226308009
0.9822,0.914297101335541
0.9823,0.914296983685245
0.9824,0.914296873359609
0.9825,0.914296770361123
0.9826,0.914296674692274
0.9827,0.914296586355554
0.9828,0.914296505353451
0.9829,0.914296431688458
0.983,0.914296365363063
0.9831,0.914296306379761
0.9832,0.914296254741041
0.9833,0.914296210449398
0.9834,0.914296173507323
0.9835,0.91429614391731
0.9836,0.914296121681853
0.9837,0.914296106803446
0.9838,0.914296099284584
0.9839,0.914296099127762
0.984,0.914296106335476
0.9841,0.914296120910222
0.9842,0.914296142854496
0.9843,0.914296172170795
0.9844,0.914296208861617
0.9845,0.914296252929459
0.9846,0.914296304376821
0.9847,0.914296363206199
0.9848,0.914296429420095
0.9849,0.914296503021008
0.985,0.914296584011438
0.9851,0.914296672393886
0.9852,0.914296768170852
0.9853,0.914296871344839
0.9854,0.914296981918348
0.9855,0.914297099893882
0.9856,0.914297225273944
0.9857,0.914297358061036
0.9858,0.914297498257664
0.9859,0.914297645866331
0.986,0.914297800889541
0.9861,0.914297963329801
0.9862,0.914298133189616
0.9863,0.914298310471491
0.9864,0.914298495177933
0.9865,0.914298687311451
0.9866,0.91429888687455
0.9867,0.914299093869739
0.9868,0.914299308299526
0.9869,0.914299530166421
0.987,0.914299759472931
0.9871,0.914299996221568
0.9872,0.914300240414842
0.9873,0.914300492055263
0.9874,0.914300751145342
0.9875,0.914301017687592
0.9876,0.914301291684523
0.9877,0.914301573138649
0.9878,0.914301862052483
0.9879,0.914302158428537
0.988,0.914302462269326
0.9881,0.914302773577364
0.9882,0.914303092355167
0.9883,0.914303418605249
0.9884,0.914303752330126
0.9885,0.914304093532314
0.9886,0.91430444221433
0.9887,0.914304798378692
0.9888,0.914305162027916
0.9889,0.914305533164521
0.989,0.914305911791026
0.9891,0.914306297909949
0.9892,0.914306691523809
0.9893,0.914307092635128
0.9894,0.914307501246424
0.9895,0.914307917360219
0.9896,0.914308340979034
0.9897,0.914308772105391
0.9898,0.914309210741811
0.9899,0.914309656890819
0.99,0.914310110554936
0.9901,0.914310571736686
0.9902,0.914311040438594
0.9903,0.914311516663184
0.9904,0.914312000412981
0.9905,0.91431249169051
0.9906,0.914312990498297
0.9907,0.914313496838869
0.9908,0.914314010714753
0.9909,0.914314532128476
0.991,0.914315061082565
0.9911,0.914315597579548
0.9912,0.914316141621955
0.9913,0.914316693212315
0.9914,0.914317252353156
0.9915,0.914317819047009
0.9916,0.914318393296406
0.9917,0.914318975103875
0.9918,0.914319564471951
0.9919,0.914320161403163
0.992,0.914320765900045
0.9921,0.914321377965128
0.9922,0.914321997600948
0.9923,0.914322624810037
0.9924,0.914323259594929
0.9925,0.914323901958159
0.9926,0.914324551902263
0.9927,0.914325209429776
0.9928,0.914325874543235
0.9929,0.914326547245175
0.993,0.914327227538134
0.9931,0.914327915424649
0.9932,0.914328610907259
0.9933,0.914329313988501
0.9934,0.914330024670915
0.9935,0.91433074295704
0.9936,0.914331468849416
0.9937,0.914332202350583
0.9938,0.914332943463083
0.9939,0.914333692189456
0.994,0.914334448532244
0.9941,0.914335212493989
0.9942,0.914335984077235
0.9943,0.914336763284523
0.9944,0.914337550118398
0.9945,0.914338344581404
0.9946,0.914339146676085
0.9947,0.914339956404986
0.9948,0.914340773770653
0.9949,0.914341598775631
0.995,0.914342431422467
0.9951,0.914343271713708
0.9952,0.914344119651901
0.9953,0.914344975239594
0.9954,0.914345838479335
0.9955,0.914346709373673
0.9956,0.914347587925158
0.9957,0.914348474136338
0.9958,0.914349368009764
0.9959,0.914350269547986
0.996,0.914351178753556
0.9961,0.914352095629024
0.9962,0.914353020176944
0.9963,0.914353952399868
0.9964,0.914354892300348
0.9965,0.914355839880938
0.9966,0.914356795144192
0.9967,0.914357758092665
0.9968,0.914358728728911
0.9969,0.914359707055486
0.997,0.914360693074945
0.9971,0.914361686789844
0.9972,0.914362688202741
0.9973,0.914363697316191
0.9974,0.914364714132754
0.9975,0.914365738654987
0.9976,0.914366770885448
0.9977,0.914367810826698
0.9978,0.914368858481294
0.9979,0.914369913851798
0.998,0.91437097694077
0.9981,0.91437204775077
0.9982,0.914373126284362
0.9983,0.914374212544106
0.9984,0.914375306532565
0.9985,0.914376408252301
0.9986,0.914377517705879
0.9987,0.914378634895861
0.9988,0.914379759824813
0.9989,0.914380892495299
0.999,0.914382032909883
0.9991,0.914383181071132
0.9992,0.914384336981612
0.9993,0.914385500643889
0.9994,0.914386672060531
0.9995,0.914387851234106
0.9996,0.91438903816718
0.9997,0.914390232862324
0.9998,0.914391435322105
0.9999,0.914392645549094
1,0.91439386354586
1.0001,0.914395089314974
1.0002,0.914396322859007
1.0003,0.914397564180529
1.0004,0.914398813282114
1.0005,0.914400070166333
1.0006,0.91440133483576
1.0007,0.914402607292967
1.0008,0.914403887540527
1.0009,0.914405175581017
1.001,0.91440647141701
1.0011,0.914407775051082
1.0012,0.914409086485807
1.0013,0.914410405723764
1.0014,0.914411732767527
1.0015,0.914413067619674
1.0016,0.914414410282783
1.0017,0.914415760759432
1.0018,0.9144171190522
1.0019,0.914418485163665
1.002,0.914419859096407
1.0021,0.914421240853005
1.0022,0.914422630436041
1.0023,0.914424027848096
1.0024,0.91442543309175
1.0025,0.914426846169586
1.0026,0.914428267084185
1.0027,0.914429695838132
1.0028,0.914431132434008
1.0029,0.914432576874399
1.003,0.914434029161888
1.0031,0.914435489299059
1.0032,0.914436957288499
1.0033,0.914438433132793
1.0034,0.914439916834527
1.0035,0.914441408396288
1.0036,0.914442907820663
1.0037,0.91444441511024
1.0038,0.914445930267607
1.0039,0.914447453295352
1.004,0.914448984196064
1.0041,0.914450522972334
1.0042,0.91445206962675
1.0043,0.914453624161904
1.0044,0.914455186580387
1.0045,0.91445675688479
1.0046,0.914458335077705
1.0047,0.914459921161724
1.0048,0.914461515139441
1.0049,0.91446311701345
1.005,0.914464726786342
1.0051,0.914466344460714
1.0052,0.91446797003916
1.0053,0.914469603524275
1.0054,0.914471244918655
1.0055,0.914472894224897
1.0056,0.914474551445597
1.0057,0.914476216583352
1.0058,0.914477889640761
1.0059,0.914479570620421
1.006,0.914481259524931
1.0061,0.914482956356891
1.0062,0.9144846611189
1.0063,0.914486373813559
1.0064,0.914488094443467
1.0065,0.914489823011227
1.0066,0.914491559519439
1.0067,0.914493303970705
1.0068,0.91449505636763
1.0069,0.914496816712814
1.007,0.914498585008863
1.0071,0.91450036125838
1.0072,0.914502145463969
1.0073,0.914503937628235
1.0074,0.914505737753785
1.0075,0.914507545843224
1.0076,0.914509361899158
1.0077,0.914511185924195
1.0078,0.914513017920942
1.0079,0.914514857892007
1.008,0.914516705839998
1.0081,0.914518561767524
1.0082,0.914520425677194
1.0083,0.914522297571619
1.0084,0.914524177453409
1.0085,0.914526065325174
1.0086,0.914527961189526
1.0087,0.914529865049077
1.0088,0.914531776906439
1.0089,0.914533696764225
1.009,0.914535624625048
1.0091,0.914537560491522
1.0092,0.914539504366261
1.0093,0.91454145625188
1.0094,0.914543416150994
1.0095,0.91454538406622
1.0096,0.914547360000172
1.0097,0.914549343955468
1.0098,0.914551335934725
1.0099,0.91455333594056
1.01,0.914555343975592
1.0101,0.914557360042439
1.0102,0.914559384143721
1.0103,0.914561416282057
1.0104,0.914563456460066
1.0105,0.914565504680371
1.0106,0.914567560945592
1.0107,0.91456962525835
1.0108,0.914571697621267
1.0109,0.914573778036967
1.011,0.914575866508071
1.0111,0.914577963037204
1.0112,0.91458006762699
1.0113,0.914582180280053
1.0114,0.914584300999018
1.0115,0.914586429786512
1.0116,0.914588566645158
1.0117,0.914590711577585
1.0118,0.914592864586419
1.0119,0.914595025674288
1.012,0.914597194843819
1.0121,0.914599372097641
1.0122,0.914601557438382
1.0123,0.914603750868674
1.0124,0.914605952391144
1.0125,0.914608162008424
1.0126,0.914610379723145
1.0127,0.914612605537938
1.0128,0.914614839455434
1.0129,0.914617081478267
1.013,0.914619331609069
1.0131,0.914621589850474
1.0132,0.914623856205115
1.0133,0.914626130675627
1.0134,0.914628413264644
1.0135,0.914630703974802
1.0136,0.914633002808737
1.0137,0.914635309769085
1.0138,0.914637624858482
1.0139,0.914639948079567
1.014,0.914642279434977
1.0141,0.91464461892735
1.0142,0.914646966559326
1.0143,0.914649322333542
1.0144,0.91465168625264
1.0145,0.914654058319259
1.0146,0.914656438536041
1.0147,0.914658826905626
1.0148,0.914661223430656
1.0149,0.914663628113774
1.015,0.914666040957622
1.0151,0.914668461964844
1.0152,0.914670891138083
1.0153,0.914673328479983
1.0154,0.91467577399319
1.0155,0.914678227680348
1.0156,0.914680689544104
1.0157,0.914683159587103
1.0158,0.914685637811992
1.0159,0.914688124221419
1.016,0.914690618818031
1.0161,0.914693121604476
1.0162,0.914695632583403
1.0163,0.914698151757461
1.0164,0.9147006791293
1.0165,0.91470321470157
1.0166,0.914705758476922
1.0167,0.914708310458008
1.0168,0.914710870647478
1.0169,0.914713439047984
1.017,0.914716015662181
1.0171,0.91471860049272
1.0172,0.914721193542256
1.0173,0.914723794813442
1.0174,0.914726404308935
1.0175,0.914729022031388
1.0176,0.914731647983457
1.0177,0.914734282167799
1.0178,0.91473692458707
1.0179,0.914739575243928
1.018,0.914742234141029
1.0181,0.914744901281032
1.0182,0.914747576666597
1.0183,0.914750260300382
1.0184,0.914752952185046
1.0185,0.914755652323251
1.0186,0.914758360717656
1.0187,0.914761077370923
1.0188,0.914763802285714
1.0189,0.914766535464691
1.019,0.914769276910517
1.0191,0.914772026625854
1.0192,0.914774784613366
1.0193,0.914777550875718
1.0194,0.914780325415574
1.0195,0.9147831082356
1.0196,0.914785899338461
1.0197,0.914788698726823
1.0198,0.914791506403354
1.0199,0.91479432237072
1.02,0.914797146631589
1.0201,0.914799979188629
1.0202,0.91480282004451
1.0203,0.914805669201899
1.0204,0.914808526663467
1.0205,0.914811392431885
1.0206,0.914814266509823
1.0207,0.914817148899952
1.0208,0.914820039604944
1.0209,0.914822938627471
1.021,0.914825845970205
1.0211,0.914828761635821
1.0212,0.914831685626992
1.0213,0.914834617946391
1.0214,0.914837558596695
1.0215,0.914840507580577
1.0216,0.914843464900715
1.0217,0.914846430559784
1.0218,0.914849404560461
1.0219,0.914852386905423
1.022,0.914855377597349
1.0221,0.914858376638916
1.0222,0.914861384032803
1.0223,0.91486439978169
1.0224,0.914867423888256
1.0225,0.914870456355181
1.0226,0.914873497185147
1.0227,0.914876546380835
1.0228,0.914879603944927
1.0229,0.914882669880105
1.023,0.914885744189051
1.0231,0.91488882687445
1.0232,0.914891917938986
1.0233,0.914895017385341
1.0234,0.914898125216203
1.0235,0.914901241434255
1.0236,0.914904366042184
1.0237,0.914907499042676
1.0238,0.914910640438417
1.0239,0.914913790232097
1.024,0.914916948426402
1.0241,0.91492011502402
1.0242,0.914923290027642
1.0243,0.914926473439956
1.0244,0.914929665263652
1.0245,0.914932865501421
1.0246,0.914936074155954
1.0247,0.914939291229941
1.0248,0.914942516726077
1.0249,0.914945750647052
1.025,0.914948992995559
1.0251,0.914952243774293
1.0252,0.914955502985947
1.0253,0.914958770633216
1.0254,0.914962046718795
1.0255,0.91496533124538
1.0256,0.914968624215666
1.0257,0.914971925632351
1.0258,0.914975235498131
1.0259,0.914978553815704
1.026,0.914981880587769
1.0261,0.914985215817023
1.0262,0.914988559506167
1.0263,0.914991911657899
1.0264,0.91499527227492
1.0265,0.91499864135993
1.0266,0.915002018915632
1.0267,0.915005404944726
1.0268,0.915008799449915
1.0269,0.915012202433901
1.027,0.915015613899388
1.0271,0.915019033849079
1.0272,0.915022462285679
1.0273,0.915025899211893
1.0274,0.915029344630426
1.0275,0.915032798543984
1.0276,0.915036260955273
1.0277,0.915039731867
1.0278,0.915043211281872
1.0279,0.915046699202598
1.028,0.915050195631885
1.0281,0.915053700572444
1.0282,0.915057214026982
1.0283,0.915060735998211
1.0284,0.91506426648884
1.0285,0.91506780550158
1.0286,0.915071353039144
1.0287,0.915074909104242
1.0288,0.915078473699588
1.0289,0.915082046827895
1.029,0.915085628491875
1.0291,0.915089218694243
1.0292,0.915092817437714
1.0293,0.915096424725003
1.0294,0.915100040558825
1.0295,0.915103664941897
1.0296,0.915107297876935
1.0297,0.915110939366656
1.0298,0.915114589413779
1.0299,0.91511824802102
1.03,0.915121915191099
1.0301,0.915125590926736
1.0302,0.915129275230649
1.0303,0.91513296810556
1.0304,0.915136669554189
1.0305,0.915140379579257
1.0306,0.915144098183487
1.0307,0.9151478253696
1.0308,0.915151561140319
1.0309,0.915155305498368
1.031,0.915159058446471
1.0311,0.915162819987352
1.0312,0.915166590123736
1.0313,0.915170368858349
1.0314,0.915174156193917
1.0315,0.915177952133165
1.0316,0.915181756678822
1.0317,0.915185569833614
1.0318,0.915189391600271
1.0319,0.91519322198152
1.032,0.915197060980091
1.0321,0.915200908598712
1.0322,0.915204764840115
1.0323,0.915208629707029
1.0324,0.915212503202187
1.0325,0.915216385328319
1.0326,0.915220276088159
1.0327,0.915224175484437
1.0328,0.915228083519889
1.0329,0.915232000197248
1.033,0.915235925519248
1.0331,0.915239859488624
1.0332,0.915243802108111
1.0333,0.915247753380445
1.0334,0.915251713308363
1.0335,0.915255681894602
1.0336,0.915259659141898
1.0337,0.91526364505299
1.0338,0.915267639630617
1.0339,0.915271642877517
1.034,0.91527565479643
1.0341,0.915279675390097
1.0342,0.915283704661256
1.0343,0.915287742612651
1.0344,0.915291789247022
1.0345,0.915295844567112
1.0346,0.915299908575662
1.0347,0.915303981275418
1.0348,0.915308062669121
1.0349,0.915312152759517
1.035,0.91531625154935
1.0351,0.915320359041366
1.0352,0.915324475238311
1.0353,0.91532860014293
1.0354,0.915332733757971
1.0355,0.91533687608618
1.0356,0.915341027130308
1.0357,0.9153451868931
1.0358,0.915349355377307
1.0359,0.915353532585678
1.036,0.915357718520963
1.0361,0.915361913185913
1.0362,0.915366116583279
1.0363,0.915370328715812
1.0364,0.915374549586264
1.0365,0.915378779197389
1.0366,0.915383017551938
1.0367,0.915387264652668
1.0368,0.91539152050233
1.0369,0.91539578510368
1.037,0.915400058459474
1.0371,0.915404340572467
1.0372,0.915408631445417
1.0373,0.915412931081079
1.0374,0.915417239482211
1.0375,0.915421556651571
1.0376,0.915425882591918
1.0377,0.91543021730601
1.0378,0.915434560796608
1.0379,0.915438913066471
1.038,0.915443274118359
1.0381,0.915447643955035
1.0382,0.91545202257926
1.0383,0.915456409993796
1.0384,0.915460806201405
1.0385,0.915465211204851
1.0386,0.915469625006898
1.0387,0.915474047610309
1.0388,0.915478479017851
1.0389,0.915482919232288
1.039,0.915487368256386
1.0391,0.915491826092912
1.0392,0.915496292744633
1.0393,0.915500768214315
1.0394,0.915505252504728
1.0395,0.91550974561864
1.0396,0.915514247558819
1.0397,0.915518758328037
1.0398,0.915523277929062
1.0399,0.915527806364666
1.04,0.915532343637618
1.0401,0.915536889750693
1.0402,0.915541444706661
1.0403,0.915546008508296
1.0404,0.915550581158371
1.0405,0.915555162659659
1.0406,0.915559753014936
1.0407,0.915564352226976
1.0408,0.915568960298554
1.0409,0.915573577232448
1.041,0.915578203031432
1.0411,0.915582837698286
1.0412,0.915587481235785
1.0413,0.915592133646708
1.0414,0.915596794933834
1.0415,0.915601465099943
1.0416,0.915606144147814
1.0417,0.915610832080227
1.0418,0.915615528899963
1.0419,0.915620234609803
1.042,0.91562494921253
1.0421,0.915629672710927
1.0422,0.915634405107775
1.0423,0.915639146405859
1.0424,0.915643896607963
1.0425,0.915648655716871
1.0426,0.915653423735368
1.0427,0.915658200666241
1.0428,0.915662986512274
1.0429,0.915667781276256
1.043,0.915672584960974
1.0431,0.915677397569214
1.0432,0.915682219103766
1.0433,0.915687049567418
1.0434,0.91569188896296
1.0435,0.915696737293183
1.0436,0.915701594560875
1.0437,0.915706460768829
1.0438,0.915711335919836
1.0439,0.915716220016689
1.044,0.915721113062179
1.0441,0.9157260150591
1.0442,0.915730926010247
1.0443,0.915735845918412
1.0444,0.915740774786392
1.0445,0.91574571261698
1.0446,0.915750659412975
1.0447,0.915755615177171
1.0448,0.915760579912366
1.0449,0.915765553621358
1.045,0.915770536306944
1.0451,0.915775527971924
1.0452,0.915780528619096
1.0453,0.91578553825126
1.0454,0.915790556871216
1.0455,0.915795584481766
1.0456,0.915800621085711
1.0457,0.915805666685851
1.0458,0.915810721284991
1.0459,0.915815784885932
1.046,0.915820857491478
1.0461,0.915825939104433
1.0462,0.915831029727602
1.0463,0.91583612936379
1.0464,0.915841238015801
1.0465,0.915846355686444
1.0466,0.915851482378525
1.0467,0.91585661809485
1.0468,0.915861762838227
1.0469,0.915866916611466
1.047,0.915872079417376
1.0471,0.915877251258765
1.0472,0.915882432138444
1.0473,0.915887622059222
1.0474,0.915892821023913
1.0475,0.915898029035326
1.0476,0.915903246096274
1.0477,0.91590847220957
1.0478,0.915913707378027
1.0479,0.915918951604458
1.048,0.91592420489168
1.0481,0.915929467242505
1.0482,0.915934738659751
1.0483,0.915940019146232
1.0484,0.915945308704766
1.0485,0.915950607338169
1.0486,0.91595591504926
1.0487,0.915961231840857
1.0488,0.915966557715777
1.0489,0.915971892676842
1.049,0.915977236726869
1.0491,0.915982589868681
1.0492,0.915987952105097
1.0493,0.91599332343894
1.0494,0.91599870387303
1.0495,0.916004093410192
1.0496,0.916009492053248
1.0497,0.916014899805021
1.0498,0.916020316668336
1.0499,0.916025742646018
1.05,0.916031177740891
1.0501,0.916036621955783
1.0502,0.916042075293519
1.0503,0.916047537756927
1.0504,0.916053009348833
1.0505,0.916058490072067
1.0506,0.916063979929456
1.0507,0.916069478923829
1.0508,0.916074987058017
1.0509,0.91608050433485
1.051,0.916086030757159
1.0511,0.916091566327775
1.0512,0.91609711104953
1.0513,0.916102664925255
1.0514,0.916108227957786
1.0515,0.916113800149954
1.0516,0.916119381504595
1.0517,0.916124972024542
1.0518,0.916130571712631
1.0519,0.916136180571698
1.052,0.916141798604579
1.0521,0.916147425814111
1.0522,0.916153062203131
1.0523,0.916158707774479
1.0524,0.916164362530992
1.0525,0.916170026475509
1.0526,0.916175699610871
1.0527,0.916181381939916
1.0528,0.916187073465487
1.0529,0.916192774190423
1.053,0.916198484117568
1.0531,0.916204203249763
1.0532,0.916209931589852
1.0533,0.916215669140678
1.0534,0.916221415905085
1.0535,0.916227171885919
1.0536,0.916232937086023
1.0537,0.916238711508244
1.0538,0.916244495155428
1.0539,0.916250288030423
1.054,0.916256090136075
1.0541,0.916261901475232
1.0542,0.916267722050742
1.0543,0.916273551865456
1.0544,0.916279390922223
1.0545,0.916285239223893
1.0546,0.916291096773317
1.0547,0.916296963573346
1.0548,0.916302839626832
1.0549,0.916308724936627
1.055,0.916314619505585
1.0551,0.916320523336559
1.0552,0.916326436432403
1.0553,0.916332358795972
1.0554,0.916338290430122
1.0555,0.916344231337706
1.0556,0.916350181521583
1.0557,0.916356140984608
1.0558,0.91636210972964
1.0559,0.916368087759536
1.056,0.916374075077155
1.0561,0.916380071685357
1.0562,0.916386077587
1.0563,0.916392092784946
1.0564,0.916398117282054
1.0565,0.916404151081186
1.0566,0.916410194185205
1.0567,0.916416246596972
1.0568,0.916422308319351
1.0569,0.916428379355206
1.057,0.9164344597074
1.0571,0.916440549378798
1.0572,0.916446648372266
1.0573,0.91645275669067
1.0574,0.916458874336876
1.0575,0.916465001313751
1.0576,0.916471137624163
1.0577,0.916477283270979
1.0578,0.916483438257068
1.0579,0.9164896025853
1.058,0.916495776258545
1.0581,0.916501959279671
1.0582,0.916508151651552
1.0583,0.916514353377057
1.0584,0.91652056445906
1.0585,0.916526784900432
1.0586,0.916533014704047
1.0587,0.916539253872778
1.0588,0.916545502409501
1.0589,0.916551760317089
1.059,0.916558027598418
1.0591,0.916564304256364
1.0592,0.916570590293804
1.0593,0.916576885713615
1.0594,0.916583190518674
1.0595,0.91658950471186
1.0596,0.916595828296052
1.0597,0.916602161274128
1.0598,0.91660850364897
1.0599,0.916614855423457
1.06,0.916621216600471
1.0601,0.916627587182892
1.0602,0.916633967173604
1.0603,0.916640356575488
1.0604,0.916646755391429
1.0605,0.916653163624311
1.0606,0.916659581277017
1.0607,0.916666008352433
1.0608,0.916672444853444
1.0609,0.916678890782938
1.061,0.916685346143799
1.0611,0.916691810938916
1.0612,0.916698285171177
1.0613,0.91670476884347
1.0614,0.916711261958684
1.0615,0.916717764519709
1.0616,0.916724276529435
1.0617,0.916730797990753
1.0618,0.916737328906553
1.0619,0.916743869279728
1.062,0.91675041911317
1.0621,0.916756978409772
1.0622,0.916763547172428
1.0623,0.916770125404032
1.0624,0.916776713107478
1.0625,0.916783310285662
1.0626,0.91678991694148
1.0627,0.916796533077827
1.0628,0.916803158697602
1.0629,0.916809793803701
1.063,0.916816438399023
1.0631,0.916823092486466
1.0632,0.916829756068929
1.0633,0.916836429149314
1.0634,0.916843111730519
1.0635,0.916849803815446
1.0636,0.916856505406996
1.0637,0.916863216508073
1.0638,0.916869937121577
1.0639,0.916876667250413
1.064,0.916883406897485
1.0641,0.916890156065696
1.0642,0.916896914757953
1.0643,0.916903682977161
1.0644,0.916910460726225
1.0645,0.916917248008052
1.0646,0.916924044825549
1.0647,0.916930851181626
1.0648,0.916937667079189
1.0649,0.916944492521149
1.065,0.916951327510414
1.0651,0.916958172049895
1.0652,0.916965026142502
1.0653,0.916971889791146
1.0654,0.916978762998741
1.0655,0.916985645768197
1.0656,0.916992538102428
1.0657,0.916999440004349
1.0658,0.917006351476872
1.0659,0.917013272522913
1.066,0.917020203145387
1.0661,0.917027143347209
1.0662,0.917034093131297
1.0663,0.917041052500567
1.0664,0.917048021457938
1.0665,0.917055000006327
1.0666,0.917061988148653
1.0667,0.917068985887835
1.0668,0.917075993226794
1.0669,0.91708301016845
1.067,0.917090036715725
1.0671,0.917097072871538
1.0672,0.917104118638814
1.0673,0.917111174020475
1.0674,0.917118239019444
1.0675,0.917125313638645
1.0676,0.917132397881004
1.0677,0.917139491749445
1.0678,0.917146595246893
1.0679,0.917153708376276
1.068,0.91716083114052
1.0681,0.917167963542552
1.0682,0.9171751055853
1.0683,0.917182257271694
1.0684,0.917189418604662
1.0685,0.917196589587134
1.0686,0.917203770222041
1.0687,0.917210960512314
1.0688,0.917218160460883
1.0689,0.917225370070682
1.069,0.917232589344643
1.0691,0.917239818285699
1.0692,0.917247056896784
1.0693,0.917254305180833
1.0694,0.917261563140781
1.0695,0.917268830779564
1.0696,0.917276108100117
1.0697,0.917283395105377
1.0698,0.917290691798283
1.0699,0.917297998181771
1.07,0.91730531425878
1.0701,0.91731264003225
1.0702,0.917319975505119
1.0703,0.917327320680329
1.0704,0.91733467556082
1.0705,0.917342040149533
1.0706,0.917349414449412
1.0707,0.917356798463397
1.0708,0.917364192194433
1.0709,0.917371595645464
1.071,0.917379008819433
1.0711,0.917386431719285
1.0712,0.917393864347967
1.0713,0.917401306708424
1.0714,0.917408758803602
1.0715,0.91741622063645
1.0716,0.917423692209915
1.0717,0.917431173526946
1.0718,0.917438664590492
1.0719,0.917446165403502
1.072,0.917453675968927
1.0721,0.917461196289717
1.0722,0.917468726368824
1.0723,0.9174762662092
1.0724,0.917483815813798
1.0725,0.91749137518557
1.0726,0.917498944327471
1.0727,0.917506523242454
1.0728,0.917514111933476
1.0729,0.91752171040349
1.073,0.917529318655455
1.0731,0.917536936692325
1.0732,0.917544564517059
1.0733,0.917552202132614
1.0734,0.917559849541949
1.0735,0.917567506748022
1.0736,0.917575173753795
1.0737,0.917582850562226
1.0738,0.917590537176276
1.0739,0.917598233598908
1.074,0.917605939833082
1.0741,0.917613655881762
1.0742,0.917621381747911
1.0743,0.917629117434493
1.0744,0.917636862944472
1.0745,0.917644618280812
1.0746,0.91765238344648
1.0747,0.917660158444442
1.0748,0.917667943277664
1.0749,0.917675737949114
1.075,0.917683542461759
1.0751,0.917691356818569
1.0752,0.917699181022512
1.0753,0.917707015076558
1.0754,0.917714858983677
1.0755,0.91772271274684
1.0756,0.917730576369019
1.0757,0.917738449853186
1.0758,0.917746333202313
1.0759,0.917754226419374
1.076,0.917762129507342
1.0761,0.917770042469192
1.0762,0.9177779653079
1.0763,0.91778589802644
1.0764,0.91779384062779
1.0765,0.917801793114925
1.0766,0.917809755490824
1.0767,0.917817727758464
1.0768,0.917825709920824
1.0769,0.917833701980883
1.077,0.917841703941622
1.0771,0.917849715806019
1.0772,0.917857737577057
1.0773,0.917865769257717
1.0774,0.917873810850981
1.0775,0.917881862359832
1.0776,0.917889923787254
1.0777,0.91789799513623
1.0778,0.917906076409746
1.0779,0.917914167610785
1.078,0.917922268742335
1.0781,0.91793037980738
1.0782,0.91793850080891
1.0783,0.91794663174991
1.0784,0.917954772633369
1.0785,0.917962923462276
1.0786,0.91797108423962
1.0787,0.917979254968391
1.0788,0.91798743565158
1.0789,0.917995626292178
1.079,0.918003826893177
1.0791,0.918012037457569
1.0792,0.918020257988347
1.0793,0.918028488488505
1.0794,0.918036728961037
1.0795,0.918044979408937
1.0796,0.918053239835202
1.0797,0.918061510242827
1.0798,0.918069790634808
1.0799,0.918078081014143
1.08,0.91808638138383
1.0801,0.918094691746867
1.0802,0.918103012106253
1.0803,0.918111342464987
1.0804,0.91811968282607
1.0805,0.918128033192503
1.0806,0.918136393567286
1.0807,0.918144763953424
1.0808,0.918153144353917
1.0809,0.918161534771769
1.081,0.918169935209984
1.0811,0.918178345671566
1.0812,0.91818676615952
1.0813,0.918195196676852
1.0814,0.918203637226567
1.0815,0.918212087811674
1.0816,0.918220548435179
1.0817,0.91822901910009
1.0818,0.918237499809416
1.0819,0.918245990566166
1.082,0.91825449137335
1.0821,0.918263002233978
1.0822,0.918271523151062
1.0823,0.918280054127614
1.0824,0.918288595166645
1.0825,0.918297146271168
1.0826,0.918305707444198
1.0827,0.918314278688747
1.0828,0.918322860007831
1.0829,0.918331451404466
1.083,0.918340052881666
1.0831,0.918348664442449
1.0832,0.918357286089831
1.0833,0.918365917826831
1.0834,0.918374559656466
1.0835,0.918383211581756
1.0836,0.91839187360572
1.0837,0.918400545731379
1.0838,0.918409227961752
1.0839,0.918417920299863
1.084,0.918426622748732
1.0841,0.918435335311382
1.0842,0.918444057990837
1.0843,0.918452790790121
1.0844,0.918461533712257
1.0845,0.918470286760271
1.0846,0.918479049937188
1.0847,0.918487823246036
1.0848,0.918496606689839
1.0849,0.918505400271627
1.085,0.918514203994427
1.0851,0.918523017861268
1.0852,0.918531841875179
1.0853,0.91854067603919
1.0854,0.918549520356332
1.0855,0.918558374829635
1.0856,0.918567239462133
1.0857,0.918576114256856
1.0858,0.918584999216839
1.0859,0.918593894345115
1.086,0.918602799644718
1.0861,0.918611715118682
1.0862,0.918620640770044
1.0863,0.918629576601839
1.0864,0.918638522617105
1.0865,0.918647478818877
1.0866,0.918656445210195
1.0867,0.918665421794097
1.0868,0.918674408573621
1.0869,0.918683405551808
1.087,0.918692412731699
1.0871,0.918701430116333
1.0872,0.918710457708754
1.0873,0.918719495512002
1.0874,0.918728543529121
1.0875,0.918737601763154
1.0876,0.918746670217146
1.0877,0.91875574889414
1.0878,0.918764837797182
1.0879,0.918773936929319
1.088,0.918783046293596
1.0881,0.918792165893061
1.0882,0.918801295730762
1.0883,0.918810435809746
1.0884,0.918819586133063
1.0885,0.918828746703763
1.0886,0.918837917524896
1.0887,0.918847098599512
1.0888,0.918856289930664
1.0889,0.918865491521403
1.089,0.918874703374782
1.0891,0.918883925493854
1.0892,0.918893157881673
1.0893,0.918902400541295
1.0894,0.918911653475773
1.0895,0.918920916688164
1.0896,0.918930190181525
1.0897,0.918939473958912
1.0898,0.918948768023382
1.0899,0.918958072377995
1.09,0.918967387025808
1.0901,0.918976711969883
1.0902,0.918986047213278
1.0903,0.918995392759055
1.0904,0.919004748610274
1.0905,0.919014114769999
1.0906,0.919023491241291
1.0907,0.919032878027213
1.0908,0.919042275130831
1.0909,0.919051682555207
1.091,0.919061100303408
1.0911,0.919070528378499
1.0912,0.919079966783547
1.0913,0.919089415521618
1.0914,0.919098874595781
1.0915,0.919108344009103
1.0916,0.919117823764653
1.0917,0.919127313865501
1.0918,0.919136814314716
1.0919,0.919146325115371
1.092,0.919155846270535
1.0921,0.919165377783281
1.0922,0.919174919656682
1.0923,0.91918447189381
1.0924,0.91919403449774
1.0925,0.919203607471546
1.0926,0.919213190818303
1.0927,0.919222784541087
1.0928,0.919232388642975
1.0929,0.919242003127043
1.093,0.919251627996369
1.0931,0.919261263254031
1.0932,0.919270908903109
1.0933,0.919280564946682
1.0934,0.919290231387829
1.0935,0.919299908229631
1.0936,0.919309595475171
1.0937,0.919319293127529
1.0938,0.919329001189789
1.0939,0.919338719665034
1.094,0.919348448556348
1.0941,0.919358187866815
1.0942,0.919367937599521
1.0943,0.919377697757551
1.0944,0.919387468343992
1.0945,0.91939724936193
1.0946,0.919407040814454
1.0947,0.919416842704651
1.0948,0.919426655035611
1.0949,0.919436477810424
1.095,0.91944631103218
1.0951,0.919456154703968
1.0952,0.919466008828882
1.0953,0.919475873410013
1.0954,0.919485748450453
1.0955,0.919495633953296
1.0956,0.919505529921636
1.0957,0.919515436358567
1.0958,0.919525353267185
1.0959,0.919535280650585
1.096,0.919545218511864
1.0961,0.91955516685412
1.0962,0.91956512568045
1.0963,0.919575094993952
1.0964,0.919585074797726
1.0965,0.919595065094871
1.0966,0.919605065888487
1.0967,0.919615077181676
1.0968,0.919625098977539
1.0969,0.919635131279178
1.097,0.919645174089696
1.0971,0.919655227412197
1.0972,0.919665291249784
1.0973,0.919675365605564
1.0974,0.91968545048264
1.0975,0.919695545884119
1.0976,0.919705651813108
1.0977,0.919715768272713
1.0978,0.919725895266044
1.0979,0.919736032796208
1.098,0.919746180866314
1.0981,0.919756339479473
1.0982,0.919766508638794
1.0983,0.91977668834739
1.0984,0.919786878608371
1.0985,0.91979707942485
1.0986,0.919807290799941
1.0987,0.919817512736757
1.0988,0.919827745238411
1.0989,0.91983798830802
1.099,0.919848241948699
1.0991,0.919858506163563
1.0992,0.919868780955731
1.0993,0.919879066328318
1.0994,0.919889362284444
1.0995,0.919899668827227
1.0996,0.919909985959787
1.0997,0.919920313685244
1.0998,0.919930652006718
1.0999,0.91994100092733
1.1,0.919951360450204
1.1001,0.919961730578461
1.1002,0.919972111315224
1.1003,0.919982502663619
1.1004,0.919992904626768
1.1005,0.920003317207797
1.1006,0.920013740409832
1.1007,0.920024174235999
1.1008,0.920034618689427
1.1009,0.920045073773241
1.101,0.920055539490571
1.1011,0.920066015844546
1.1012,0.920076502838296
1.1013,0.920087000474951
1.1014,0.920097508757641
1.1015,0.920108027689499
1.1016,0.920118557273656
1.1017,0.920129097513246
1.1018,0.920139648411402
1.1019,0.920150209971258
1.102,0.92016078219595
1.1021,0.920171365088612
1.1022,0.920181958652382
1.1023,0.920192562890394
1.1024,0.920203177805788
1.1025,0.920213803401701
1.1026,0.920224439681272
1.1027,0.920235086647639
1.1028,0.920245744303944
1.1029,0.920256412653327
1.103,0.920267091698929
1.1031,0.920277781443892
1.1032,0.920288481891359
1.1033,0.920299193044472
1.1034,0.920309914906376
1.1035,0.920320647480216
1.1036,0.920331390769137
1.1037,0.920342144776283
1.1038,0.920352909504803
1.1039,0.920363684957842
1.104,0.92037447113855
1.1041,0.920385268050073
1.1042,0.920396075695562
1.1043,0.920406894078166
1.1044,0.920417723201035
1.1045,0.92042856306732
1.1046,0.920439413680174
1.1047,0.920450275042748
1.1048,0.920461147158196
1.1049,0.92047203002967
1.105,0.920482923660326
1.1051,0.920493828053318
1.1052,0.920504743211802
1.1053,0.920515669138934
1.1054,0.920526605837871
1.1055,0.92053755331177
1.1056,0.92054851156379
1.1057,0.920559480597089
1.1058,0.920570460414828
1.1059,0.920581451020166
1.106,0.920592452416263
1.1061,0.920603464606282
1.1062,0.920614487593384
1.1063,0.920625521380733
1.1064,0.920636565971491
1.1065,0.920647621368823
1.1066,0.920658687575894
1.1067,0.920669764595869
1.1068,0.920680852431914
1.1069,0.920691951087195
1.107,0.920703060564879
1.1071,0.920714180868136
1.1072,0.920725312000133
1.1073,0.92073645396404
1.1074,0.920747606763026
1.1075,0.920758770400263
1.1076,0.920769944878921
1.1077,0.920781130202173
1.1078,0.920792326373192
1.1079,0.92080353339515
1.108,0.920814751271222
1.1081,0.920825980004581
1.1082,0.920837219598403
1.1083,0.920848470055865
1.1084,0.920859731380142
1.1085,0.920871003574412
1.1086,0.920882286641853
1.1087,0.920893580585643
1.1088,0.920904885408961
1.1089,0.920916201114987
1.109,0.920927527706902
1.1091,0.920938865187886
1.1092,0.920950213561122
1.1093,0.920961572829792
1.1094,0.920972942997078
1.1095,0.920984324066166
1.1096,0.920995716040239
1.1097,0.921007118922482
1.1098,0.921018532716082
1.1099,0.921029957424224
1.11,0.921041393050096
1.1101,0.921052839596885
1.1102,0.921064297067781
1.1103,0.921075765465971
1.1104,0.921087244794646
1.1105,0.921098735056997
1.1106,0.921110236256213
1.1107,0.921121748395488
1.1108,0.921133271478013
1.1109,0.921144805506982
1.111,0.921156350485588
1.1111,0.921167906417025
1.1112,0.921179473304489
1.1113,0.921191051151176
1.1114,0.921202639960281
1.1115,0.921214239735002
1.1116,0.921225850478536
1.1117,0.921237472194082
1.1118,0.921249104884839
1.1119,0.921260748554007
1.112,0.921272403204786
1.1121,0.921284068840376
1.1122,0.921295745463979
1.1123,0.921307433078799
1.1124,0.921319131688037
1.1125,0.921330841294898
1.1126,0.921342561902587
1.1127,0.921354293514307
1.1128,0.921366036133265
1.1129,0.921377789762667
1.113,0.921389554405721
1.1131,0.921401330065633
1.1132,0.921413116745613
1.1133,0.921424914448869
1.1134,0.921436723178611
1.1135,0.921448542938049
1.1136,0.921460373730394
1.1137,0.921472215558859
1.1138,0.921484068426654
1.1139,0.921495932336995
1.114,0.921507807293093
1.1141,0.921519693298165
1.1142,0.921531590355424
1.1143,0.921543498468087
1.1144,0.921555417639371
1.1145,0.921567347872491
1.1146,0.921579289170666
1.1147,0.921591241537115
1.1148,0.921603204975056
1.1149,0.921615179487709
1.115,0.921627165078294
1.1151,0.921639161750033
1.1152,0.921651169506148
1.1153,0.921663188349861
1.1154,0.921675218284396
1.1155,0.921687259312974
1.1156,0.921699311438822
1.1157,0.921711374665165
1.1158,0.921723448995228
1.1159,0.921735534432237
1.116,0.92174763097942
1.1161,0.921759738640005
1.1162,0.921771857417221
1.1163,0.921783987314296
1.1164,0.921796128334461
1.1165,0.921808280480945
1.1166,0.921820443756981
1.1167,0.9218326181658
1.1168,0.921844803710634
1.1169,0.921857000394717
1.117,0.921869208221283
1.1171,0.921881427193566
1.1172,0.921893657314802
1.1173,0.921905898588227
1.1174,0.921918151017078
1.1175,0.921930414604591
1.1176,0.921942689354005
1.1177,0.921954975268558
1.1178,0.92196727235149
1.1179,0.921979580606041
1.118,0.921991900035451
1.1181,0.922004230642961
1.1182,0.922016572431814
1.1183,0.922028925405254
1.1184,0.922041289566522
1.1185,0.922053664918864
1.1186,0.922066051465523
1.1187,0.922078449209746
1.1188,0.922090858154778
1.1189,0.922103278303867
1.119,0.922115709660259
1.1191,0.922128152227204
1.1192,0.922140606007949
1.1193,0.922153071005744
1.1194,0.92216554722384
1.1195,0.922178034665488
1.1196,0.922190533333939
1.1197,0.922203043232446
1.1198,0.922215564364261
1.1199,0.922228096732638
1.12,0.922240640340831
1.1201,0.922253195192095
1.1202,0.922265761289687
1.1203,0.922278338636862
1.1204,0.922290927236877
1.1205,0.922303527092992
1.1206,0.922316138208463
1.1207,0.92232876058655
1.1208,0.922341394230512
1.1209,0.922354039143611
1.121,0.922366695329107
1.1211,0.922379362790262
1.1212,0.922392041530339
1.1213,0.922404731552601
1.1214,0.922417432860312
1.1215,0.922430145456736
1.1216,0.922442869345139
1.1217,0.922455604528787
1.1218,0.922468351010947
1.1219,0.922481108794885
1.122,0.92249387788387
1.1221,0.92250665828117
1.1222,0.922519449990055
1.1223,0.922532253013796
1.1224,0.922545067355662
1.1225,0.922557893018925
1.1226,0.922570730006858
1.1227,0.922583578322733
1.1228,0.922596437969824
1.1229,0.922609308951404
1.123,0.92262219127075
1.1231,0.922635084931137
1.1232,0.92264798993584
1.1233,0.922660906288137
1.1234,0.922673833991305
1.1235,0.922686773048624
1.1236,0.922699723463371
1.1237,0.922712685238827
1.1238,0.922725658378272
1.1239,0.922738642884988
1.124,0.922751638762256
1.1241,0.922764646013359
1.1242,0.92277766464158
1.1243,0.922790694650202
1.1244,0.922803736042511
1.1245,0.922816788821792
1.1246,0.92282985299133
1.1247,0.922842928554413
1.1248,0.922856015514328
1.1249,0.922869113874362
1.125,0.922882223637805
1.1251,0.922895344807947
1.1252,0.922908477388077
1.1253,0.922921621381486
1.1254,0.922934776791466
1.1255,0.922947943621309
1.1256,0.922961121874308
1.1257,0.922974311553756
1.1258,0.922987512662948
1.1259,0.923000725205179
1.126,0.923013949183745
1.1261,0.923027184601942
1.1262,0.923040431463067
1.1263,0.923053689770418
1.1264,0.923066959527294
1.1265,0.923080240736993
1.1266,0.923093533402816
1.1267,0.923106837528063
1.1268,0.923120153116036
1.1269,0.923133480170036
1.127,0.923146818693367
1.1271,0.923160168689331
1.1272,0.923173530161233
1.1273,0.923186903112377
1.1274,0.923200287546069
1.1275,0.923213683465616
1.1276,0.923227090874324
1.1277,0.9232405097755
1.1278,0.923253940172454
1.1279,0.923267382068495
1.128,0.92328083546693
1.1281,0.923294300371073
1.1282,0.923307776784232
1.1283,0.92332126470972
1.1284,0.923334764150849
1.1285,0.923348275110934
1.1286,0.923361797593287
1.1287,0.923375331601223
1.1288,0.923388877138059
1.1289,0.923402434207108
1.129,0.92341600281169
1.1291,0.92342958295512
1.1292,0.923443174640717
1.1293,0.9234567778718
1.1294,0.923470392651689
1.1295,0.923484018983703
1.1296,0.923497656871163
1.1297,0.923511306317392
1.1298,0.923524967325711
1.1299,0.923538639899444
1.13,0.923552324041915
1.1301,0.923566019756447
1.1302,0.923579727046367
1.1303,0.923593445915
1.1304,0.923607176365672
1.1305,0.923620918401711
1.1306,0.923634672026445
1.1307,0.923648437243203
1.1308,0.923662214055313
1.1309,0.923676002466107
1.131,0.923689802478915
1.1311,0.923703614097068
1.1312,0.923717437323899
1.1313,0.923731272162741
1.1314,0.923745118616927
1.1315,0.923758976689792
1.1316,0.923772846384672
1.1317,0.923786727704901
1.1318,0.923800620653817
1.1319,0.923814525234755
1.132,0.923828441451056
1.1321,0.923842369306056
1.1322,0.923856308803097
1.1323,0.923870259945516
1.1324,0.923884222736656
1.1325,0.923898197179858
1.1326,0.923912183278463
1.1327,0.923926181035816
1.1328,0.923940190455259
1.1329,0.923954211540138
1.133,0.923968244293797
1.1331,0.923982288719581
1.1332,0.923996344820837
1.1333,0.924010412600913
1.1334,0.924024492063157
1.1335,0.924038583210916
1.1336,0.924052686047541
1.1337,0.924066800576381
1.1338,0.924080926800787
1.1339,0.924095064724111
1.134,0.924109214349704
1.1341,0.924123375680921
1.1342,0.924137548721114
1.1343,0.924151733473637
1.1344,0.924165929941847
1.1345,0.924180138129098
1.1346,0.924194358038747
1.1347,0.924208589674151
1.1348,0.924222833038669
1.1349,0.924237088135658
1.135,0.924251354968479
1.1351,0.924265633540491
1.1352,0.924279923855055
1.1353,0.924294225915532
1.1354,0.924308539725286
1.1355,0.924322865287678
1.1356,0.924337202606073
1.1357,0.924351551683835
1.1358,0.924365912524329
1.1359,0.92438028513092
1.136,0.924394669506976
1.1361,0.924409065655863
1.1362,0.92442347358095
1.1363,0.924437893285605
1.1364,0.924452324773198
1.1365,0.924466768047099
1.1366,0.924481223110679
1.1367,0.924495689967309
1.1368,0.924510168620361
1.1369,0.92452465907321
1.137,0.924539161329227
1.1371,0.924553675391789
1.1372,0.92456820126427
1.1373,0.924582738950046
1.1374,0.924597288452493
1.1375,0.924611849774989
1.1376,0.924626422920913
1.1377,0.924641007893643
1.1378,0.924655604696558
1.1379,0.924670213333039
1.138,0.924684833806467
1.1381,0.924699466120223
1.1382,0.924714110277691
1.1383,0.924728766282252
1.1384,0.924743434137291
1.1385,0.924758113846193
1.1386,0.924772805412343
1.1387,0.924787508839127
1.1388,0.924802224129931
1.1389,0.924816951288144
1.139,0.924831690317154
1.1391,0.924846441220349
1.1392,0.924861204001119
1.1393,0.924875978662856
1.1394,0.924890765208948
1.1395,0.92490556364279
1.1396,0.924920373967773
1.1397,0.924935196187292
1.1398,0.924950030304739
1.1399,0.924964876323509
1.14,0.924979734246998
1.1401,0.924994604078603
1.1402,0.92500948582172
1.1403,0.925024379479746
1.1404,0.925039285056081
1.1405,0.925054202554124
1.1406,0.925069131977275
1.1407,0.925084073328934
1.1408,0.925099026612503
1.1409,0.925113991831383
1.141,0.925128968988978
1.1411,0.925143958088692
1.1412,0.925158959133928
1.1413,0.925173972128091
1.1414,0.925188997074588
1.1415,0.925204033976825
1.1416,0.925219082838209
1.1417,0.925234143662149
1.1418,0.925249216452051
1.1419,0.925264301211327
1.142,0.925279397943387
1.1421,0.925294506651641
1.1422,0.925309627339501
1.1423,0.925324760010379
1.1424,0.925339904667688
1.1425,0.925355061314843
1.1426,0.925370229955259
1.1427,0.925385410592349
1.1428,0.925400603229531
1.1429,0.925415807870221
1.143,0.925431024517837
1.1431,0.925446253175796
1.1432,0.925461493847519
1.1433,0.925476746536424
1.1434,0.925492011245932
1.1435,0.925507287979464
1.1436,0.925522576740442
1.1437,0.92553787753229
1.1438,0.925553190358429
1.1439,0.925568515222285
1.144,0.925583852127283
1.1441,0.925599201076847
1.1442,0.925614562074405
1.1443,0.925629935123384
1.1444,0.925645320227211
1.1445,0.925660717389314
1.1446,0.925676126613125
1.1447,0.925691547902072
1.1448,0.925706981259585
1.1449,0.925722426689098
1.145,0.925737884194042
1.1451,0.92575335377785
1.1452,0.925768835443955
1.1453,0.925784329195793
1.1454,0.925799835036799
1.1455,0.925815352970409
1.1456,0.925830883000058
1.1457,0.925846425129186
1.1458,0.92586197936123
1.1459,0.92587754569963
1.146,0.925893124147824
1.1461,0.925908714709254
1.1462,0.925924317387361
1.1463,0.925939932185587
1.1464,0.925955559107374
1.1465,0.925971198156166
1.1466,0.925986849335407
1.1467,0.926002512648542
1.1468,0.926018188099017
1.1469,0.926033875690279
1.147,0.926049575425774
1.1471,0.92606528730895
1.1472,0.926081011343257
1.1473,0.926096747532144
1.1474,0.92611249587906
1.1475,0.926128256387457
1.1476,0.926144029060787
1.1477,0.926159813902501
1.1478,0.926175610916053
1.1479,0.926191420104897
1.148,0.926207241472488
1.1481,0.926223075022281
1.1482,0.926238920757731
1.1483,0.926254778682297
1.1484,0.926270648799435
1.1485,0.926286531112605
1.1486,0.926302425625265
1.1487,0.926318332340875
1.1488,0.926334251262896
1.1489,0.92635018239479
1.149,0.926366125740018
1.1491,0.926382081302044
1.1492,0.92639804908433
1.1493,0.926414029090342
1.1494,0.926430021323545
1.1495,0.926446025787404
1.1496,0.926462042485386
1.1497,0.926478071420959
1.1498,0.926494112597591
1.1499,0.926510166018751
1.15,0.926526231687908
1.1501,0.926542309608533
1.1502,0.926558399784097
1.1503,0.926574502218073
1.1504,0.926590616913932
1.1505,0.926606743875149
1.1506,0.926622883105196
1.1507,0.926639034607551
1.1508,0.926655198385687
1.1509,0.926671374443083
1.151,0.926687562783214
1.1511,0.92670376340956
1.1512,0.926719976325598
1.1513,0.926736201534809
1.1514,0.926752439040672
1.1515,0.926768688846669
1.1516,0.926784950956281
1.1517,0.926801225372991
1.1518,0.926817512100282
1.1519,0.926833811141639
1.152,0.926850122500547
1.1521,0.92686644618049
1.1522,0.926882782184956
1.1523,0.926899130517431
1.1524,0.926915491181403
1.1525,0.926931864180361
1.1526,0.926948249517795
1.1527,0.926964647197194
1.1528,0.92698105722205
1.1529,0.926997479595853
1.153,0.927013914322097
1.1531,0.927030361404274
1.1532,0.927046820845879
1.1533,0.927063292650407
1.1534,0.927079776821352
1.1535,0.927096273362212
1.1536,0.927112782276482
1.1537,0.927129303567662
1.1538,0.927145837239249
1.1539,0.927162383294742
1.154,0.927178941737642
1.1541,0.92719551257145
1.1542,0.927212095799666
1.1543,0.927228691425794
1.1544,0.927245299453337
1.1545,0.927261919885798
1.1546,0.927278552726682
1.1547,0.927295197979495
1.1548,0.927311855647743
1.1549,0.927328525734932
1.155,0.92734520824457
1.1551,0.927361903180167
1.1552,0.927378610545231
1.1553,0.927395330343272
1.1554,0.927412062577801
1.1555,0.927428807252329
1.1556,0.92744556437037
1.1557,0.927462333935435
1.1558,0.927479115951039
1.1559,0.927495910420697
1.156,0.927512717347923
1.1561,0.927529536736234
1.1562,0.927546368589147
1.1563,0.927563212910179
1.1564,0.927580069702849
1.1565,0.927596938970677
1.1566,0.927613820717182
1.1567,0.927630714945885
1.1568,0.927647621660307
1.1569,0.927664540863973
1.157,0.927681472560403
1.1571,0.927698416753123
1.1572,0.927715373445656
1.1573,0.927732342641528
1.1574,0.927749324344266
1.1575,0.927766318557396
1.1576,0.927783325284445
1.1577,0.927800344528944
1.1578,0.92781737629442
1.1579,0.927834420584403
1.158,0.927851477402426
1.1581,0.927868546752018
1.1582,0.927885628636714
1.1583,0.927902723060045
1.1584,0.927919830025546
1.1585,0.927936949536752
1.1586,0.927954081597197
1.1587,0.927971226210419
1.1588,0.927988383379955
1.1589,0.928005553109342
1.159,0.928022735402118
1.1591,0.928039930261824
1.1592,0.928057137691999
1.1593,0.928074357696184
1.1594,0.928091590277921
1.1595,0.928108835440753
1.1596,0.928126093188222
1.1597,0.928143363523873
1.1598,0.92816064645125
1.1599,0.928177941973899
1.16,0.928195250095367
1.1601,0.9282125708192
1.1602,0.928229904148947
1.1603,0.928247250088156
1.1604,0.928264608640377
1.1605,0.928281979809159
1.1606,0.928299363598055
1.1607,0.928316760010616
1.1608,0.928334169050394
1.1609,0.928351590720943
1.161,0.928369025025818
1.1611,0.928386471968572
1.1612,0.928403931552762
1.1613,0.928421403781944
1.1614,0.928438888659677
1.1615,0.928456386189517
1.1616,0.928473896375024
1.1617,0.928491419219757
1.1618,0.928508954727278
1.1619,0.928526502901146
1.162,0.928544063744925
1.1621,0.928561637262176
1.1622,0.928579223456465
1.1623,0.928596822331354
1.1624,0.92861443389041
1.1625,0.928632058137198
1.1626,0.928649695075284
1.1627,0.928667344708237
1.1628,0.928685007039625
1.1629,0.928702682073016
1.163,0.928720369811982
1.1631,0.928738070260091
1.1632,0.928755783420916
1.1633,0.928773509298029
1.1634,0.928791247895004
1.1635,0.928808999215413
1.1636,0.928826763262832
1.1637,0.928844540040836
1.1638,0.928862329553002
1.1639,0.928880131802905
1.164,0.928897946794125
1.1641,0.928915774530239
1.1642,0.928933615014826
1.1643,0.928951468251468
1.1644,0.928969334243745
1.1645,0.928987212995238
1.1646,0.92900510450953
1.1647,0.929023008790204
1.1648,0.929040925840846
1.1649,0.929058855665038
1.165,0.929076798266368
1.1651,0.929094753648422
1.1652,0.929112721814786
1.1653,0.92913070276905
1.1654,0.929148696514802
1.1655,0.929166703055631
1.1656,0.929184722395129
1.1657,0.929202754536886
1.1658,0.929220799484494
1.1659,0.929238857241546
1.166,0.929256927811636
1.1661,0.929275011198359
1.1662,0.929293107405308
1.1663,0.929311216436082
1.1664,0.929329338294276
1.1665,0.929347472983487
1.1666,0.929365620507315
1.1667,0.929383780869358
1.1668,0.929401954073217
1.1669,0.929420140122492
1.167,0.929438339020785
1.1671,0.929456550771698
1.1672,0.929474775378834
1.1673,0.929493012845799
1.1674,0.929511263176195
1.1675,0.92952952637363
1.1676,0.929547802441709
1.1677,0.92956609138404
1.1678,0.92958439320423
1.1679,0.929602707905889
1.168,0.929621035492625
1.1681,0.92963937596805
1.1682,0.929657729335774
1.1683,0.929676095599409
1.1684,0.929694474762569
1.1685,0.929712866828867
1.1686,0.929731271801917
1.1687,0.929749689685335
1.1688,0.929768120482736
1.1689,0.929786564197738
1.169,0.929805020833957
1.1691,0.929823490395013
1.1692,0.929841972884525
1.1693,0.929860468306113
1.1694,0.929878976663397
1.1695,0.92989749796
1.1696,0.929916032199543
1.1697,0.929934579385651
1.1698,0.929953139521946
1.1699,0.929971712612054
1.17,0.929990298659601
1.1701,0.930008897668213
1.1702,0.930027509641517
1.1703,0.930046134583142
1.1704,0.930064772496716
1.1705,0.930083423385869
1.1706,0.930102087254231
1.1707,0.930120764105435
1.1708,0.930139453943111
1.1709,0.930158156770894
1.171,0.930176872592416
1.1711,0.930195601411313
1.1712,0.930214343231219
1.1713,0.930233098055771
1.1714,0.930251865888605
1.1715,0.93027064673336
1.1716,0.930289440593675
1.1717,0.930308247473188
1.1718,0.93032706737554
1.1719,0.930345900304372
1.172,0.930364746263326
1.1721,0.930383605256045
1.1722,0.930402477286171
1.1723,0.93042136235735
1.1724,0.930440260473226
1.1725,0.930459171637446
1.1726,0.930478095853655
1.1727,0.930497033125503
1.1728,0.930515983456636
1.1729,0.930534946850704
1.173,0.930553923311358
1.1731,0.930572912842247
1.1732,0.930591915447024
1.1733,0.930610931129341
1.1734,0.930629959892851
1.1735,0.930649001741209
1.1736,0.930668056678069
1.1737,0.930687124707086
1.1738,0.930706205831918
1.1739,0.930725300056221
1.174,0.930744407383654
1.1741,0.930763527817876
1.1742,0.930782661362546
1.1743,0.930801808021326
1.1744,0.930820967797876
1.1745,0.930840140695859
1.1746,0.930859326718938
1.1747,0.930878525870777
1.1748,0.93089773815504
1.1749,0.930916963575393
1.175,0.930936202135503
1.1751,0.930955453839037
1.1752,0.930974718689662
1.1753,0.930993996691048
1.1754,0.931013287846863
1.1755,0.931032592160779
1.1756,0.931051909636467
1.1757,0.931071240277598
1.1758,0.931090584087846
1.1759,0.931109941070885
1.176,0.931129311230388
1.1761,0.931148694570032
1.1762,0.931168091093492
1.1763,0.931187500804446
1.1764,0.931206923706571
1.1765,0.931226359803546
1.1766,0.931245809099051
1.1767,0.931265271596765
1.1768,0.931284747300371
1.1769,0.931304236213549
1.177,0.931323738339983
1.1771,0.931343253683357
1.1772,0.931362782247355
1.1773,0.931382324035662
1.1774,0.931401879051964
1.1775,0.931421447299949
1.1776,0.931441028783303
1.1777,0.931460623505716
1.1778,0.931480231470877
1.1779,0.931499852682477
1.178,0.931519487144205
1.1781,0.931539134859755
1.1782,0.931558795832819
1.1783,0.93157847006709
1.1784,0.931598157566263
1.1785,0.931617858334032
1.1786,0.931637572374096
1.1787,0.931657299690149
1.1788,0.93167704028589
1.1789,0.931696794165017
1.179,0.93171656133123
1.1791,0.931736341788229
1.1792,0.931756135539715
1.1793,0.931775942589389
1.1794,0.931795762940955
1.1795,0.931815596598116
1.1796,0.931835443564576
1.1797,0.93185530384404
1.1798,0.931875177440215
1.1799,0.931895064356808
1.18,0.931914964597526
1.1801,0.931934878166077
1.1802,0.931954805066172
1.1803,0.93197474530152
1.1804,0.931994698875832
1.1805,0.93201466579282
1.1806,0.932034646056197
1.1807,0.932054639669677
1.1808,0.932074646636974
1.1809,0.932094666961803
1.181,0.93211470064788
1.1811,0.932134747698922
1.1812,0.932154808118646
1.1813,0.932174881910772
1.1814,0.932194969079018
1.1815,0.932215069627106
1.1816,0.932235183558755
1.1817,0.932255310877688
1.1818,0.932275451587628
1.1819,0.932295605692298
1.182,0.932315773195423
1.1821,0.932335954100728
1.1822,0.932356148411939
1.1823,0.932376356132784
1.1824,0.932396577266989
1.1825,0.932416811818283
1.1826,0.932437059790397
1.1827,0.93245732118706
1.1828,0.932477596012004
1.1829,0.93249788426896
1.183,0.932518185961662
1.1831,0.932538501093843
1.1832,0.932558829669237
1.1833,0.932579171691581
1.1834,0.93259952716461
1.1835,0.932619896092061
1.1836,0.932640278477672
1.1837,0.932660674325182
1.1838,0.932681083638331
1.1839,0.932701506420859
1.184,0.932721942676508
1.1841,0.932742392409019
1.1842,0.932762855622135
1.1843,0.932783332319602
1.1844,0.932803822505162
1.1845,0.932824326182562
1.1846,0.932844843355548
1.1847,0.932865374027867
1.1848,0.932885918203267
1.1849,0.932906475885498
1.185,0.932927047078309
1.1851,0.93294763178545
1.1852,0.932968230010673
1.1853,0.932988841757731
1.1854,0.933009467030376
1.1855,0.933030105832363
1.1856,0.933050758167446
1.1857,0.933071424039381
1.1858,0.933092103451925
1.1859,0.933112796408836
1.186,0.933133502913871
1.1861,0.93315422297079
1.1862,0.933174956583352
1.1863,0.933195703755318
1.1864,0.933216464490451
1.1865,0.933237238792512
1.1866,0.933258026665265
1.1867,0.933278828112475
1.1868,0.933299643137905
1.1869,0.933320471745324
1.187,0.933341313938496
1.1871,0.93336216972119
1.1872,0.933383039097174
1.1873,0.933403922070219
1.1874,0.933424818644093
1.1875,0.933445728822568
1.1876,0.933466652609416
1.1877,0.933487590008409
1.1878,0.933508541023322
1.1879,0.933529505657929
1.188,0.933550483916005
1.1881,0.933571475801326
1.1882,0.93359248131767
1.1883,0.933613500468814
1.1884,0.933634533258537
1.1885,0.933655579690619
1.1886,0.93367663976884
1.1887,0.933697713496982
1.1888,0.933718800878827
1.1889,0.933739901918158
1.189,0.933761016618759
1.1891,0.933782144984415
1.1892,0.933803287018912
1.1893,0.933824442726035
1.1894,0.933845612109573
1.1895,0.933866795173313
1.1896,0.933887991921046
1.1897,0.93390920235656
1.1898,0.933930426483646
1.1899,0.933951664306098
1.19,0.933972915827706
1.1901,0.933994181052264
1.1902,0.934015459983567
1.1903,0.93403675262541
1.1904,0.934058058981589
1.1905,0.9340793790559
1.1906,0.934100712852142
1.1907,0.934122060374112
1.1908,0.934143421625611
1.1909,0.934164796610439
1.191,0.934186185332397
1.1911,0.934207587795286
1.1912,0.934229004002912
1.1913,0.934250433959075
1.1914,0.934271877667583
1.1915,0.93429333513224
1.1916,0.934314806356852
1.1917,0.934336291345228
1.1918,0.934357790101174
1.1919,0.9343793026285
1.192,0.934400828931017
1.1921,0.934422369012534
1.1922,0.934443922876863
1.1923,0.934465490527817
1.1924,0.93448707196921
1.1925,0.934508667204855
1.1926,0.934530276238568
1.1927,0.934551899074165
1.1928,0.934573535715462
1.1929,0.934595186166278
1.193,0.93461685043043
1.1931,0.934638528511739
1.1932,0.934660220414024
1.1933,0.934681926141107
1.1934,0.93470364569681
1.1935,0.934725379084956
1.1936,0.93474712630937
1.1937,0.934768887373874
1.1938,0.934790662282296
1.1939,0.934812451038461
1.194,0.934834253646197
1.1941,0.934856070109332
1.1942,0.934877900431695
1.1943,0.934899744617117
1.1944,0.934921602669428
1.1945,0.934943474592459
1.1946,0.934965360390044
1.1947,0.934987260066016
1.1948,0.935009173624209
1.1949,0.935031101068459
1.195,0.935053042402601
1.1951,0.935074997630473
1.1952,0.935096966755912
1.1953,0.935118949782757
1.1954,0.935140946714848
1.1955,0.935162957556026
1.1956,0.935184982310131
1.1957,0.935207020981006
1.1958,0.935229073572494
1.1959,0.935251140088438
1.196,0.935273220532685
1.1961,0.935295314909079
1.1962,0.935317423221468
1.1963,0.935339545473699
1.1964,0.93536168166962
1.1965,0.935383831813081
1.1966,0.935405995907932
1.1967,0.935428173958024
1.1968,0.93545036596721
1.1969,0.935472571939341
1.197,0.935494791878272
1.1971,0.935517025787858
1.1972,0.935539273671953
1.1973,0.935561535534415
1.1974,0.9355838113791
1.1975,0.935606101209867
1.1976,0.935628405030574
1.1977,0.935650722845082
1.1978,0.935673054657252
1.1979,0.935695400470945
1.198,0.935717760290024
1.1981,0.935740134118351
1.1982,0.935762521959792
1.1983,0.935784923818212
1.1984,0.935807339697477
1.1985,0.935829769601454
1.1986,0.935852213534011
1.1987,0.935874671499017
1.1988,0.935897143500341
1.1989,0.935919629541854
1.199,0.935942129627428
1.1991,0.935964643760934
1.1992,0.935987171946247
1.1993,0.93600971418724
1.1994,0.936032270487789
1.1995,0.936054840851768
1.1996,0.936077425283056
1.1997,0.93610002378553
1.1998,0.936122636363068
1.1999,0.93614526301955
1.2,0.936167903758857
1.2001,0.936190558584869
1.2002,0.936213227501469
1.2003,0.93623591051254
1.2004,0.936258607621967
1.2005,0.936281318833633
1.2006,0.936304044151424
1.2007,0.936326783579228
1.2008,0.936349537120932
1.2009,0.936372304780425
1.201,0.936395086561595
1.2011,0.936417882468333
1.2012,0.936440692504531
1.2013,0.93646351667408
1.2014,0.936486354980873
1.2015,0.936509207428804
1.2016,0.936532074021768
1.2017,0.93655495476366
1.2018,0.936577849658378
1.2019,0.936600758709818
1.202,0.936623681921878
1.2021,0.936646619298459
1.2022,0.93666957084346
1.2023,0.936692536560782
1.2024,0.936715516454326
1.2025,0.936738510527997
1.2026,0.936761518785697
1.2027,0.936784541231332
1.2028,0.936807577868806
1.2029,0.936830628702027
1.203,0.936853693734901
1.2031,0.936876772971338
1.2032,0.936899866415245
1.2033,0.936922974070534
1.2034,0.936946095941115
1.2035,0.9369692320309
1.2036,0.936992382343802
1.2037,0.937015546883735
1.2038,0.937038725654613
1.2039,0.937061918660351
1.204,0.937085125904865
1.2041,0.937108347392074
1.2042,0.937131583125896
1.2043,0.937154833110248
1.2044,0.937178097349053
1.2045,0.937201375846229
1.2046,0.937224668605701
1.2047,0.937247975631389
1.2048,0.937271296927218
1.2049,0.937294632497112
1.205,0.937317982344997
1.2051,0.937341346474799
1.2052,0.937364724890445
1.2053,0.937388117595864
1.2054,0.937411524594986
1.2055,0.937434945891738
1.2056,0.937458381490054
1.2057,0.937481831393864
1.2058,0.937505295607101
1.2059,0.937528774133699
1.206,0.937552266977593
1.2061,0.937575774142718
1.2062,0.937599295633011
1.2063,0.937622831452408
1.2064,0.937646381604848
1.2065,0.937669946094271
1.2066,0.937693524924616
1.2067,0.937717118099823
1.2068,0.937740725623836
1.2069,0.937764347500597
1.207,0.93778798373405
1.2071,0.937811634328138
1.2072,0.937835299286809
1.2073,0.937858978614007
1.2074,0.937882672313681
1.2075,0.93790638038978
1.2076,0.937930102846252
1.2077,0.937953839687046
1.2078,0.937977590916116
1.2079,0.938001356537412
1.208,0.938025136554887
1.2081,0.938048930972496
1.2082,0.938072739794192
1.2083,0.938096563023932
1.2084,0.938120400665672
1.2085,0.938144252723369
1.2086,0.938168119200983
1.2087,0.938192000102472
1.2088,0.938215895431796
1.2089,0.938239805192918
1.209,0.938263729389798
1.2091,0.9382876680264
1.2092,0.938311621106688
1.2093,0.938335588634626
1.2094,0.938359570614181
1.2095,0.938383567049319
1.2096,0.938407577944008
1.2097,0.938431603302217
1.2098,0.938455643127915
1.2099,0.938479697425072
1.21,0.938503766197659
1.2101,0.93852784944965
1.2102,0.938551947185017
1.2103,0.938576059407733
1.2104,0.938600186121775
1.2105,0.938624327331118
1.2106,0.93864848303974
1.2107,0.938672653251617
1.2108,0.938696837970729
1.2109,0.938721037201054
1.211,0.938745250946575
1.2111,0.938769479211272
1.2112,0.938793721999128
1.2113,0.938817979314127
1.2114,0.938842251160251
1.2115,0.938866537541488
1.2116,0.938890838461823
1.2117,0.938915153925242
1.2118,0.938939483935735
1.2119,0.93896382849729
1.212,0.938988187613897
1.2121,0.939012561289547
1.2122,0.939036949528232
1.2123,0.939061352333944
1.2124,0.939085769710677
1.2125,0.939110201662426
1.2126,0.939134648193186
1.2127,0.939159109306953
1.2128,0.939183585007725
1.2129,0.9392080752995
1.213,0.939232580186278
1.2131,0.939257099672058
1.2132,0.939281633760843
1.2133,0.939306182456632
1.2134,0.939330745763431
1.2135,0.939355323685242
1.2136,0.939379916226071
1.2137,0.939404523389922
1.2138,0.939429145180804
1.2139,0.939453781602723
1.214,0.939478432659688
1.2141,0.939503098355709
1.2142,0.939527778694797
1.2143,0.939552473680962
1.2144,0.939577183318217
1.2145,0.939601907610575
1.2146,0.939626646562051
1.2147,0.93965140017666
1.2148,0.939676168458417
1.2149,0.939700951411341
1.215,0.939725749039448
1.2151,0.939750561346757
1.2152,0.939775388337289
1.2153,0.939800230015065
1.2154,0.939825086384105
1.2155,0.939849957448434
1.2156,0.939874843212074
1.2157,0.939899743679051
1.2158,0.939924658853389
1.2159,0.939949588739115
1.216,0.939974533340257
1.2161,0.939999492660842
1.2162,0.940024466704901
1.2163,0.940049455476464
1.2164,0.940074458979561
1.2165,0.940099477218225
1.2166,0.940124510196489
1.2167,0.940149557918387
1.2168,0.940174620387954
1.2169,0.940199697609226
1.217,0.94022478958624
1.2171,0.940249896323033
1.2172,0.940275017823645
1.2173,0.940300154092116
1.2174,0.940325305132485
1.2175,0.940350470948795
1.2176,0.940375651545087
1.2177,0.940400846925407
1.2178,0.940426057093797
1.2179,0.940451282054304
1.218,0.940476521810974
1.2181,0.940501776367855
1.2182,0.940527045728994
1.2183,0.940552329898441
1.2184,0.940577628880246
1.2185,0.940602942678461
1.2186,0.940628271297137
1.2187,0.940653614740327
1.2188,0.940678973012086
1.2189,0.940704346116469
1.219,0.94072973405753
1.2191,0.940755136839328
1.2192,0.94078055446592
1.2193,0.940805986941364
1.2194,0.940831434269721
1.2195,0.940856896455051
1.2196,0.940882373501416
1.2197,0.940907865412878
1.2198,0.940933372193502
1.2199,0.940958893847351
1.22,0.940984430378491
1.2201,0.941009981790988
1.2202,0.94103554808891
1.2203,0.941061129276325
1.2204,0.941086725357303
1.2205,0.941112336335913
1.2206,0.941137962216228
1.2207,0.941163603002318
1.2208,0.941189258698258
1.2209,0.941214929308122
1.221,0.941240614835985
1.2211,0.941266315285922
1.2212,0.941292030662011
1.2213,0.941317760968329
1.2214,0.941343506208956
1.2215,0.941369266387971
1.2216,0.941395041509455
1.2217,0.94142083157749
1.2218,0.94144663659616
1.2219,0.941472456569547
1.222,0.941498291501737
1.2221,0.941524141396815
1.2222,0.941550006258868
1.2223,0.941575886091984
1.2224,0.94160178090025
1.2225,0.941627690687757
1.2226,0.941653615458594
1.2227,0.941679555216854
1.2228,0.941705509966628
1.2229,0.941731479712012
1.223,0.941757464457097
1.2231,0.941783464205981
1.2232,0.941809478962758
1.2233,0.941835508731527
1.2234,0.941861553516386
1.2235,0.941887613321434
1.2236,0.941913688150771
1.2237,0.941939778008498
1.2238,0.941965882898718
1.2239,0.941992002825533
1.224,0.942018137793048
1.2241,0.942044287805367
1.2242,0.942070452866597
1.2243,0.942096632980845
1.2244,0.942122828152218
1.2245,0.942149038384827
1.2246,0.942175263682779
1.2247,0.942201504050187
1.2248,0.942227759491163
1.2249,0.942254030009818
1.225,0.942280315610268
1.2251,0.942306616296626
1.2252,0.942332932073009
1.2253,0.942359262943533
1.2254,0.942385608912316
1.2255,0.942411969983477
1.2256,0.942438346161135
1.2257,0.942464737449411
1.2258,0.942491143852426
1.2259,0.942517565374304
1.226,0.942544002019168
1.2261,0.942570453791141
1.2262,0.942596920694351
1.2263,0.942623402732922
1.2264,0.942649899910984
1.2265,0.942676412232663
1.2266,0.94270293970209
1.2267,0.942729482323395
1.2268,0.942756040100709
1.2269,0.942782613038166
1.227,0.942809201139897
1.2271,0.942835804410038
1.2272,0.942862422852723
1.2273,0.94288905647209
1.2274,0.942915705272276
1.2275,0.942942369257418
1.2276,0.942969048431657
1.2277,0.942995742799131
1.2278,0.943022452363984
1.2279,0.943049177130356
1.228,0.943075917102391
1.2281,0.943102672284233
1.2282,0.943129442680028
1.2283,0.943156228293922
1.2284,0.943183029130061
1.2285,0.943209845192595
1.2286,0.943236676485671
1.2287,0.943263523013441
1.2288,0.943290384780055
1.2289,0.943317261789665
1.229,0.943344154046426
1.2291,0.943371061554489
1.2292,0.943397984318011
1.2293,0.943424922341148
1.2294,0.943451875628057
1.2295,0.943478844182895
1.2296,0.943505828009821
1.2297,0.943532827112997
1.2298,0.943559841496581
1.2299,0.943586871164738
1.23,0.943613916121629
1.2301,0.943640976371419
1.2302,0.943668051918273
1.2303,0.943695142766356
1.2304,0.943722248919837
1.2305,0.943749370382881
1.2306,0.943776507159659
1.2307,0.943803659254341
1.2308,0.943830826671097
1.2309,0.9438580094141
1.231,0.943885207487521
1.2311,0.943912420895536
1.2312,0.94393964964232
1.2313,0.943966893732047
1.2314,0.943994153168895
1.2315,0.944021427957041
1.2316,0.944048718100666
1.2317,0.944076023603948
1.2318,0.944103344471069
1.2319,0.94413068070621
1.232,0.944158032313555
1.2321,0.944185399297287
1.2322,0.944212781661591
1.2323,0.944240179410653
1.2324,0.944267592548661
1.2325,0.944295021079802
1.2326,0.944322465008264
1.2327,0.944349924338238
1.2328,0.944377399073915
1.2329,0.944404889219486
1.233,0.944432394779145
1.2331,0.944459915757084
1.2332,0.9444874521575
1.2333,0.944515003984587
1.2334,0.944542571242544
1.2335,0.944570153935568
1.2336,0.944597752067857
1.2337,0.944625365643613
1.2338,0.944652994667036
1.2339,0.944680639142327
1.234,0.944708299073691
1.2341,0.94473597446533
1.2342,0.944763665321449
1.2343,0.944791371646256
1.2344,0.944819093443956
1.2345,0.944846830718758
1.2346,0.944874583474871
1.2347,0.944902351716505
1.2348,0.944930135447871
1.2349,0.944957934673181
1.235,0.944985749396648
1.2351,0.945013579622485
1.2352,0.945041425354909
1.2353,0.945069286598134
1.2354,0.945097163356379
1.2355,0.945125055633861
1.2356,0.945152963434799
1.2357,0.945180886763413
1.2358,0.945208825623926
1.2359,0.945236780020557
1.236,0.945264749957531
1.2361,0.945292735439073
1.2362,0.945320736469407
1.2363,0.945348753052759
1.2364,0.945376785193358
1.2365,0.94540483289543
1.2366,0.945432896163205
1.2367,0.945460975000914
1.2368,0.945489069412788
1.2369,0.945517179403059
1.237,0.94554530497596
1.2371,0.945573446135726
1.2372,0.945601602886592
1.2373,0.945629775232795
1.2374,0.945657963178572
1.2375,0.945686166728161
1.2376,0.945714385885801
1.2377,0.945742620655733
1.2378,0.945770871042199
1.2379,0.94579913704944
1.238,0.945827418681701
1.2381,0.945855715943226
1.2382,0.94588402883826
1.2383,0.94591235737105
1.2384,0.945940701545844
1.2385,0.945969061366891
1.2386,0.94599743683844
1.2387,0.946025827964741
1.2388,0.946054234750047
1.2389,0.946082657198609
1.239,0.946111095314683
1.2391,0.946139549102522
1.2392,0.946168018566382
1.2393,0.94619650371052
1.2394,0.946225004539194
1.2395,0.946253521056663
1.2396,0.946282053267187
1.2397,0.946310601175026
1.2398,0.946339164784442
1.2399,0.946367744099699
1.24,0.94639633912506
1.2401,0.94642494986479
1.2402,0.946453576323156
1.2403,0.946482218504425
1.2404,0.946510876412864
1.2405,0.946539550052743
1.2406,0.946568239428333
1.2407,0.946596944543904
1.2408,0.946625665403727
1.2409,0.946654402012078
1.241,0.946683154373229
1.2411,0.946711922491456
1.2412,0.946740706371037
1.2413,0.946769506016247
1.2414,0.946798321431366
1.2415,0.946827152620673
1.2416,0.946855999588448
1.2417,0.946884862338973
1.2418,0.946913740876531
1.2419,0.946942635205405
1.242,0.94697154532988
1.2421,0.947000471254241
1.2422,0.947029412982775
1.2423,0.947058370519769
1.2424,0.947087343869514
1.2425,0.947116333036297
1.2426,0.947145338024411
1.2427,0.947174358838147
1.2428,0.947203395481798
1.2429,0.947232447959658
1.243,0.947261516276022
1.2431,0.947290600435186
1.2432,0.947319700441447
1.2433,0.947348816299103
1.2434,0.947377948012454
1.2435,0.947407095585799
1.2436,0.94743625902344
1.2437,0.947465438329679
1.2438,0.94749463350882
1.2439,0.947523844565166
1.244,0.947553071503023
1.2441,0.947582314326698
1.2442,0.947611573040498
1.2443,0.947640847648732
1.2444,0.947670138155709
1.2445,0.94769944456574
1.2446,0.947728766883136
1.2447,0.947758105112211
1.2448,0.947787459257278
1.2449,0.947816829322651
1.245,0.947846215312647
1.2451,0.947875617231582
1.2452,0.947905035083776
1.2453,0.947934468873545
1.2454,0.947963918605212
1.2455,0.947993384283096
1.2456,0.948022865911519
1.2457,0.948052363494806
1.2458,0.94808187703728
1.2459,0.948111406543266
1.246,0.948140952017091
1.2461,0.948170513463083
1.2462,0.948200090885568
1.2463,0.948229684288879
1.2464,0.948259293677343
1.2465,0.948288919055295
1.2466,0.948318560427065
1.2467,0.948348217796988
1.2468,0.948377891169398
1.2469,0.948407580548632
1.247,0.948437285939026
1.2471,0.948467007344918
1.2472,0.948496744770646
1.2473,0.948526498220552
1.2474,0.948556267698975
1.2475,0.948586053210259
1.2476,0.948615854758746
1.2477,0.948645672348781
1.2478,0.948675505984708
1.2479,0.948705355670875
1.248,0.948735221411628
1.2481,0.948765103211317
1.2482,0.94879500107429
1.2483,0.948824915004899
1.2484,0.948854845007494
1.2485,0.948884791086429
1.2486,0.948914753246058
1.2487,0.948944731490734
1.2488,0.948974725824815
1.2489,0.949004736252657
1.249,0.949034762778617
1.2491,0.949064805407057
1.2492,0.949094864142334
1.2493,0.949124938988811
1.2494,0.94915502995085
1.2495,0.949185137032814
1.2496,0.949215260239067
1.2497,0.949245399573976
1.2498,0.949275555041906
1.2499,0.949305726647225
1.25,0.949335914394301
1.2501,0.949366118287505
1.2502,0.949396338331207
1.2503,0.949426574529778
1.2504,0.949456826887592
1.2505,0.949487095409024
1.2506,0.949517380098447
1.2507,0.949547680960238
1.2508,0.949577997998774
1.2509,0.949608331218433
1.251,0.949638680623595
1.2511,0.94966904621864
1.2512,0.94969942800795
1.2513,0.949729825995907
1.2514,0.949760240186895
1.2515,0.949790670585298
1.2516,0.949821117195502
1.2517,0.949851580021894
1.2518,0.949882059068861
1.2519,0.949912554340793
1.252,0.94994306584208
1.2521,0.949973593577113
1.2522,0.950004137550283
1.2523,0.950034697765985
1.2524,0.950065274228613
1.2525,0.950095866942561
1.2526,0.950126475912227
1.2527,0.950157101142008
1.2528,0.950187742636302
1.2529,0.950218400399511
1.253,0.950249074436033
1.2531,0.950279764750271
1.2532,0.950310471346628
1.2533,0.950341194229509
1.2534,0.950371933403317
1.2535,0.950402688872459
1.2536,0.950433460641342
1.2537,0.950464248714375
1.2538,0.950495053095967
1.2539,0.950525873790529
1.254,0.950556710802471
1.2541,0.950587564136207
1.2542,0.950618433796151
1.2543,0.950649319786716
1.2544,0.95068022211232
1.2545,0.950711140777379
1.2546,0.950742075786311
1.2547,0.950773027143536
1.2548,0.950803994853472
1.2549,0.950834978920543
1.255,0.95086597934917
1.2551,0.950896996143777
1.2552,0.950928029308788
1.2553,0.950959078848629
1.2554,0.950990144767726
1.2555,0.951021227070508
1.2556,0.951052325761404
1.2557,0.951083440844842
1.2558,0.951114572325255
1.2559,0.951145720207075
1.256,0.951176884494734
1.2561,0.951208065192668
1.2562,0.951239262305311
1.2563,0.951270475837099
1.2564,0.951301705792472
1.2565,0.951332952175867
1.2566,0.951364214991723
1.2567,0.951395494244483
1.2568,0.951426789938588
1.2569,0.951458102078481
1.257,0.951489430668606
1.2571,0.951520775713409
1.2572,0.951552137217335
1.2573,0.951583515184832
1.2574,0.951614909620349
1.2575,0.951646320528335
1.2576,0.951677747913242
1.2577,0.95170919177952
1.2578,0.951740652131622
1.2579,0.951772128974004
1.258,0.951803622311119
1.2581,0.951835132147424
1.2582,0.951866658487376
1.2583,0.951898201335434
1.2584,0.951929760696057
1.2585,0.951961336573705
1.2586,0.951992928972841
1.2587,0.952024537897927
1.2588,0.952056163353427
1.2589,0.952087805343806
1.259,0.95211946387353
1.2591,0.952151138947067
1.2592,0.952182830568884
1.2593,0.952214538743451
1.2594,0.952246263475238
1.2595,0.952278004768717
1.2596,0.952309762628361
1.2597,0.952341537058644
1.2598,0.95237332806404
1.2599,0.952405135649025
1.26,0.952436959818076
1.2601,0.952468800575672
1.2602,0.952500657926292
1.2603,0.952532531874417
1.2604,0.952564422424527
1.2605,0.952596329581106
1.2606,0.952628253348637
1.2607,0.952660193731606
1.2608,0.952692150734497
1.2609,0.952724124361798
1.261,0.952756114617997
1.2611,0.952788121507584
1.2612,0.952820145035048
1.2613,0.952852185204882
1.2614,0.952884242021578
1.2615,0.952916315489629
1.2616,0.952948405613531
1.2617,0.952980512397779
1.2618,0.953012635846871
1.2619,0.953044775965304
1.262,0.953076932757578
1.2621,0.953109106228193
1.2622,0.953141296381651
1.2623,0.953173503222453
1.2624,0.953205726755105
1.2625,0.95323796698411
1.2626,0.953270223913975
1.2627,0.953302497549207
1.2628,0.953334787894314
1.2629,0.953367094953804
1.263,0.95339941873219
1.2631,0.953431759233981
1.2632,0.953464116463692
1.2633,0.953496490425834
1.2634,0.953528881124924
1.2635,0.953561288565478
1.2636,0.953593712752011
1.2637,0.953626153689043
1.2638,0.953658611381093
1.2639,0.953691085832682
1.264,0.95372357704833
1.2641,0.953756085032561
1.2642,0.953788609789899
1.2643,0.953821151324868
1.2644,0.953853709641995
1.2645,0.953886284745807
1.2646,0.953918876640832
1.2647,0.953951485331599
1.2648,0.953984110822638
1.2649,0.954016753118482
1.265,0.954049412223664
1.2651,0.954082088142717
1.2652,0.954114780880177
1.2653,0.954147490440579
1.2654,0.95418021682846
1.2655,0.95421296004836
1.2656,0.954245720104818
1.2657,0.954278497002374
1.2658,0.95431129074557
1.2659,0.954344101338948
1.266,0.954376928787055
1.2661,0.954409773094433
1.2662,0.954442634265631
1.2663,0.954475512305194
1.2664,0.954508407217673
1.2665,0.954541319007616
1.2666,0.954574247679574
1.2667,0.954607193238099
1.2668,0.954640155687745
1.2669,0.954673135033065
1.267,0.954706131278616
1.2671,0.954739144428952
1.2672,0.954772174488633
1.2673,0.954805221462216
1.2674,0.954838285354262
1.2675,0.954871366169332
1.2676,0.954904463911987
1.2677,0.954937578586792
1.2678,0.95497071019831
1.2679,0.955003858751107
1.268,0.95503702424975
1.2681,0.955070206698807
1.2682,0.955103406102845
1.2683,0.955136622466436
1.2684,0.955169855794151
1.2685,0.955203106090563
1.2686,0.955236373360244
1.2687,0.95526965760777
1.2688,0.955302958837716
1.2689,0.955336277054659
1.269,0.955369612263178
1.2691,0.955402964467851
1.2692,0.95543633367326
1.2693,0.955469719883985
1.2694,0.955503123104609
1.2695,0.955536543339716
1.2696,0.95556998059389
1.2697,0.955603434871719
1.2698,0.955636906177788
1.2699,0.955670394516687
1.27,0.955703899893005
1.2701,0.955737422311332
1.2702,0.955770961776261
1.2703,0.955804518292384
1.2704,0.955838091864295
1.2705,0.95587168249659
1.2706,0.955905290193865
1.2707,0.955938914960718
1.2708,0.955972556801747
1.2709,0.956006215721551
1.271,0.956039891724733
1.2711,0.956073584815894
1.2712,0.956107294999638
1.2713,0.956141022280569
1.2714,0.956174766663292
1.2715,0.956208528152414
1.2716,0.956242306752543
1.2717,0.956276102468288
1.2718,0.956309915304259
1.2719,0.956343745265068
1.272,0.956377592355327
1.2721,0.956411456579649
1.2722,0.95644533794265
1.2723,0.956479236448945
1.2724,0.956513152103151
1.2725,0.956547084909887
1.2726,0.956581034873773
1.2727,0.956615001999427
1.2728,0.956648986291473
1.2729,0.956682987754534
1.273,0.956717006393232
1.2731,0.956751042212195
1.2732,0.956785095216047
1.2733,0.956819165409416
1.2734,0.956853252796932
1.2735,0.956887357383223
1.2736,0.956921479172921
1.2737,0.956955618170658
1.2738,0.956989774381067
1.2739,0.957023947808783
1.274,0.957058138458441
1.2741,0.957092346334679
1.2742,0.957126571442132
1.2743,0.957160813785443
1.2744,0.957195073369249
1.2745,0.957229350198194
1.2746,0.957263644276918
1.2747,0.957297955610067
1.2748,0.957332284202284
1.2749,0.957366630058216
1.275,0.957400993182511
1.2751,0.957435373579817
1.2752,0.957469771254783
1.2753,0.95750418621206
1.2754,0.9575386184563
1.2755,0.957573067992155
1.2756,0.957607534824281
1.2757,0.957642018957332
1.2758,0.957676520395966
1.2759,0.95771103914484
1.276,0.957745575208613
1.2761,0.957780128591945
1.2762,0.957814699299498
1.2763,0.957849287335933
1.2764,0.957883892705915
1.2765,0.957918515414108
1.2766,0.957953155465178
1.2767,0.957987812863792
1.2768,0.958022487614619
1.2769,0.958057179722327
1.277,0.958091889191588
1.2771,0.958126616027073
1.2772,0.958161360233456
1.2773,0.958196121815409
1.2774,0.95823090077761
1.2775,0.958265697124734
1.2776,0.958300510861459
1.2777,0.958335341992463
1.2778,0.958370190522428
1.2779,0.958405056456033
1.278,0.958439939797962
1.2781,0.958474840552899
1.2782,0.958509758725527
1.2783,0.958544694320533
1.2784,0.958579647342605
1.2785,0.958614617796429
1.2786,0.958649605686696
1.2787,0.958684611018097
1.2788,0.958719633795322
1.2789,0.958754674023066
1.279,0.958789731706022
1.2791,0.958824806848886
1.2792,0.958859899456355
1.2793,0.958895009533125
1.2794,0.958930137083897
1.2795,0.958965282113369
1.2796,0.959000444626244
1.2797,0.959035624627224
1.2798,0.959070822121013
1.2799,0.959106037112315
1.28,0.959141269605837
1.2801,0.959176519606285
1.2802,0.959211787118368
1.2803,0.959247072146796
1.2804,0.959282374696279
1.2805,0.959317694771529
1.2806,0.95935303237726
1.2807,0.959388387518186
1.2808,0.959423760199023
1.2809,0.959459150424486
1.281,0.959494558199296
1.2811,0.959529983528169
1.2812,0.959565426415826
1.2813,0.95960088686699
1.2814,0.959636364886383
1.2815,0.959671860478729
1.2816,0.959707373648752
1.2817,0.959742904401179
1.2818,0.959778452740739
1.2819,0.959814018672158
1.282,0.959849602200168
1.2821,0.959885203329499
1.2822,0.959920822064882
1.2823,0.959956458411053
1.2824,0.959992112372745
1.2825,0.960027783954695
1.2826,0.960063473161639
1.2827,0.960099179998315
1.2828,0.960134904469464
1.2829,0.960170646579825
1.283,0.96020640633414
1.2831,0.960242183737153
1.2832,0.960277978793607
1.2833,0.960313791508249
1.2834,0.960349621885825
1.2835,0.960385469931082
1.2836,0.96042133564877
1.2837,0.960457219043638
1.2838,0.96049312012044
1.2839,0.960529038883926
1.284,0.960564975338852
1.2841,0.960600929489971
1.2842,0.960636901342041
1.2843,0.960672890899818
1.2844,0.960708898168062
1.2845,0.960744923151532
1.2846,0.96078096585499
1.2847,0.960817026283197
1.2848,0.960853104440916
1.2849,0.960889200332914
1.285,0.960925313963955
1.2851,0.960961445338807
1.2852,0.960997594462239
1.2853,0.961033761339019
1.2854,0.961069945973918
1.2855,0.961106148371709
1.2856,0.961142368537165
1.2857,0.961178606475059
1.2858,0.961214862190168
1.2859,0.961251135687268
1.286,0.961287426971138
1.2861,0.961323736046556
1.2862,0.961360062918303
1.2863,0.961396407591161
1.2864,0.961432770069912
1.2865,0.961469150359341
1.2866,0.961505548464232
1.2867,0.961541964389373
1.2868,0.961578398139552
1.2869,0.961614849719556
1.287,0.961651319134176
1.2871,0.961687806388205
1.2872,0.961724311486433
1.2873,0.961760834433655
1.2874,0.961797375234666
1.2875,0.961833933894263
1.2876,0.961870510417242
1.2877,0.961907104808403
1.2878,0.961943717072546
1.2879,0.961980347214471
1.288,0.962016995238981
1.2881,0.96205366115088
1.2882,0.962090344954973
1.2883,0.962127046656065
1.2884,0.962163766258963
1.2885,0.962200503768477
1.2886,0.962237259189415
1.2887,0.962274032526589
1.2888,0.962310823784812
1.2889,0.962347632968895
1.289,0.962384460083655
1.2891,0.962421305133906
1.2892,0.962458168124466
1.2893,0.962495049060153
1.2894,0.962531947945786
1.2895,0.962568864786187
1.2896,0.962605799586176
1.2897,0.962642752350578
1.2898,0.962679723084217
1.2899,0.962716711791918
1.29,0.962753718478508
1.2901,0.962790743148816
1.2902,0.96282778580767
1.2903,0.962864846459902
1.2904,0.962901925110343
1.2905,0.962939021763826
1.2906,0.962976136425186
1.2907,0.963013269099257
1.2908,0.963050419790877
1.2909,0.963087588504884
1.291,0.963124775246117
1.2911,0.963161980019415
1.2912,0.963199202829622
1.2913,0.963236443681579
1.2914,0.963273702580131
1.2915,0.963310979530123
1.2916,0.963348274536403
1.2917,0.963385587603818
1.2918,0.963422918737217
1.2919,0.96346026794145
1.292,0.963497635221369
1.2921,0.963535020581827
1.2922,0.963572424027677
1.2923,0.963609845563775
1.2924,0.963647285194979
1.2925,0.963684742926144
1.2926,0.963722218762131
1.2927,0.963759712707799
1.2928,0.963797224768011
1.2929,0.963834754947628
1.293,0.963872303251515
1.2931,0.963909869684538
1.2932,0.963947454251561
1.2933,0.963985056957454
1.2934,0.964022677807086
1.2935,0.964060316805325
1.2936,0.964097973957044
1.2937,0.964135649267116
1.2938,0.964173342740415
1.2939,0.964211054381815
1.294,0.964248784196194
1.2941,0.964286532188429
1.2942,0.964324298363399
1.2943,0.964362082725985
1.2944,0.964399885281067
1.2945,0.964437706033529
1.2946,0.964475544988254
1.2947,0.964513402150127
1.2948,0.964551277524036
1.2949,0.964589171114868
1.295,0.964627082927511
1.2951,0.964665012966856
1.2952,0.964702961237795
1.2953,0.96474092774522
1.2954,0.964778912494025
1.2955,0.964816915489106
1.2956,0.964854936735358
1.2957,0.96489297623768
1.2958,0.964931034000971
1.2959,0.964969110030131
1.296,0.96500720433006
1.2961,0.965045316905664
1.2962,0.965083447761844
1.2963,0.965121596903506
1.2964,0.965159764335558
1.2965,0.965197950062907
1.2966,0.965236154090461
1.2967,0.965274376423132
1.2968,0.96531261706583
1.2969,0.965350876023469
1.297,0.965389153300963
1.2971,0.965427448903226
1.2972,0.965465762835177
1.2973,0.965504095101732
1.2974,0.96554244570781
1.2975,0.965580814658333
1.2976,0.965619201958222
1.2977,0.965657607612399
1.2978,0.96569603162579
1.2979,0.965734474003319
1.298,0.965772934749913
1.2981,0.965811413870501
1.2982,0.965849911370013
1.2983,0.965888427253377
1.2984,0.965926961525527
1.2985,0.965965514191395
1.2986,0.966004085255916
1.2987,0.966042674724025
1.2988,0.966081282600659
1.2989,0.966119908890756
1.299,0.966158553599257
1.2991,0.966197216731101
1.2992,0.96623589829123
1.2993,0.966274598284589
1.2994,0.96631331671612
1.2995,0.966352053590772
1.2996,0.966390808913489
1.2997,0.966429582689221
1.2998,0.966468374922917
1.2999,0.966507185619528
1.3,0.966546014784007
1.3001,0.966584862421306
1.3002,0.966623728536382
1.3003,0.966662613134188
1.3004,0.966701516219684
1.3005,0.966740437797828
1.3006,0.966779377873579
1.3007,0.966818336451898
1.3008,0.966857313537748
1.3009,0.966896309136093
1.301,0.966935323251898
1.3011,0.966974355890128
1.3012,0.967013407055753
1.3013,0.96705247675374
1.3014,0.967091564989059
1.3015,0.967130671766681
1.3016,0.96716979709158
1.3017,0.96720894096873
1.3018,0.967248103403105
1.3019,0.967287284399682
1.302,0.967326483963439
1.3021,0.967365702099355
1.3022,0.967404938812411
1.3023,0.967444194107587
1.3024,0.967483467989867
1.3025,0.967522760464236
1.3026,0.967562071535679
1.3027,0.967601401209183
1.3028,0.967640749489735
1.3029,0.967680116382326
1.303,0.967719501891945
1.3031,0.967758906023585
1.3032,0.967798328782239
1.3033,0.967837770172901
1.3034,0.967877230200568
1.3035,0.967916708870237
1.3036,0.967956206186905
1.3037,0.967995722155573
1.3038,0.968035256781242
1.3039,0.968074810068914
1.304,0.968114382023593
1.3041,0.968153972650284
1.3042,0.968193581953992
1.3043,0.968233209939726
1.3044,0.968272856612494
1.3045,0.968312521977307
1.3046,0.968352206039175
1.3047,0.968391908803112
1.3048,0.968431630274131
1.3049,0.968471370457248
1.305,0.968511129357479
1.3051,0.968550906979842
1.3052,0.968590703329357
1.3053,0.968630518411043
1.3054,0.968670352229923
1.3055,0.96871020479102
1.3056,0.968750076099358
1.3057,0.968789966159963
1.3058,0.968829874977861
1.3059,0.968869802558081
1.306,0.968909748905653
1.3061,0.968949714025607
1.3062,0.968989697922976
1.3063,0.969029700602793
1.3064,0.969069722070094
1.3065,0.969109762329914
1.3066,0.96914982138729
1.3067,0.969189899247262
1.3068,0.969229995914869
1.3069,0.969270111395154
1.307,0.969310245693157
1.3071,0.969350398813925
1.3072,0.969390570762501
1.3073,0.969430761543933
1.3074,0.969470971163268
1.3075,0.969511199625557
1.3076,0.969551446935848
1.3077,0.969591713099195
1.3078,0.96963199812065
1.3079,0.969672302005267
1.308,0.969712624758104
1.3081,0.969752966384216
1.3082,0.969793326888663
1.3083,0.969833706276503
1.3084,0.969874104552799
1.3085,0.969914521722612
1.3086,0.969954957791006
1.3087,0.969995412763046
1.3088,0.970035886643798
1.3089,0.97007637943833
1.309,0.970116891151711
1.3091,0.970157421789011
1.3092,0.970197971355302
1.3093,0.970238539855656
1.3094,0.970279127295149
1.3095,0.970319733678855
1.3096,0.970360359011852
1.3097,0.970401003299218
1.3098,0.970441666546032
1.3099,0.970482348757376
1.31,0.97052304993833
1.3101,0.970563770093979
1.3102,0.970604509229407
1.3103,0.970645267349701
1.3104,0.970686044459948
1.3105,0.970726840565237
1.3106,0.970767655670658
1.3107,0.970808489781303
1.3108,0.970849342902263
1.3109,0.970890215038634
1.311,0.970931106195511
1.3111,0.97097201637799
1.3112,0.97101294559117
1.3113,0.971053893840151
1.3114,0.971094861130032
1.3115,0.971135847465916
1.3116,0.971176852852907
1.3117,0.971217877296109
1.3118,0.971258920800629
1.3119,0.971299983371573
1.312,0.971341065014051
1.3121,0.971382165733172
1.3122,0.971423285534048
1.3123,0.971464424421792
1.3124,0.971505582401518
1.3125,0.971546759478341
1.3126,0.971587955657377
1.3127,0.971629170943746
1.3128,0.971670405342567
1.3129,0.971711658858959
1.313,0.971752931498046
1.3131,0.971794223264951
1.3132,0.971835534164799
1.3133,0.971876864202715
1.3134,0.971918213383828
1.3135,0.971959581713266
1.3136,0.972000969196159
1.3137,0.97204237583764
1.3138,0.972083801642839
1.3139,0.972125246616893
1.314,0.972166710764936
1.3141,0.972208194092105
1.3142,0.972249696603538
1.3143,0.972291218304375
1.3144,0.972332759199757
1.3145,0.972374319294826
1.3146,0.972415898594726
1.3147,0.972457497104602
1.3148,0.972499114829599
1.3149,0.972540751774866
1.315,0.972582407945551
1.3151,0.972624083346805
1.3152,0.972665777983779
1.3153,0.972707491861627
1.3154,0.972749224985503
1.3155,0.972790977360562
1.3156,0.972832748991962
1.3157,0.972874539884862
1.3158,0.97291635004442
1.3159,0.972958179475798
1.316,0.973000028184159
1.3161,0.973041896174666
1.3162,0.973083783452485
1.3163,0.973125690022782
1.3164,0.973167615890725
1.3165,0.973209561061484
1.3166,0.973251525540228
1.3167,0.973293509332131
1.3168,0.973335512442365
1.3169,0.973377534876104
1.317,0.973419576638526
1.3171,0.973461637734806
1.3172,0.973503718170125
1.3173,0.973545817949662
1.3174,0.973587937078598
1.3175,0.973630075562118
1.3176,0.973672233405404
1.3177,0.973714410613643
1.3178,0.973756607192021
1.3179,0.973798823145727
1.318,0.97384105847995
1.3181,0.973883313199881
1.3182,0.973925587310713
1.3183,0.97396788081764
1.3184,0.974010193725856
1.3185,0.974052526040558
1.3186,0.974094877766944
1.3187,0.974137248910214
1.3188,0.974179639475567
1.3189,0.974222049468206
1.319,0.974264478893334
1.3191,0.974306927756155
1.3192,0.974349396061876
1.3193,0.974391883815703
1.3194,0.974434391022847
1.3195,0.974476917688516
1.3196,0.974519463817923
1.3197,0.974562029416281
1.3198,0.974604614488803
1.3199,0.974647219040707
1.32,0.974689843077207
1.3201,0.974732486603524
1.3202,0.974775149624876
1.3203,0.974817832146485
1.3204,0.974860534173573
1.3205,0.974903255711365
1.3206,0.974945996765084
1.3207,0.974988757339959
1.3208,0.975031537441217
1.3209,0.975074337074087
1.321,0.975117156243801
1.3211,0.97515999495559
1.3212,0.975202853214689
1.3213,0.975245731026331
1.3214,0.975288628395754
1.3215,0.975331545328195
1.3216,0.975374481828893
1.3217,0.975417437903089
1.3218,0.975460413556024
1.3219,0.975503408792941
1.322,0.975546423619085
1.3221,0.975589458039702
1.3222,0.97563251206004
1.3223,0.975675585685347
1.3224,0.975718678920873
1.3225,0.97576179177187
1.3226,0.975804924243591
1.3227,0.97584807634129
1.3228,0.975891248070223
1.3229,0.975934439435647
1.323,0.975977650442821
1.3231,0.976020881097003
1.3232,0.976064131403456
1.3233,0.976107401367442
1.3234,0.976150690994225
1.3235,0.97619400028907
1.3236,0.976237329257245
1.3237,0.976280677904017
1.3238,0.976324046234656
1.3239,0.976367434254433
1.324,0.97641084196862
1.3241,0.976454269382492
1.3242,0.976497716501322
1.3243,0.976541183330388
1.3244,0.976584669874968
1.3245,0.97662817614034
1.3246,0.976671702131787
1.3247,0.97671524785459
1.3248,0.976758813314032
1.3249,0.976802398515398
1.325,0.976846003463976
1.3251,0.976889628165052
1.3252,0.976933272623916
1.3253,0.976976936845858
1.3254,0.977020620836171
1.3255,0.977064324600147
1.3256,0.977108048143081
1.3257,0.97715179147027
1.3258,0.977195554587011
1.3259,0.977239337498603
1.326,0.977283140210347
1.3261,0.977326962727543
1.3262,0.977370805055496
1.3263,0.97741466719951
1.3264,0.977458549164891
1.3265,0.977502450956945
1.3266,0.977546372580983
1.3267,0.977590314042314
1.3268,0.97763427534625
1.3269,0.977678256498104
1.327,0.97772225750319
1.3271,0.977766278366825
1.3272,0.977810319094324
1.3273,0.977854379691008
1.3274,0.977898460162196
1.3275,0.977942560513209
1.3276,0.97798668074937
1.3277,0.978030820876004
1.3278,0.978074980898437
1.3279,0.978119160821995
1.328,0.978163360652007
1.3281,0.978207580393803
1.3282,0.978251820052715
1.3283,0.978296079634074
1.3284,0.978340359143216
1.3285,0.978384658585476
1.3286,0.978428977966191
1.3287,0.9784733172907
1.3288,0.978517676564341
1.3289,0.978562055792458
1.329,0.978606454980392
1.3291,0.978650874133488
1.3292,0.97869531325709
1.3293,0.978739772356547
1.3294,0.978784251437206
1.3295,0.978828750504417
1.3296,0.978873269563532
1.3297,0.978917808619904
1.3298,0.978962367678886
1.3299,0.979006946745833
1.33,0.979051545826104
1.3301,0.979096164925055
1.3302,0.979140804048048
1.3303,0.979185463200443
1.3304,0.979230142387602
1.3305,0.97927484161489
1.3306,0.979319560887673
1.3307,0.979364300211317
1.3308,0.979409059591191
1.3309,0.979453839032664
1.331,0.979498638541108
1.3311,0.979543458121895
1.3312,0.9795882977804
1.3313,0.979633157521998
1.3314,0.979678037352065
1.3315,0.979722937275981
1.3316,0.979767857299125
1.3317,0.979812797426879
1.3318,0.979857757664624
1.3319,0.979902738017746
1.332,0.979947738491629
1.3321,0.979992759091661
1.3322,0.98003779982323
1.3323,0.980082860691727
1.3324,0.980127941702541
1.3325,0.980173042861067
1.3326,0.980218164172698
1.3327,0.98026330564283
1.3328,0.98030846727686
1.3329,0.980353649080186
1.333,0.980398851058208
1.3331,0.980444073216328
1.3332,0.980489315559948
1.3333,0.980534578094474
1.3334,0.98057986082531
1.3335,0.980625163757863
1.3336,0.980670486897543
1.3337,0.980715830249759
1.3338,0.980761193819922
1.3339,0.980806577613447
1.334,0.980851981635746
1.3341,0.980897405892237
1.3342,0.980942850388336
1.3343,0.980988315129463
1.3344,0.981033800121036
1.3345,0.981079305368478
1.3346,0.981124830877212
1.3347,0.981170376652662
1.3348,0.981215942700254
1.3349,0.981261529025416
1.335,0.981307135633577
1.3351,0.981352762530166
1.3352,0.981398409720616
1.3353,0.981444077210361
1.3354,0.981489765004834
1.3355,0.981535473109471
1.3356,0.981581201529711
1.3357,0.981626950270993
1.3358,0.981672719338756
1.3359,0.981718508738443
1.336,0.981764318475498
1.3361,0.981810148555364
1.3362,0.981855998983488
1.3363,0.981901869765319
1.3364,0.981947760906305
1.3365,0.981993672411898
1.3366,0.982039604287548
1.3367,0.982085556538711
1.3368,0.98213152917084
1.3369,0.982177522189393
1.337,0.982223535599828
1.3371,0.982269569407603
1.3372,0.98231562361818
1.3373,0.982361698237022
1.3374,0.982407793269592
1.3375,0.982453908721356
1.3376,0.98250004459778
1.3377,0.982546200904332
1.3378,0.982592377646484
1.3379,0.982638574829705
1.338,0.982684792459468
1.3381,0.982731030541247
1.3382,0.982777289080519
1.3383,0.98282356808276
1.3384,0.982869867553448
1.3385,0.982916187498064
1.3386,0.982962527922089
1.3387,0.983008888831007
1.3388,0.983055270230301
1.3389,0.983101672125457
1.339,0.983148094521964
1.3391,0.983194537425309
1.3392,0.983241000840983
1.3393,0.983287484774478
1.3394,0.983333989231287
1.3395,0.983380514216904
1.3396,0.983427059736827
1.3397,0.983473625796552
1.3398,0.983520212401579
1.3399,0.983566819557409
1.34,0.983613447269543
1.3401,0.983660095543486
1.3402,0.983706764384742
1.3403,0.983753453798819
1.3404,0.983800163791223
1.3405,0.983846894367466
1.3406,0.983893645533057
1.3407,0.983940417293509
1.3408,0.983987209654336
1.3409,0.984034022621054
1.341,0.98408085619918
1.3411,0.984127710394231
1.3412,0.984174585211729
1.3413,0.984221480657195
1.3414,0.984268396736151
1.3415,0.984315333454121
1.3416,0.984362290816633
1.3417,0.984409268829213
1.3418,0.98445626749739
1.3419,0.984503286826694
1.342,0.984550326822657
1.3421,0.984597387490813
1.3422,0.984644468836696
1.3423,0.984691570865843
1.3424,0.984738693583791
1.3425,0.984785836996079
1.3426,0.98483300110825
1.3427,0.984880185925844
1.3428,0.984927391454405
1.3429,0.98497461769948
1.343,0.985021864666613
1.3431,0.985069132361355
1.3432,0.985116420789254
1.3433,0.985163729955862
1.3434,0.985211059866731
1.3435,0.985258410527416
1.3436,0.985305781943473
1.3437,0.985353174120459
1.3438,0.985400587063933
1.3439,0.985448020779454
1.344,0.985495475272585
1.3441,0.985542950548889
1.3442,0.985590446613931
1.3443,0.985637963473276
1.3444,0.985685501132493
1.3445,0.985733059597151
1.3446,0.98578063887282
1.3447,0.985828238965074
1.3448,0.985875859879485
1.3449,0.985923501621629
1.345,0.985971164197083
1.3451,0.986018847611425
1.3452,0.986066551870235
1.3453,0.986114276979094
1.3454,0.986162022943585
1.3455,0.986209789769293
1.3456,0.986257577461803
1.3457,0.986305386026702
1.3458,0.98635321546958
1.3459,0.986401065796026
1.346,0.986448937011633
1.3461,0.986496829121994
1.3462,0.986544742132704
1.3463,0.986592676049359
1.3464,0.986640630877557
1.3465,0.986688606622898
1.3466,0.986736603290983
1.3467,0.986784620887414
1.3468,0.986832659417795
1.3469,0.986880718887732
1.347,0.986928799302832
1.3471,0.986976900668703
1.3472,0.987025022990956
1.3473,0.987073166275201
1.3474,0.987121330527053
1.3475,0.987169515752126
1.3476,0.987217721956035
1.3477,0.9872659491444
1.3478,0.987314197322838
1.3479,0.987362466496972
1.348,0.987410756672422
1.3481,0.987459067854812
1.3482,0.987507400049769
1.3483,0.987555753262919
1.3484,0.98760412749989
1.3485,0.987652522766312
1.3486,0.987700939067817
1.3487,0.987749376410037
1.3488,0.987797834798607
1.3489,0.987846314239162
1.349,0.987894814737341
1.3491,0.987943336298782
1.3492,0.987991878929126
1.3493,0.988040442634015
1.3494,0.988089027419093
1.3495,0.988137633290004
1.3496,0.988186260252397
1.3497,0.988234908311918
1.3498,0.988283577474218
1.3499,0.988332267744947
1.35,0.98838097912976
1.3501,0.98842971163431
1.3502,0.988478465264253
1.3503,0.988527240025247
1.3504,0.988576035922951
1.3505,0.988624852963025
1.3506,0.988673691151132
1.3507,0.988722550492934
1.3508,0.988771430994097
1.3509,0.988820332660288
1.351,0.988869255497174
1.3511,0.988918199510426
1.3512,0.988967164705715
1.3513,0.989016151088714
1.3514,0.989065158665097
1.3515,0.989114187440541
1.3516,0.989163237420722
1.3517,0.989212308611319
1.3518,0.989261401018014
1.3519,0.989310514646489
1.352,0.989359649502426
1.3521,0.989408805591512
1.3522,0.989457982919432
1.3523,0.989507181491876
1.3524,0.989556401314533
1.3525,0.989605642393095
1.3526,0.989654904733254
1.3527,0.989704188340705
1.3528,0.989753493221144
1.3529,0.989802819380269
1.353,0.989852166823779
1.3531,0.989901535557374
1.3532,0.989950925586757
1.3533,0.990000336917632
1.3534,0.990049769555703
1.3535,0.990099223506679
1.3536,0.990148698776267
1.3537,0.990198195370178
1.3538,0.990247713294123
1.3539,0.990297252553815
1.354,0.990346813154969
1.3541,0.990396395103301
1.3542,0.99044599840453
1.3543,0.990495623064373
1.3544,0.990545269088554
1.3545,0.990594936482793
1.3546,0.990644625252815
1.3547,0.990694335404347
1.3548,0.990744066943114
1.3549,0.990793819874846
1.355,0.990843594205273
1.3551,0.990893389940127
1.3552,0.990943207085141
1.3553,0.990993045646051
1.3554,0.991042905628593
1.3555,0.991092787038505
1.3556,0.991142689881527
1.3557,0.9911926141634
1.3558,0.991242559889867
1.3559,0.991292527066673
1.356,0.991342515699564
1.3561,0.991392525794287
1.3562,0.991442557356591
1.3563,0.991492610392227
1.3564,0.991542684906948
1.3565,0.991592780906507
1.3566,0.991642898396659
1.3567,0.991693037383162
1.3568,0.991743197871774
1.3569,0.991793379868255
1.357,0.991843583378367
1.3571,0.991893808407874
1.3572,0.99194405496254
1.3573,0.991994323048132
1.3574,0.992044612670418
1.3575,0.992094923835168
1.3576,0.992145256548152
1.3577,0.992195610815143
1.3578,0.992245986641916
1.3579,0.992296384034247
1.358,0.992346802997914
1.3581,0.992397243538695
1.3582,0.992447705662371
1.3583,0.992498189374724
1.3584,0.992548694681539
1.3585,0.9925992215886
1.3586,0.992649770101695
1.3587,0.992700340226613
1.3588,0.992750931969143
1.3589,0.992801545335077
1.359,0.992852180330209
1.3591,0.992902836960334
1.3592,0.992953515231248
1.3593,0.993004215148749
1.3594,0.993054936718638
1.3595,0.993105679946715
1.3596,0.993156444838783
1.3597,0.993207231400647
1.3598,0.993258039638113
1.3599,0.993308869556989
1.36,0.993359721163084
1.3601,0.993410594462208
1.3602,0.993461489460175
1.3603,0.993512406162797
1.3604,0.993563344575892
1.3605,0.993614304705276
1.3606,0.993665286556768
1.3607,0.993716290136189
1.3608,0.993767315449361
1.3609,0.993818362502106
1.361,0.993869431300252
1.3611,0.993920521849623
1.3612,0.99397163415605
1.3613,0.994022768225361
1.3614,0.994073924063389
1.3615,0.994125101675967
1.3616,0.99417630106893
1.3617,0.994227522248114
1.3618,0.994278765219357
1.3619,0.994330029988499
1.362,0.994381316561381
1.3621,0.994432624943846
1.3622,0.99448395514174
1.3623,0.994535307160907
1.3624,0.994586681007195
1.3625,0.994638076686455
1.3626,0.994689494204535
1.3627,0.99474093356729
1.3628,0.994792394780573
1.3629,0.994843877850241
1.363,0.99489538278215
1.3631,0.994946909582159
1.3632,0.994998458256129
1.3633,0.995050028809923
1.3634,0.995101621249404
1.3635,0.995153235580437
1.3636,0.99520487180889
1.3637,0.995256529940631
1.3638,0.99530820998153
1.3639,0.99535991193746
1.364,0.995411635814293
1.3641,0.995463381617905
1.3642,0.995515149354173
1.3643,0.995566939028976
1.3644,0.995618750648192
1.3645,0.995670584217704
1.3646,0.995722439743395
1.3647,0.99577431723115
1.3648,0.995826216686855
1.3649,0.995878138116399
1.365,0.995930081525671
1.3651,0.995982046920563
1.3652,0.996034034306967
1.3653,0.996086043690779
1.3654,0.996138075077893
1.3655,0.996190128474209
1.3656,0.996242203885625
1.3657,0.996294301318043
1.3658,0.996346420777366
1.3659,0.996398562269498
1.366,0.996450725800345
1.3661,0.996502911375814
1.3662,0.996555119001815
1.3663,0.99660734868426
1.3664,0.99665960042906
1.3665,0.996711874242128
1.3666,0.996764170129383
1.3667,0.99681648809674
1.3668,0.996868828150118
1.3669,0.996921190295439
1.367,0.996973574538625
1.3671,0.9970259808856
1.3672,0.997078409342288
1.3673,0.997130859914618
1.3674,0.997183332608519
1.3675,0.997235827429921
1.3676,0.997288344384756
1.3677,0.997340883478958
1.3678,0.997393444718462
1.3679,0.997446028109207
1.368,0.997498633657129
1.3681,0.99755126136817
1.3682,0.997603911248272
1.3683,0.997656583303379
1.3684,0.997709277539435
1.3685,0.997761993962387
1.3686,0.997814732578185
1.3687,0.997867493392779
1.3688,0.997920276412119
1.3689,0.997973081642161
1.369,0.998025909088858
1.3691,0.998078758758168
1.3692,0.998131630656049
1.3693,0.998184524788462
1.3694,0.998237441161367
1.3695,0.99829037978073
1.3696,0.998343340652513
1.3697,0.998396323782686
1.3698,0.998449329177215
1.3699,0.998502356842071
1.37,0.998555406783226
1.3701,0.998608479006653
1.3702,0.998661573518326
1.3703,0.998714690324224
1.3704,0.998767829430323
1.3705,0.998820990842604
1.3706,0.998874174567048
1.3707,0.99892738060964
1.3708,0.998980608976364
1.3709,0.999033859673206
1.371,0.999087132706154
1.3711,0.9991404280812
1.3712,0.999193745804334
1.3713,0.99924708588155
1.3714,0.999300448318842
1.3715,0.999353833122207
1.3716,0.999407240297644
1.3717,0.999460669851152
1.3718,0.999514121788733
1.3719,0.999567596116391
1.372,0.999621092840129
1.3721,0.999674611965955
1.3722,0.999728153499877
1.3723,0.999781717447904
1.3724,0.999835303816049
1.3725,0.999888912610325
1.3726,0.999942543836747
1.3727,0.99999619750133
1.3728,1.00004987361009
1.3729,1.00010357216906
1.373,1.00015729318425
1.3731,1.00021103666168
1.3732,1.00026480260738
1.3733,1.00031859102738
1.3734,1.00037240192771
1.3735,1.00042623531439
1.3736,1.00048009119346
1.3737,1.00053396957095
1.3738,1.00058787045289
1.3739,1.00064179384533
1.374,1.00069573975429
1.3741,1.00074970818583
1.3742,1.00080369914598
1.3743,1.00085771264079
1.3744,1.00091174867629
1.3745,1.00096580725855
1.3746,1.0010198883936
1.3747,1.0010739920875
1.3748,1.00112811834629
1.3749,1.00118226717604
1.375,1.0012364385828
1.3751,1.00129063257261
1.3752,1.00134484915155
1.3753,1.00139908832568
1.3754,1.00145335010105
1.3755,1.00150763448372
1.3756,1.00156194147977
1.3757,1.00161627109526
1.3758,1.00167062333626
1.3759,1.00172499820884
1.376,1.00177939571908
1.3761,1.00183381587304
1.3762,1.0018882586768
1.3763,1.00194272413644
1.3764,1.00199721225803
1.3765,1.00205172304767
1.3766,1.00210625651142
1.3767,1.00216081265538
1.3768,1.00221539148564
1.3769,1.00226999300826
1.377,1.00232461722936
1.3771,1.00237926415501
1.3772,1.00243393379132
1.3773,1.00248862614436
1.3774,1.00254334122025
1.3775,1.00259807902508
1.3776,1.00265283956494
1.3777,1.00270762284594
1.3778,1.00276242887418
1.3779,1.00281725765577
1.378,1.0028721091968
1.3781,1.0029269835034
1.3782,1.00298188058166
1.3783,1.00303680043771
1.3784,1.00309174307765
1.3785,1.00314670850759
1.3786,1.00320169673366
1.3787,1.00325670776197
1.3788,1.00331174159864
1.3789,1.00336679824979
1.379,1.00342187772155
1.3791,1.00347698002004
1.3792,1.00353210515139
1.3793,1.00358725312172
1.3794,1.00364242393717
1.3795,1.00369761760387
1.3796,1.00375283412795
1.3797,1.00380807351555
1.3798,1.0038633357728
1.3799,1.00391862090584
1.38,1.00397392892081
1.3801,1.00402925982386
1.3802,1.00408461362113
1.3803,1.00413999031876
1.3804,1.0041953899229
1.3805,1.0042508124397
1.3806,1.00430625787531
1.3807,1.00436172623589
1.3808,1.00441721752758
1.3809,1.00447273175655
1.381,1.00452826892894
1.3811,1.00458382905093
1.3812,1.00463941212866
1.3813,1.00469501816831
1.3814,1.00475064717604
1.3815,1.00480629915801
1.3816,1.00486197412039
1.3817,1.00491767206936
1.3818,1.00497339301108
1.3819,1.00502913695172
1.382,1.00508490389747
1.3821,1.00514069385449
1.3822,1.00519650682897
1.3823,1.00525234282709
1.3824,1.00530820185502
1.3825,1.00536408391896
1.3826,1.00541998902508
1.3827,1.00547591717957
1.3828,1.00553186838863
1.3829,1.00558784265844
1.383,1.0056438399952
1.3831,1.00569986040509
1.3832,1.00575590389432
1.3833,1.00581197046908
1.3834,1.00586806013557
1.3835,1.0059241729
1.3836,1.00598030876856
1.3837,1.00603646774745
1.3838,1.00609264984289
1.3839,1.00614885506109
1.384,1.00620508340825
1.3841,1.00626133489058
1.3842,1.0063176095143
1.3843,1.00637390728562
1.3844,1.00643022821076
1.3845,1.00648657229593
1.3846,1.00654293954737
1.3847,1.00659932997128
1.3848,1.00665574357389
1.3849,1.00671218036143
1.385,1.00676864034013
1.3851,1.00682512351621
1.3852,1.0068816298959
1.3853,1.00693815948544
1.3854,1.00699471229106
1.3855,1.007051288319
1.3856,1.00710788757549
1.3857,1.00716451006677
1.3858,1.00722115579909
1.3859,1.00727782477868
1.386,1.0073345170118
1.3861,1.00739123250468
1.3862,1.00744797126359
1.3863,1.00750473329475
1.3864,1.00756151860444
1.3865,1.0076183271989
1.3866,1.00767515908438
1.3867,1.00773201426715
1.3868,1.00778889275346
1.3869,1.00784579454957
1.387,1.00790271966175
1.3871,1.00795966809626
1.3872,1.00801663985937
1.3873,1.00807363495733
1.3874,1.00813065339643
1.3875,1.00818769518293
1.3876,1.00824476032311
1.3877,1.00830184882323
1.3878,1.00835896068959
1.3879,1.00841609592845
1.388,1.00847325454609
1.3881,1.0085304365488
1.3882,1.00858764194286
1.3883,1.00864487073455
1.3884,1.00870212293017
1.3885,1.008759398536
1.3886,1.00881669755833
1.3887,1.00887402000345
1.3888,1.00893136587766
1.3889,1.00898873518726
1.389,1.00904612793854
1.3891,1.00910354413779
1.3892,1.00916098379133
1.3893,1.00921844690546
1.3894,1.00927593348647
1.3895,1.00933344354068
1.3896,1.0093909770744
1.3897,1.00944853409393
1.3898,1.00950611460559
1.3899,1.00956371861569
1.39,1.00962134613054
1.3901,1.00967899715647
1.3902,1.00973667169979
1.3903,1.00979436976683
1.3904,1.0098520913639
1.3905,1.00990983649733
1.3906,1.00996760517345
1.3907,1.01002539739858
1.3908,1.01008321317906
1.3909,1.01014105252121
1.391,1.01019891543137
1.3911,1.01025680191587
1.3912,1.01031471198106
1.3913,1.01037264563327
1.3914,1.01043060287884
1.3915,1.01048858372411
1.3916,1.01054658817543
1.3917,1.01060461623914
1.3918,1.01066266792159
1.3919,1.01072074322913
1.392,1.01077884216812
1.3921,1.0108369647449
1.3922,1.01089511096583
1.3923,1.01095328083726
1.3924,1.01101147436556
1.3925,1.01106969155709
1.3926,1.0111279324182
1.3927,1.01118619695527
1.3928,1.01124448517465
1.3929,1.01130279708271
1.393,1.01136113268583
1.3931,1.01141949199037
1.3932,1.01147787500272
1.3933,1.01153628172923
1.3934,1.01159471217629
1.3935,1.01165316635029
1.3936,1.01171164425758
1.3937,1.01177014590457
1.3938,1.01182867129763
1.3939,1.01188722044316
1.394,1.01194579334752
1.3941,1.01200439001713
1.3942,1.01206301045836
1.3943,1.01212165467761
1.3944,1.01218032268127
1.3945,1.01223901447574
1.3946,1.01229773006743
1.3947,1.01235646946272
1.3948,1.01241523266803
1.3949,1.01247401968974
1.395,1.01253283053428
1.3951,1.01259166520805
1.3952,1.01265052371745
1.3953,1.01270940606891
1.3954,1.01276831226882
1.3955,1.01282724232361
1.3956,1.01288619623969
1.3957,1.01294517402348
1.3958,1.0130041756814
1.3959,1.01306320121988
1.396,1.01312225064533
1.3961,1.01318132396418
1.3962,1.01324042118286
1.3963,1.0132995423078
1.3964,1.01335868734543
1.3965,1.01341785630218
1.3966,1.01347704918449
1.3967,1.0135362659988
1.3968,1.01359550675154
1.3969,1.01365477144915
1.397,1.01371406009807
1.3971,1.01377337270475
1.3972,1.01383270927564
1.3973,1.01389206981718
1.3974,1.01395145433582
1.3975,1.01401086283802
1.3976,1.01407029533022
1.3977,1.01412975181888
1.3978,1.01418923231046
1.3979,1.01424873681141
1.398,1.01430826532821
1.3981,1.0143678178673
1.3982,1.01442739443515
1.3983,1.01448699503823
1.3984,1.01454661968301
1.3985,1.01460626837596
1.3986,1.01466594112354
1.3987,1.01472563793223
1.3988,1.01478535880852
1.3989,1.01484510375886
1.399,1.01490487278975
1.3991,1.01496466590766
1.3992,1.01502448311908
1.3993,1.01508432443048
1.3994,1.01514418984837
1.3995,1.01520407937921
1.3996,1.01526399302952
1.3997,1.01532393080577
1.3998,1.01538389271445
1.3999,1.01544387876208
1.4,1.01550388895514
1.4001,1.01556392330012
1.4002,1.01562398180355
1.4003,1.01568406447191
1.4004,1.01574417131171
1.4005,1.01580430232945
1.4006,1.01586445753166
1.4007,1.01592463692483
1.4008,1.01598484051548
1.4009,1.01604506831012
1.401,1.01610532031527
1.4011,1.01616559653745
1.4012,1.01622589698318
1.4013,1.01628622165897
1.4014,1.01634657057136
1.4015,1.01640694372686
1.4016,1.016467341132
1.4017,1.01652776279332
1.4018,1.01658820871734
1.4019,1.0166486789106
1.402,1.01670917337963
1.4021,1.01676969213096
1.4022,1.01683023517115
1.4023,1.01689080250672
1.4024,1.01695139414421
1.4025,1.01701201009018
1.4026,1.01707265035117
1.4027,1.01713331493372
1.4028,1.01719400384439
1.4029,1.01725471708972
1.403,1.01731545467628
1.4031,1.01737621661061
1.4032,1.01743700289927
1.4033,1.01749781354882
1.4034,1.01755864856582
1.4035,1.01761950795684
1.4036,1.01768039172844
1.4037,1.01774129988719
1.4038,1.01780223243964
1.4039,1.01786318939239
1.404,1.01792417075199
1.4041,1.01798517652501
1.4042,1.01804620671805
1.4043,1.01810726133767
1.4044,1.01816834039045
1.4045,1.01822944388298
1.4046,1.01829057182183
1.4047,1.0183517242136
1.4048,1.01841290106488
1.4049,1.01847410238224
1.405,1.01853532817228
1.4051,1.0185965784416
1.4052,1.01865785319678
1.4053,1.01871915244443
1.4054,1.01878047619115
1.4055,1.01884182444353
1.4056,1.01890319720818
1.4057,1.01896459449169
1.4058,1.01902601630069
1.4059,1.01908746264176
1.406,1.01914893352154
1.4061,1.01921042894662
1.4062,1.01927194892362
1.4063,1.01933349345916
1.4064,1.01939506255985
1.4065,1.01945665623231
1.4066,1.01951827448317
1.4067,1.01957991731904
1.4068,1.01964158474656
1.4069,1.01970327677234
1.407,1.01976499340303
1.4071,1.01982673464524
1.4072,1.01988850050562
1.4073,1.01995029099079
1.4074,1.02001210610739
1.4075,1.02007394586206
1.4076,1.02013581026145
1.4077,1.02019769931219
1.4078,1.02025961302093
1.4079,1.02032155139431
1.408,1.02038351443898
1.4081,1.0204455021616
1.4082,1.0205075145688
1.4083,1.02056955166726
1.4084,1.02063161346362
1.4085,1.02069369996454
1.4086,1.02075581117668
1.4087,1.0208179471067
1.4088,1.02088010776126
1.4089,1.02094229314704
1.409,1.02100450327069
1.4091,1.02106673813889
1.4092,1.0211289977583
1.4093,1.02119128213561
1.4094,1.02125359127747
1.4095,1.02131592519058
1.4096,1.02137828388162
1.4097,1.02144066735725
1.4098,1.02150307562416
1.4099,1.02156550868904
1.41,1.02162796655858
1.4101,1.02169044923945
1.4102,1.02175295673836
1.4103,1.021815489062
1.4104,1.02187804621705
1.4105,1.02194062821022
1.4106,1.0220032350482
1.4107,1.02206586673769
1.4108,1.02212852328539
1.4109,1.02219120469801
1.411,1.02225391098226
1.4111,1.02231664214484
1.4112,1.02237939819245
1.4113,1.02244217913182
1.4114,1.02250498496965
1.4115,1.02256781571267
1.4116,1.02263067136758
1.4117,1.0226935519411
1.4118,1.02275645743997
1.4119,1.0228193878709
1.412,1.02288234324061
1.4121,1.02294532355583
1.4122,1.0230083288233
1.4123,1.02307135904974
1.4124,1.02313441424188
1.4125,1.02319749440647
1.4126,1.02326059955023
1.4127,1.0233237296799
1.4128,1.02338688480224
1.4129,1.02345006492397
1.413,1.02351327005184
1.4131,1.0235765001926
1.4132,1.023639755353
1.4133,1.02370303553979
1.4134,1.02376634075972
1.4135,1.02382967101954
1.4136,1.02389302632601
1.4137,1.0239564066859
1.4138,1.02401981210595
1.4139,1.02408324259293
1.414,1.0241466981536
1.4141,1.02421017879474
1.4142,1.0242736845231
1.4143,1.02433721534546
1.4144,1.0244007712686
1.4145,1.02446435229927
1.4146,1.02452795844427
1.4147,1.02459158971036
1.4148,1.02465524610433
1.4149,1.02471892763296
1.415,1.02478263430303
1.4151,1.02484636612133
1.4152,1.02491012309464
1.4153,1.02497390522975
1.4154,1.02503771253346
1.4155,1.02510154501256
1.4156,1.02516540267385
1.4157,1.02522928552412
1.4158,1.02529319357016
1.4159,1.02535712681879
1.416,1.02542108527681
1.4161,1.02548506895101
1.4162,1.02554907784822
1.4163,1.02561311197523
1.4164,1.02567717133886
1.4165,1.02574125594592
1.4166,1.02580536580323
1.4167,1.0258695009176
1.4168,1.02593366129585
1.4169,1.02599784694481
1.417,1.02606205787129
1.4171,1.02612629408212
1.4172,1.02619055558413
1.4173,1.02625484238415
1.4174,1.02631915448901
1.4175,1.02638349190553
1.4176,1.02644785464056
1.4177,1.02651224270094
1.4178,1.02657665609349
1.4179,1.02664109482507
1.418,1.02670555890251
1.4181,1.02677004833266
1.4182,1.02683456312237
1.4183,1.02689910327848
1.4184,1.02696366880785
1.4185,1.02702825971733
1.4186,1.02709287601377
1.4187,1.02715751770403
1.4188,1.02722218479497
1.4189,1.02728687729345
1.419,1.02735159520633
1.4191,1.02741633854047
1.4192,1.02748110730275
1.4193,1.02754590150003
1.4194,1.02761072113919
1.4195,1.02767556622709
1.4196,1.0277404367706
1.4197,1.02780533277662
1.4198,1.02787025425201
1.4199,1.02793520120366
1.42,1.02800017363844
1.4201,1.02806517156325
1.4202,1.02813019498496
1.4203,1.02819524391048
1.4204,1.02826031834668
1.4205,1.02832541830047
1.4206,1.02839054377873
1.4207,1.02845569478837
1.4208,1.02852087133628
1.4209,1.02858607342936
1.421,1.02865130107451
1.4211,1.02871655427864
1.4212,1.02878183304866
1.4213,1.02884713739148
1.4214,1.028912467314
1.4215,1.02897782282314
1.4216,1.02904320392581
1.4217,1.02910861062894
1.4218,1.02917404293943
1.4219,1.02923950086421
1.422,1.02930498441021
1.4221,1.02937049358434
1.4222,1.02943602839354
1.4223,1.02950158884473
1.4224,1.02956717494484
1.4225,1.02963278670081
1.4226,1.02969842411957
1.4227,1.02976408720806
1.4228,1.02982977597322
1.4229,1.02989549042199
1.423,1.02996123056131
1.4231,1.03002699639813
1.4232,1.03009278793938
1.4233,1.03015860519204
1.4234,1.03022444816303
1.4235,1.03029031685933
1.4236,1.03035621128787
1.4237,1.03042213145563
1.4238,1.03048807736955
1.4239,1.0305540490366
1.424,1.03062004646375
1.4241,1.03068606965796
1.4242,1.03075211862619
1.4243,1.03081819337542
1.4244,1.03088429391261
1.4245,1.03095042024474
1.4246,1.03101657237879
1.4247,1.03108275032174
1.4248,1.03114895408055
1.4249,1.03121518366222
1.425,1.03128143907373
1.4251,1.03134772032206
1.4252,1.03141402741421
1.4253,1.03148036035715
1.4254,1.03154671915789
1.4255,1.03161310382342
1.4256,1.03167951436072
1.4257,1.03174595077681
1.4258,1.03181241307868
1.4259,1.03187890127334
1.426,1.03194541536778
1.4261,1.03201195536901
1.4262,1.03207852128404
1.4263,1.03214511311989
1.4264,1.03221173088356
1.4265,1.03227837458206
1.4266,1.03234504422243
1.4267,1.03241173981166
1.4268,1.03247846135679
1.4269,1.03254520886483
1.427,1.03261198234281
1.4271,1.03267878179776
1.4272,1.03274560723671
1.4273,1.03281245866668
1.4274,1.03287933609471
1.4275,1.03294623952784
1.4276,1.0330131689731
1.4277,1.03308012443753
1.4278,1.03314710592816
1.4279,1.03321411345206
1.428,1.03328114701625
1.4281,1.03334820662779
1.4282,1.03341529229373
1.4283,1.03348240402111
1.4284,1.033549541817
1.4285,1.03361670568844
1.4286,1.0336838956425
1.4287,1.03375111168623
1.4288,1.03381835382669
1.4289,1.03388562207096
1.429,1.03395291642608
1.4291,1.03402023689915
1.4292,1.03408758349721
1.4293,1.03415495622735
1.4294,1.03422235509664
1.4295,1.03428978011216
1.4296,1.03435723128097
1.4297,1.03442470861018
1.4298,1.03449221210684
1.4299,1.03455974177806
1.43,1.03462729763092
1.4301,1.0346948796725
1.4302,1.0347624879099
1.4303,1.03483012235021
1.4304,1.03489778300053
1.4305,1.03496546986794
1.4306,1.03503318295956
1.4307,1.03510092228248
1.4308,1.03516868784381
1.4309,1.03523647965064
1.431,1.0353042977101
1.4311,1.03537214202928
1.4312,1.0354400126153
1.4313,1.03550790947528
1.4314,1.03557583261632
1.4315,1.03564378204555
1.4316,1.03571175777009
1.4317,1.03577975979706
1.4318,1.03584778813357
1.4319,1.03591584278677
1.432,1.03598392376378
1.4321,1.03605203107172
1.4322,1.03612016471774
1.4323,1.03618832470896
1.4324,1.03625651105252
1.4325,1.03632472375556
1.4326,1.03639296282522
1.4327,1.03646122826865
1.4328,1.03652952009299
1.4329,1.03659783830539
1.433,1.03666618291299
1.4331,1.03673455392295
1.4332,1.03680295134242
1.4333,1.03687137517856
1.4334,1.03693982543853
1.4335,1.03700830212948
1.4336,1.03707680525857
1.4337,1.03714533483298
1.4338,1.03721389085986
1.4339,1.03728247334639
1.434,1.03735108229973
1.4341,1.03741971772707
1.4342,1.03748837963556
1.4343,1.0375570680324
1.4344,1.03762578292475
1.4345,1.0376945243198
1.4346,1.03776329222474
1.4347,1.03783208664674
1.4348,1.037900907593
1.4349,1.0379697550707
1.435,1.03803862908703
1.4351,1.0381075296492
1.4352,1.03817645676439
1.4353,1.03824541043981
1.4354,1.03831439068265
1.4355,1.03838339750012
1.4356,1.03845243089941
1.4357,1.03852149088774
1.4358,1.03859057747232
1.4359,1.03865969066035
1.436,1.03872883045905
1.4361,1.03879799687564
1.4362,1.03886718991732
1.4363,1.03893640959132
1.4364,1.03900565590487
1.4365,1.03907492886518
1.4366,1.03914422847948
1.4367,1.03921355475499
1.4368,1.03928290769895
1.4369,1.0393522873186
1.437,1.03942169362115
1.4371,1.03949112661386
1.4372,1.03956058630395
1.4373,1.03963007269867
1.4374,1.03969958580527
1.4375,1.03976912563098
1.4376,1.03983869218305
1.4377,1.03990828546874
1.4378,1.03997790549529
1.4379,1.04004755226995
1.438,1.04011722579999
1.4381,1.04018692609266
1.4382,1.04025665315521
1.4383,1.04032640699492
1.4384,1.04039618761905
1.4385,1.04046599503486
1.4386,1.04053582924961
1.4387,1.04060569027059
1.4388,1.04067557810506
1.4389,1.0407454927603
1.439,1.04081543424359
1.4391,1.0408854025622
1.4392,1.04095539772342
1.4393,1.04102541973453
1.4394,1.04109546860281
1.4395,1.04116554433555
1.4396,1.04123564694005
1.4397,1.04130577642359
1.4398,1.04137593279347
1.4399,1.04144611605699
1.44,1.04151632622144
1.4401,1.04158656329412
1.4402,1.04165682728234
1.4403,1.04172711819341
1.4404,1.04179743603462
1.4405,1.04186778081329
1.4406,1.04193815253674
1.4407,1.04200855121227
1.4408,1.0420789768472
1.4409,1.04214942944884
1.441,1.04221990902453
1.4411,1.04229041558157
1.4412,1.04236094912731
1.4413,1.04243150966905
1.4414,1.04250209721413
1.4415,1.04257271176989
1.4416,1.04264335334365
1.4417,1.04271402194276
1.4418,1.04278471757454
1.4419,1.04285544024634
1.442,1.0429261899655
1.4421,1.04299696673936
1.4422,1.04306777057527
1.4423,1.04313860148059
1.4424,1.04320945946265
1.4425,1.04328034452881
1.4426,1.04335125668643
1.4427,1.04342219594287
1.4428,1.04349316230548
1.4429,1.04356415578163
1.443,1.04363517637867
1.4431,1.04370622410398
1.4432,1.04377729896493
1.4433,1.04384840096887
1.4434,1.0439195301232
1.4435,1.04399068643527
1.4436,1.04406186991248
1.4437,1.04413308056219
1.4438,1.04420431839179
1.4439,1.04427558340866
1.444,1.04434687562018
1.4441,1.04441819503376
1.4442,1.04448954165676
1.4443,1.0445609154966
1.4444,1.04463231656065
1.4445,1.04470374485633
1.4446,1.04477520039102
1.4447,1.04484668317213
1.4448,1.04491819320707
1.4449,1.04498973050322
1.445,1.04506129506802
1.4451,1.04513288690886
1.4452,1.04520450603315
1.4453,1.04527615244832
1.4454,1.04534782616177
1.4455,1.04541952718093
1.4456,1.04549125551322
1.4457,1.04556301116605
1.4458,1.04563479414687
1.4459,1.04570660446308
1.446,1.04577844212212
1.4461,1.04585030713143
1.4462,1.04592219949844
1.4463,1.04599411923058
1.4464,1.0460660663353
1.4465,1.04613804082003
1.4466,1.04621004269222
1.4467,1.04628207195931
1.4468,1.04635412862874
1.4469,1.04642621270798
1.447,1.04649832420447
1.4471,1.04657046312566
1.4472,1.04664262947902
1.4473,1.04671482327199
1.4474,1.04678704451205
1.4475,1.04685929320665
1.4476,1.04693156936325
1.4477,1.04700387298934
1.4478,1.04707620409237
1.4479,1.04714856267981
1.448,1.04722094875915
1.4481,1.04729336233786
1.4482,1.04736580342341
1.4483,1.04743827202329
1.4484,1.04751076814498
1.4485,1.04758329179597
1.4486,1.04765584298374
1.4487,1.04772842171578
1.4488,1.04780102799959
1.4489,1.04787366184266
1.449,1.04794632325248
1.4491,1.04801901223656
1.4492,1.04809172880239
1.4493,1.04816447295748
1.4494,1.04823724470933
1.4495,1.04831004406546
1.4496,1.04838287103336
1.4497,1.04845572562056
1.4498,1.04852860783457
1.4499,1.0486015176829
1.45,1.04867445517307
1.4501,1.04874742031261
1.4502,1.04882041310903
1.4503,1.04889343356987
1.4504,1.04896648170265
1.4505,1.0490395575149
1.4506,1.04911266101415
1.4507,1.04918579220794
1.4508,1.0492589511038
1.4509,1.04933213770928
1.451,1.04940535203191
1.4511,1.04947859407924
1.4512,1.04955186385882
1.4513,1.04962516137819
1.4514,1.0496984866449
1.4515,1.0497718396665
1.4516,1.04984522045056
1.4517,1.04991862900462
1.4518,1.04999206533625
1.4519,1.05006552945301
1.452,1.05013902136246
1.4521,1.05021254107217
1.4522,1.05028608858971
1.4523,1.05035966392265
1.4524,1.05043326707855
1.4525,1.050506898065
1.4526,1.05058055688958
1.4527,1.05065424355986
1.4528,1.05072795808342
1.4529,1.05080170046785
1.453,1.05087547072074
1.4531,1.05094926884968
1.4532,1.05102309486225
1.4533,1.05109694876605
1.4534,1.05117083056867
1.4535,1.05124474027772
1.4536,1.0513186779008
1.4537,1.0513926434455
1.4538,1.05146663691943
1.4539,1.05154065833019
1.454,1.05161470768541
1.4541,1.05168878499268
1.4542,1.05176289025963
1.4543,1.05183702349387
1.4544,1.05191118470301
1.4545,1.05198537389468
1.4546,1.0520595910765
1.4547,1.0521338362561
1.4548,1.05220810944111
1.4549,1.05228241063915
1.455,1.05235673985785
1.4551,1.05243109710486
1.4552,1.0525054823878
1.4553,1.05257989571432
1.4554,1.05265433709206
1.4555,1.05272880652866
1.4556,1.05280330403177
1.4557,1.05287782960903
1.4558,1.0529523832681
1.4559,1.05302696501663
1.456,1.05310157486228
1.4561,1.0531762128127
1.4562,1.05325087887554
1.4563,1.05332557305848
1.4564,1.05340029536918
1.4565,1.05347504581531
1.4566,1.05354982440453
1.4567,1.05362463114451
1.4568,1.05369946604293
1.4569,1.05377432910746
1.457,1.05384922034579
1.4571,1.05392413976559
1.4572,1.05399908737455
1.4573,1.05407406318035
1.4574,1.05414906719067
1.4575,1.05422409941322
1.4576,1.05429915985567
1.4577,1.05437424852573
1.4578,1.05444936543109
1.4579,1.05452451057945
1.458,1.05459968397851
1.4581,1.05467488563597
1.4582,1.05475011555955
1.4583,1.05482537375694
1.4584,1.05490066023587
1.4585,1.05497597500404
1.4586,1.05505131806916
1.4587,1.05512668943896
1.4588,1.05520208912115
1.4589,1.05527751712346
1.459,1.05535297345362
1.4591,1.05542845811934
1.4592,1.05550397112836
1.4593,1.05557951248841
1.4594,1.05565508220722
1.4595,1.05573068029253
1.4596,1.05580630675208
1.4597,1.05588196159361
1.4598,1.05595764482486
1.4599,1.05603335645357
1.46,1.0561090964875
1.4601,1.0561848649344
1.4602,1.05626066180201
1.4603,1.05633648709809
1.4604,1.05641234083041
1.4605,1.05648822300671
1.4606,1.05656413363477
1.4607,1.05664007272233
1.4608,1.05671604027718
1.4609,1.05679203630708
1.461,1.05686806081981
1.4611,1.05694411382312
1.4612,1.05702019532481
1.4613,1.05709630533265
1.4614,1.05717244385442
1.4615,1.05724861089789
1.4616,1.05732480647087
1.4617,1.05740103058113
1.4618,1.05747728323647
1.4619,1.05755356444467
1.462,1.05762987421354
1.4621,1.05770621255087
1.4622,1.05778257946445
1.4623,1.05785897496209
1.4624,1.0579353990516
1.4625,1.05801185174078
1.4626,1.05808833303744
1.4627,1.05816484294939
1.4628,1.05824138148444
1.4629,1.05831794865042
1.463,1.05839454445513
1.4631,1.0584711689064
1.4632,1.05854782201205
1.4633,1.05862450377991
1.4634,1.0587012142178
1.4635,1.05877795333356
1.4636,1.05885472113501
1.4637,1.05893151763
1.4638,1.05900834282636
1.4639,1.05908519673192
1.464,1.05916207935453
1.4641,1.05923899070204
1.4642,1.0593159307823
1.4643,1.05939289960314
1.4644,1.05946989717242
1.4645,1.059546923498
1.4646,1.05962397858773
1.4647,1.05970106244947
1.4648,1.05977817509108
1.4649,1.05985531652042
1.465,1.05993248674537
1.4651,1.06000968577378
1.4652,1.06008691361353
1.4653,1.0601641702725
1.4654,1.06024145575854
1.4655,1.06031877007956
1.4656,1.06039611324341
1.4657,1.06047348525799
1.4658,1.06055088613119
1.4659,1.06062831587088
1.466,1.06070577448495
1.4661,1.06078326198131
1.4662,1.06086077836784
1.4663,1.06093832365244
1.4664,1.06101589784301
1.4665,1.06109350094745
1.4666,1.06117113297367
1.4667,1.06124879392956
1.4668,1.06132648382305
1.4669,1.06140420266203
1.467,1.06148195045443
1.4671,1.06155972720816
1.4672,1.06163753293114
1.4673,1.06171536763128
1.4674,1.06179323131652
1.4675,1.06187112399477
1.4676,1.06194904567397
1.4677,1.06202699636204
1.4678,1.06210497606692
1.4679,1.06218298479654
1.468,1.06226102255885
1.4681,1.06233908936177
1.4682,1.06241718521326
1.4683,1.06249531012125
1.4684,1.06257346409369
1.4685,1.06265164713854
1.4686,1.06272985926375
1.4687,1.06280810047726
1.4688,1.06288637078704
1.4689,1.06296467020105
1.469,1.06304299872725
1.4691,1.06312135637359
1.4692,1.06319974314805
1.4693,1.0632781590586
1.4694,1.06335660411321
1.4695,1.06343507831985
1.4696,1.06351358168649
1.4697,1.06359211422113
1.4698,1.06367067593172
1.4699,1.06374926682627
1.47,1.06382788691276
1.4701,1.06390653619916
1.4702,1.06398521469349
1.4703,1.06406392240372
1.4704,1.06414265933785
1.4705,1.06422142550389
1.4706,1.06430022090983
1.4707,1.06437904556367
1.4708,1.06445789947342
1.4709,1.06453678264709
1.471,1.06461569509269
1.4711,1.06469463681822
1.4712,1.06477360783171
1.4713,1.06485260814118
1.4714,1.06493163775463
1.4715,1.06501069668011
1.4716,1.06508978492562
1.4717,1.0651689024992
1.4718,1.06524804940887
1.4719,1.06532722566267
1.472,1.06540643126864
1.4721,1.06548566623481
1.4722,1.06556493056921
1.4723,1.06564422427989
1.4724,1.06572354737491
1.4725,1.06580289986229
1.4726,1.06588228175009
1.4727,1.06596169304637
1.4728,1.06604113375917
1.4729,1.06612060389656
1.473,1.06620010346659
1.4731,1.06627963247733
1.4732,1.06635919093683
1.4733,1.06643877885317
1.4734,1.06651839623441
1.4735,1.06659804308862
1.4736,1.06667771942388
1.4737,1.06675742524827
1.4738,1.06683716056986
1.4739,1.06691692539674
1.474,1.06699671973698
1.4741,1.06707654359868
1.4742,1.06715639698992
1.4743,1.0672362799188
1.4744,1.0673161923934
1.4745,1.06739613442182
1.4746,1.06747610601217
1.4747,1.06755610717254
1.4748,1.06763613791103
1.4749,1.06771619823576
1.475,1.06779628815483
1.4751,1.06787640767634
1.4752,1.06795655680843
1.4753,1.06803673555919
1.4754,1.06811694393675
1.4755,1.06819718194922
1.4756,1.06827744960474
1.4757,1.06835774691143
1.4758,1.06843807387741
1.4759,1.06851843051082
1.476,1.06859881681979
1.4761,1.06867923281245
1.4762,1.06875967849695
1.4763,1.06884015388142
1.4764,1.06892065897401
1.4765,1.06900119378286
1.4766,1.06908175831611
1.4767,1.06916235258193
1.4768,1.06924297658847
1.4769,1.06932363034387
1.477,1.0694043138563
1.4771,1.06948502713392
1.4772,1.06956577018488
1.4773,1.06964654301737
1.4774,1.06972734563953
1.4775,1.06980817805956
1.4776,1.06988904028561
1.4777,1.06996993232586
1.4778,1.07005085418849
1.4779,1.07013180588169
1.478,1.07021278741363
1.4781,1.0702937987925
1.4782,1.07037484002649
1.4783,1.07045591112378
1.4784,1.07053701209258
1.4785,1.07061814294108
1.4786,1.07069930367747
1.4787,1.07078049430995
1.4788,1.07086171484673
1.4789,1.07094296529602
1.479,1.07102424566602
1.4791,1.07110555596494
1.4792,1.071186896201
1.4793,1.07126826638241
1.4794,1.07134966651739
1.4795,1.07143109661416
1.4796,1.07151255668094
1.4797,1.07159404672596
1.4798,1.07167556675745
1.4799,1.07175711678364
1.48,1.07183869681275
1.4801,1.07192030685304
1.4802,1.07200194691273
1.4803,1.07208361700006
1.4804,1.07216531712329
1.4805,1.07224704729065
1.4806,1.07232880751039
1.4807,1.07241059779077
1.4808,1.07249241814004
1.4809,1.07257426856644
1.481,1.07265614907826
1.4811,1.07273805968373
1.4812,1.07282000039113
1.4813,1.07290197120873
1.4814,1.07298397214478
1.4815,1.07306600320757
1.4816,1.07314806440537
1.4817,1.07323015574645
1.4818,1.07331227723909
1.4819,1.07339442889157
1.482,1.07347661071218
1.4821,1.07355882270921
1.4822,1.07364106489094
1.4823,1.07372333726566
1.4824,1.07380563984167
1.4825,1.07388797262726
1.4826,1.07397033563074
1.4827,1.0740527288604
1.4828,1.07413515232455
1.4829,1.0742176060315
1.483,1.07430008998956
1.4831,1.07438260420703
1.4832,1.07446514869224
1.4833,1.07454772345349
1.4834,1.07463032849912
1.4835,1.07471296383743
1.4836,1.07479562947676
1.4837,1.07487832542544
1.4838,1.07496105169178
1.4839,1.07504380828414
1.484,1.07512659521083
1.4841,1.0752094124802
1.4842,1.07529226010059
1.4843,1.07537513808033
1.4844,1.07545804642779
1.4845,1.07554098515129
1.4846,1.0756239542592
1.4847,1.07570695375987
1.4848,1.07578998366165
1.4849,1.0758730439729
1.485,1.07595613470198
1.4851,1.07603925585725
1.4852,1.07612240744709
1.4853,1.07620558947985
1.4854,1.07628880196391
1.4855,1.07637204490765
1.4856,1.07645531831943
1.4857,1.07653862220764
1.4858,1.07662195658066
1.4859,1.07670532144687
1.486,1.07678871681466
1.4861,1.07687214269242
1.4862,1.07695559908854
1.4863,1.07703908601141
1.4864,1.07712260346943
1.4865,1.077206151471
1.4866,1.07728973002452
1.4867,1.0773733391384
1.4868,1.07745697882104
1.4869,1.07754064908085
1.487,1.07762434992625
1.4871,1.07770808136565
1.4872,1.07779184340746
1.4873,1.07787563606011
1.4874,1.07795945933202
1.4875,1.07804331323162
1.4876,1.07812719776733
1.4877,1.07821111294758
1.4878,1.07829505878081
1.4879,1.07837903527545
1.488,1.07846304243995
1.4881,1.07854708028273
1.4882,1.07863114881225
1.4883,1.07871524803695
1.4884,1.07879937796528
1.4885,1.07888353860569
1.4886,1.07896772996663
1.4887,1.07905195205657
1.4888,1.07913620488395
1.4889,1.07922048845725
1.489,1.07930480278493
1.4891,1.07938914787544
1.4892,1.07947352373727
1.4893,1.07955793037889
1.4894,1.07964236780877
1.4895,1.07972683603538
1.4896,1.07981133506721
1.4897,1.07989586491274
1.4898,1.07998042558045
1.4899,1.08006501707884
1.49,1.08014963941639
1.4901,1.0802342926016
1.4902,1.08031897664296
1.4903,1.08040369154897
1.4904,1.08048843732814
1.4905,1.08057321398895
1.4906,1.08065802153993
1.4907,1.08074285998959
1.4908,1.08082772934642
1.4909,1.08091262961895
1.491,1.08099756081569
1.4911,1.08108252294517
1.4912,1.0811675160159
1.4913,1.08125254003641
1.4914,1.08133759501523
1.4915,1.08142268096088
1.4916,1.08150779788191
1.4917,1.08159294578684
1.4918,1.08167812468421
1.4919,1.08176333458256
1.492,1.08184857549044
1.4921,1.0819338474164
1.4922,1.08201915036897
1.4923,1.08210448435672
1.4924,1.08218984938819
1.4925,1.08227524547194
1.4926,1.08236067261653
1.4927,1.08244613083053
1.4928,1.08253162012249
1.4929,1.08261714050099
1.493,1.08270269197459
1.4931,1.08278827455187
1.4932,1.0828738882414
1.4933,1.08295953305176
1.4934,1.08304520899153
1.4935,1.08313091606928
1.4936,1.08321665429362
1.4937,1.08330242367313
1.4938,1.08338822421639
1.4939,1.083474055932
1.494,1.08355991882855
1.4941,1.08364581291466
1.4942,1.08373173819891
1.4943,1.08381769468991
1.4944,1.08390368239627
1.4945,1.0839897013266
1.4946,1.08407575148952
1.4947,1.08416183289362
1.4948,1.08424794554754
1.4949,1.0843340894599
1.495,1.08442026463931
1.4951,1.0845064710944
1.4952,1.0845927088338
1.4953,1.08467897786614
1.4954,1.08476527820006
1.4955,1.08485160984419
1.4956,1.08493797280717
1.4957,1.08502436709765
1.4958,1.08511079272426
1.4959,1.08519724969565
1.496,1.08528373802048
1.4961,1.08537025770739
1.4962,1.08545680876505
1.4963,1.0855433912021
1.4964,1.08563000502721
1.4965,1.08571665024905
1.4966,1.08580332687628
1.4967,1.08589003491756
1.4968,1.08597677438157
1.4969,1.08606354527698
1.497,1.08615034761248
1.4971,1.08623718139673
1.4972,1.08632404663842
1.4973,1.08641094334624
1.4974,1.08649787152887
1.4975,1.08658483119501
1.4976,1.08667182235334
1.4977,1.08675884501256
1.4978,1.08684589918137
1.4979,1.08693298486848
1.498,1.08702010208257
1.4981,1.08710725083237
1.4982,1.08719443112658
1.4983,1.08728164297392
1.4984,1.08736888638308
1.4985,1.08745616136281
1.4986,1.0875434679218
1.4987,1.0876308060688
1.4988,1.08771817581251
1.4989,1.08780557716168
1.499,1.08789301012502
1.4991,1.08798047471128
1.4992,1.08806797092919
1.4993,1.0881554987875
1.4994,1.08824305829493
1.4995,1.08833064946024
1.4996,1.08841827229217
1.4997,1.08850592679948
1.4998,1.08859361299091
1.4999,1.08868133087522
1.5,1.08876908046117
1.5001,1.08885686175752
1.5002,1.08894467477303
1.5003,1.08903251951648
1.5004,1.08912039599662
1.5005,1.08920830422223
1.5006,1.08929624420208
1.5007,1.08938421594496
1.5008,1.08947221945964
1.5009,1.08956025475491
1.501,1.08964832183954
1.5011,1.08973642072233
1.5012,1.08982455141207
1.5013,1.08991271391755
1.5014,1.09000090824757
1.5015,1.09008913441093
1.5016,1.09017739241643
1.5017,1.09026568227288
1.5018,1.09035400398907
1.5019,1.09044235757383
1.502,1.09053074303596
1.5021,1.09061916038429
1.5022,1.09070760962762
1.5023,1.09079609077478
1.5024,1.09088460383459
1.5025,1.09097314881588
1.5026,1.09106172572749
1.5027,1.09115033457823
1.5028,1.09123897537695
1.5029,1.09132764813248
1.503,1.09141635285367
1.5031,1.09150508954936
1.5032,1.09159385822839
1.5033,1.09168265889961
1.5034,1.09177149157188
1.5035,1.09186035625404
1.5036,1.09194925295496
1.5037,1.09203818168349
1.5038,1.0921271424485
1.5039,1.09221613525885
1.504,1.09230516012341
1.5041,1.09239421705105
1.5042,1.09248330605065
1.5043,1.09257242713108
1.5044,1.09266158030122
1.5045,1.09275076556995
1.5046,1.09283998294616
1.5047,1.09292923243873
1.5048,1.09301851405656
1.5049,1.09310782780853
1.505,1.09319717370355
1.5051,1.09328655175051
1.5052,1.09337596195831
1.5053,1.09346540433586
1.5054,1.09355487889206
1.5055,1.09364438563583
1.5056,1.09373392457608
1.5057,1.09382349572171
1.5058,1.09391309908166
1.5059,1.09400273466484
1.506,1.09409240248017
1.5061,1.09418210253659
1.5062,1.09427183484301
1.5063,1.09436159940838
1.5064,1.09445139624163
1.5065,1.09454122535169
1.5066,1.0946310867475
1.5067,1.09472098043802
1.5068,1.09481090643218
1.5069,1.09490086473893
1.507,1.09499085536723
1.5071,1.09508087832603
1.5072,1.09517093362429
1.5073,1.09526102127096
1.5074,1.09535114127501
1.5075,1.09544129364541
1.5076,1.09553147839113
1.5077,1.09562169552113
1.5078,1.09571194504439
1.5079,1.09580222696989
1.508,1.0958925413066
1.5081,1.09598288806352
1.5082,1.09607326724962
1.5083,1.09616367887389
1.5084,1.09625412294533
1.5085,1.09634459947292
1.5086,1.09643510846567
1.5087,1.09652564993257
1.5088,1.09661622388263
1.5089,1.09670683032485
1.509,1.09679746926824
1.5091,1.09688814072181
1.5092,1.09697884469457
1.5093,1.09706958119555
1.5094,1.09716035023375
1.5095,1.09725115181821
1.5096,1.09734198595794
1.5097,1.09743285266198
1.5098,1.09752375193935
1.5099,1.09761468379909
1.51,1.09770564825023
1.5101,1.09779664530182
1.5102,1.0978876749629
1.5103,1.0979787372425
1.5104,1.09806983214969
1.5105,1.0981609596935
1.5106,1.098252119883
1.5107,1.09834331272723
1.5108,1.09843453823526
1.5109,1.09852579641616
1.511,1.09861708727897
1.5111,1.09870841083278
1.5112,1.09879976708665
1.5113,1.09889115604966
1.5114,1.09898257773087
1.5115,1.09907403213938
1.5116,1.09916551928426
1.5117,1.0992570391746
1.5118,1.09934859181949
1.5119,1.099440177228
1.512,1.09953179540925
1.5121,1.09962344637232
1.5122,1.09971513012632
1.5123,1.09980684668034
1.5124,1.09989859604349
1.5125,1.09999037822488
1.5126,1.10008219323362
1.5127,1.10017404107882
1.5128,1.1002659217696
1.5129,1.10035783531507
1.513,1.10044978172437
1.5131,1.1005417610066
1.5132,1.10063377317091
1.5133,1.10072581822642
1.5134,1.10081789618227
1.5135,1.10091000704759
1.5136,1.10100215083151
1.5137,1.1010943275432
1.5138,1.10118653719177
1.5139,1.1012787797864
1.514,1.10137105533622
1.5141,1.10146336385039
1.5142,1.10155570533806
1.5143,1.10164807980841
1.5144,1.10174048727058
1.5145,1.10183292773374
1.5146,1.10192540120706
1.5147,1.10201790769972
1.5148,1.10211044722088
1.5149,1.10220301977973
1.515,1.10229562538543
1.5151,1.10238826404718
1.5152,1.10248093577416
1.5153,1.10257364057556
1.5154,1.10266637846057
1.5155,1.10275914943838
1.5156,1.10285195351819
1.5157,1.1029447907092
1.5158,1.10303766102062
1.5159,1.10313056446164
1.516,1.10322350104148
1.5161,1.10331647076935
1.5162,1.10340947365446
1.5163,1.10350250970603
1.5164,1.10359557893328
1.5165,1.10368868134544
1.5166,1.10378181695172
1.5167,1.10387498576137
1.5168,1.1039681877836
1.5169,1.10406142302766
1.517,1.10415469150279
1.5171,1.10424799321821
1.5172,1.10434132818319
1.5173,1.10443469640695
1.5174,1.10452809789876
1.5175,1.10462153266787
1.5176,1.10471500072353
1.5177,1.10480850207499
1.5178,1.10490203673153
1.5179,1.10499560470239
1.518,1.10508920599686
1.5181,1.1051828406242
1.5182,1.10527650859368
1.5183,1.10537020991458
1.5184,1.10546394459618
1.5185,1.10555771264775
1.5186,1.10565151407859
1.5187,1.10574534889799
1.5188,1.10583921711522
1.5189,1.10593311873958
1.519,1.10602705378038
1.5191,1.10612102224691
1.5192,1.10621502414847
1.5193,1.10630905949437
1.5194,1.10640312829391
1.5195,1.10649723055641
1.5196,1.10659136629118
1.5197,1.10668553550753
1.5198,1.1067797382148
1.5199,1.10687397442229
1.52,1.10696824413934
1.5201,1.10706254737527
1.5202,1.10715688413942
1.5203,1.10725125444111
1.5204,1.1073456582897
1.5205,1.10744009569451
1.5206,1.1075345666649
1.5207,1.1076290712102
1.5208,1.10772360933977
1.5209,1.10781818106296
1.521,1.10791278638913
1.5211,1.10800742532763
1.5212,1.10810209788782
1.5213,1.10819680407907
1.5214,1.10829154391075
1.5215,1.10838631739222
1.5216,1.10848112453286
1.5217,1.10857596534205
1.5218,1.10867083982916
1.5219,1.10876574800358
1.522,1.10886068987468
1.5221,1.10895566545187
1.5222,1.10905067474453
1.5223,1.10914571776205
1.5224,1.10924079451383
1.5225,1.10933590500927
1.5226,1.10943104925778
1.5227,1.10952622726875
1.5228,1.1096214390516
1.5229,1.10971668461574
1.523,1.10981196397059
1.5231,1.10990727712556
1.5232,1.11000262409007
1.5233,1.11009800487355
1.5234,1.11019341948542
1.5235,1.11028886793511
1.5236,1.11038435023206
1.5237,1.1104798663857
1.5238,1.11057541640548
1.5239,1.11067100030082
1.524,1.11076661808118
1.5241,1.11086226975601
1.5242,1.11095795533475
1.5243,1.11105367482685
1.5244,1.11114942824179
1.5245,1.11124521558901
1.5246,1.11134103687797
1.5247,1.11143689211816
1.5248,1.11153278131902
1.5249,1.11162870449004
1.525,1.11172466164068
1.5251,1.11182065278044
1.5252,1.11191667791878
1.5253,1.11201273706519
1.5254,1.11210883022916
1.5255,1.11220495742018
1.5256,1.11230111864774
1.5257,1.11239731392133
1.5258,1.11249354325046
1.5259,1.11258980664463
1.526,1.11268610411334
1.5261,1.1127824356661
1.5262,1.11287880131242
1.5263,1.11297520106182
1.5264,1.11307163492381
1.5265,1.11316810290791
1.5266,1.11326460502364
1.5267,1.11336114128054
1.5268,1.11345771168813
1.5269,1.11355431625594
1.527,1.1136509549935
1.5271,1.11374762791037
1.5272,1.11384433501607
1.5273,1.11394107632015
1.5274,1.11403785183216
1.5275,1.11413466156165
1.5276,1.11423150551817
1.5277,1.11432838371128
1.5278,1.11442529615054
1.5279,1.1145222428455
1.528,1.11461922380575
1.5281,1.11471623904084
1.5282,1.11481328856035
1.5283,1.11491037237385
1.5284,1.11500749049092
1.5285,1.11510464292114
1.5286,1.1152018296741
1.5287,1.11529905075937
1.5288,1.11539630618656
1.5289,1.11549359596525
1.529,1.11559092010504
1.5291,1.11568827861553
1.5292,1.11578567150633
1.5293,1.11588309878703
1.5294,1.11598056046724
1.5295,1.11607805655658
1.5296,1.11617558706467
1.5297,1.11627315200111
1.5298,1.11637075137553
1.5299,1.11646838519755
1.53,1.11656605347681
1.5301,1.11666375622292
1.5302,1.11676149344553
1.5303,1.11685926515427
1.5304,1.11695707135877
1.5305,1.11705491206868
1.5306,1.11715278729365
1.5307,1.11725069704332
1.5308,1.11734864132735
1.5309,1.11744662015538
1.531,1.11754463353708
1.5311,1.11764268148211
1.5312,1.11774076400013
1.5313,1.11783888110081
1.5314,1.11793703279382
1.5315,1.11803521908882
1.5316,1.1181334399955
1.5317,1.11823169552354
1.5318,1.11832998568262
1.5319,1.11842831048242
1.532,1.11852666993263
1.5321,1.11862506404294
1.5322,1.11872349282305
1.5323,1.11882195628266
1.5324,1.11892045443146
1.5325,1.11901898727916
1.5326,1.11911755483547
1.5327,1.1192161571101
1.5328,1.11931479411276
1.5329,1.11941346585316
1.533,1.11951217234103
1.5331,1.11961091358609
1.5332,1.11970968959806
1.5333,1.11980850038668
1.5334,1.11990734596167
1.5335,1.12000622633277
1.5336,1.12010514150972
1.5337,1.12020409150226
1.5338,1.12030307632013
1.5339,1.12040209597308
1.534,1.12050115047087
1.5341,1.12060023982324
1.5342,1.12069936403995
1.5343,1.12079852313076
1.5344,1.12089771710544
1.5345,1.12099694597375
1.5346,1.12109620974545
1.5347,1.12119550843034
1.5348,1.12129484203817
1.5349,1.12139421057872
1.535,1.12149361406179
1.5351,1.12159305249715
1.5352,1.12169252589459
1.5353,1.1217920342639
1.5354,1.12189157761488
1.5355,1.12199115595733
1.5356,1.12209076930104
1.5357,1.12219041765582
1.5358,1.12229010103148
1.5359,1.12238981943782
1.536,1.12248957288466
1.5361,1.12258936138182
1.5362,1.12268918493911
1.5363,1.12278904356636
1.5364,1.12288893727339
1.5365,1.12298886607004
1.5366,1.12308882996612
1.5367,1.12318882897149
1.5368,1.12328886309598
1.5369,1.12338893234942
1.537,1.12348903674167
1.5371,1.12358917628258
1.5372,1.12368935098198
1.5373,1.12378956084974
1.5374,1.12388980589572
1.5375,1.12399008612977
1.5376,1.12409040156176
1.5377,1.12419075220155
1.5378,1.12429113805903
1.5379,1.12439155914404
1.538,1.12449201546649
1.5381,1.12459250703624
1.5382,1.12469303386317
1.5383,1.12479359595718
1.5384,1.12489419332815
1.5385,1.12499482598597
1.5386,1.12509549394055
1.5387,1.12519619720177
1.5388,1.12529693577954
1.5389,1.12539770968377
1.539,1.12549851892436
1.5391,1.12559936351122
1.5392,1.12570024345427
1.5393,1.12580115876343
1.5394,1.12590210944861
1.5395,1.12600309551974
1.5396,1.12610411698676
1.5397,1.12620517385958
1.5398,1.12630626614814
1.5399,1.12640739386238
1.54,1.12650855701224
1.5401,1.12660975560766
1.5402,1.12671098965859
1.5403,1.12681225917498
1.5404,1.12691356416677
1.5405,1.12701490464394
1.5406,1.12711628061642
1.5407,1.1272176920942
1.5408,1.12731913908723
1.5409,1.12742062160548
1.541,1.12752213965893
1.5411,1.12762369325754
1.5412,1.1277252824113
1.5413,1.1278269071302
1.5414,1.1279285674242
1.5415,1.12803026330331
1.5416,1.12813199477751
1.5417,1.1282337618568
1.5418,1.12833556455118
1.5419,1.12843740287064
1.542,1.12853927682519
1.5421,1.12864118642484
1.5422,1.12874313167959
1.5423,1.12884511259947
1.5424,1.12894712919449
1.5425,1.12904918147466
1.5426,1.12915126945002
1.5427,1.12925339313059
1.5428,1.1293555525264
1.5429,1.12945774764748
1.543,1.12955997850387
1.5431,1.1296622451056
1.5432,1.12976454746273
1.5433,1.1298668855853
1.5434,1.12996925948335
1.5435,1.13007166916694
1.5436,1.13017411464612
1.5437,1.13027659593096
1.5438,1.13037911303151
1.5439,1.13048166595785
1.544,1.13058425472003
1.5441,1.13068687932814
1.5442,1.13078953979225
1.5443,1.13089223612243
1.5444,1.13099496832877
1.5445,1.13109773642135
1.5446,1.13120054041026
1.5447,1.1313033803056
1.5448,1.13140625611745
1.5449,1.13150916785592
1.545,1.13161211553111
1.5451,1.13171509915311
1.5452,1.13181811873205
1.5453,1.13192117427802
1.5454,1.13202426580115
1.5455,1.13212739331155
1.5456,1.13223055681934
1.5457,1.13233375633465
1.5458,1.13243699186761
1.5459,1.13254026342834
1.546,1.13264357102697
1.5461,1.13274691467366
1.5462,1.13285029437853
1.5463,1.13295371015172
1.5464,1.1330571620034
1.5465,1.1331606499437
1.5466,1.13326417398279
1.5467,1.13336773413081
1.5468,1.13347133039793
1.5469,1.13357496279431
1.547,1.13367863133012
1.5471,1.13378233601553
1.5472,1.13388607686071
1.5473,1.13398985387583
1.5474,1.13409366707109
1.5475,1.13419751645665
1.5476,1.13430140204271
1.5477,1.13440532383946
1.5478,1.13450928185709
1.5479,1.1346132761058
1.548,1.13471730659578
1.5481,1.13482137333723
1.5482,1.13492547634038
1.5483,1.13502961561542
1.5484,1.13513379117256
1.5485,1.13523800302203
1.5486,1.13534225117404
1.5487,1.13544653563882
1.5488,1.13555085642659
1.5489,1.13565521354758
1.549,1.13575960701202
1.5491,1.13586403683015
1.5492,1.13596850301221
1.5493,1.13607300556845
1.5494,1.1361775445091
1.5495,1.13628211984441
1.5496,1.13638673158465
1.5497,1.13649137974005
1.5498,1.1365960643209
1.5499,1.13670078533744
1.55,1.13680554279994
1.5501,1.13691033671867
1.5502,1.13701516710391
1.5503,1.13712003396593
1.5504,1.137224937315
1.5505,1.13732987716142
1.5506,1.13743485351546
1.5507,1.13753986638742
1.5508,1.13764491578759
1.5509,1.13775000172626
1.551,1.13785512421374
1.5511,1.13796028326032
1.5512,1.13806547887632
1.5513,1.13817071107203
1.5514,1.13827597985778
1.5515,1.13838128524388
1.5516,1.13848662724065
1.5517,1.13859200585841
1.5518,1.13869742110748
1.5519,1.1388028729982
1.552,1.1389083615409
1.5521,1.13901388674592
1.5522,1.13911944862359
1.5523,1.13922504718425
1.5524,1.13933068243826
1.5525,1.13943635439595
1.5526,1.1395420630677
1.5527,1.13964780846384
1.5528,1.13975359059474
1.5529,1.13985940947077
1.553,1.13996526510228
1.5531,1.14007115749965
1.5532,1.14017708667326
1.5533,1.14028305263347
1.5534,1.14038905539067
1.5535,1.14049509495523
1.5536,1.14060117133756
1.5537,1.14070728454803
1.5538,1.14081343459704
1.5539,1.14091962149499
1.554,1.14102584525227
1.5541,1.14113210587929
1.5542,1.14123840338645
1.5543,1.14134473778417
1.5544,1.14145110908286
1.5545,1.14155751729294
1.5546,1.14166396242482
1.5547,1.14177044448893
1.5548,1.14187696349569
1.5549,1.14198351945554
1.555,1.14209011237891
1.5551,1.14219674227624
1.5552,1.14230340915797
1.5553,1.14241011303453
1.5554,1.14251685391639
1.5555,1.14262363181398
1.5556,1.14273044673777
1.5557,1.1428372986982
1.5558,1.14294418770575
1.5559,1.14305111377088
1.556,1.14315807690405
1.5561,1.14326507711573
1.5562,1.1433721144164
1.5563,1.14347918881654
1.5564,1.14358630032662
1.5565,1.14369344895714
1.5566,1.14380063471858
1.5567,1.14390785762143
1.5568,1.14401511767619
1.5569,1.14412241489335
1.557,1.14422974928343
1.5571,1.14433712085691
1.5572,1.14444452962431
1.5573,1.14455197559615
1.5574,1.14465945878294
1.5575,1.14476697919519
1.5576,1.14487453684343
1.5577,1.14498213173819
1.5578,1.14508976389
1.5579,1.14519743330938
1.558,1.14530514000687
1.5581,1.14541288399302
1.5582,1.14552066527836
1.5583,1.14562848387345
1.5584,1.14573633978882
1.5585,1.14584423303505
1.5586,1.14595216362267
1.5587,1.14606013156225
1.5588,1.14616813686436
1.5589,1.14627617953956
1.559,1.14638425959842
1.5591,1.14649237705152
1.5592,1.14660053190944
1.5593,1.14670872418274
1.5594,1.14681695388203
1.5595,1.14692522101788
1.5596,1.14703352560089
1.5597,1.14714186764165
1.5598,1.14725024715076
1.5599,1.14735866413882
1.56,1.14746711861643
1.5601,1.14757561059421
1.5602,1.14768414008277
1.5603,1.14779270709272
1.5604,1.14790131163467
1.5605,1.14800995371926
1.5606,1.14811863335711
1.5607,1.14822735055885
1.5608,1.1483361053351
1.5609,1.14844489769651
1.561,1.14855372765372
1.5611,1.14866259521737
1.5612,1.1487715003981
1.5613,1.14888044320656
1.5614,1.14898942365342
1.5615,1.14909844174931
1.5616,1.14920749750492
1.5617,1.14931659093089
1.5618,1.1494257220379
1.5619,1.14953489083662
1.562,1.14964409733773
1.5621,1.14975334155189
1.5622,1.14986262348979
1.5623,1.14997194316212
1.5624,1.15008130057957
1.5625,1.15019069575282
1.5626,1.15030012869258
1.5627,1.15040959940953
1.5628,1.15051910791439
1.5629,1.15062865421785
1.563,1.15073823833064
1.5631,1.15084786026346
1.5632,1.15095752002702
1.5633,1.15106721763205
1.5634,1.15117695308927
1.5635,1.15128672640941
1.5636,1.15139653760319
1.5637,1.15150638668136
1.5638,1.15161627365464
1.5639,1.15172619853379
1.564,1.15183616132953
1.5641,1.15194616205263
1.5642,1.15205620071384
1.5643,1.1521662773239
1.5644,1.15227639189358
1.5645,1.15238654443364
1.5646,1.15249673495484
1.5647,1.15260696346795
1.5648,1.15271722998375
1.5649,1.15282753451302
1.565,1.15293787706652
1.5651,1.15304825765505
1.5652,1.15315867628938
1.5653,1.15326913298032
1.5654,1.15337962773866
1.5655,1.15349016057518
1.5656,1.1536007315007
1.5657,1.15371134052602
1.5658,1.15382198766194
1.5659,1.15393267291928
1.566,1.15404339630885
1.5661,1.15415415784147
1.5662,1.15426495752796
1.5663,1.15437579537915
1.5664,1.15448667140587
1.5665,1.15459758561894
1.5666,1.15470853802921
1.5667,1.15481952864752
1.5668,1.15493055748471
1.5669,1.15504162455162
1.567,1.15515272985911
1.5671,1.15526387341803
1.5672,1.15537505523923
1.5673,1.15548627533359
1.5674,1.15559753371196
1.5675,1.15570883038521
1.5676,1.15582016536422
1.5677,1.15593153865985
1.5678,1.15604295028299
1.5679,1.15615440024452
1.568,1.15626588855533
1.5681,1.15637741522631
1.5682,1.15648898026835
1.5683,1.15660058369234
1.5684,1.15671222550919
1.5685,1.1568239057298
1.5686,1.15693562436508
1.5687,1.15704738142593
1.5688,1.15715917692329
1.5689,1.15727101086805
1.569,1.15738288327115
1.5691,1.15749479414351
1.5692,1.15760674349606
1.5693,1.15771873133973
1.5694,1.15783075768545
1.5695,1.15794282254418
1.5696,1.15805492592684
1.5697,1.1581670678444
1.5698,1.15827924830779
1.5699,1.15839146732797
1.57,1.15850372491591
1.5701,1.15861602108256
1.5702,1.15872835583888
1.5703,1.15884072919585
1.5704,1.15895314116444
1.5705,1.15906559175562
1.5706,1.15917808098038
1.5707,1.15929060884969
1.5708,1.15940317537454
1.5709,1.15951578056593
1.571,1.15962842443484
1.5711,1.15974110699228
1.5712,1.15985382824924
1.5713,1.15996658821674
1.5714,1.16007938690577
1.5715,1.16019222432735
1.5716,1.1603051004925
1.5717,1.16041801541223
1.5718,1.16053096909757
1.5719,1.16064396155955
1.572,1.16075699280919
1.5721,1.16087006285753
1.5722,1.1609831717156
1.5723,1.16109631939445
1.5724,1.16120950590513
1.5725,1.16132273125867
1.5726,1.16143599546613
1.5727,1.16154929853857
1.5728,1.16166264048705
1.5729,1.16177602132262
1.573,1.16188944105636
1.5731,1.16200289969934
1.5732,1.16211639726262
1.5733,1.1622299337573
1.5734,1.16234350919443
1.5735,1.16245712358513
1.5736,1.16257077694046
1.5737,1.16268446927152
1.5738,1.16279820058942
1.5739,1.16291197090524
1.574,1.16302578023009
1.5741,1.16313962857508
1.5742,1.16325351595131
1.5743,1.16336744236991
1.5744,1.16348140784198
1.5745,1.16359541237866
1.5746,1.16370945599106
1.5747,1.16382353869031
1.5748,1.16393766048755
1.5749,1.16405182139392
1.575,1.16416602142054
1.5751,1.16428026057857
1.5752,1.16439453887915
1.5753,1.16450885633343
1.5754,1.16462321295257
1.5755,1.16473760874772
1.5756,1.16485204373005
1.5757,1.16496651791072
1.5758,1.16508103130091
1.5759,1.16519558391177
1.576,1.1653101757545
1.5761,1.16542480684026
1.5762,1.16553947718025
1.5763,1.16565418678565
1.5764,1.16576893566765
1.5765,1.16588372383745
1.5766,1.16599855130625
1.5767,1.16611341808524
1.5768,1.16622832418564
1.5769,1.16634326961865
1.577,1.16645825439549
1.5771,1.16657327852737
1.5772,1.16668834202552
1.5773,1.16680344490115
1.5774,1.16691858716551
1.5775,1.16703376882981
1.5776,1.16714898990529
1.5777,1.16726425040321
1.5778,1.16737955033479
1.5779,1.16749488971128
1.578,1.16761026854394
1.5781,1.16772568684401
1.5782,1.16784114462276
1.5783,1.16795664189145
1.5784,1.16807217866135
1.5785,1.16818775494371
1.5786,1.16830337074983
1.5787,1.16841902609096
1.5788,1.16853472097839
1.5789,1.16865045542342
1.579,1.16876622943731
1.5791,1.16888204303137
1.5792,1.16899789621689
1.5793,1.16911378900517
1.5794,1.16922972140751
1.5795,1.16934569343522
1.5796,1.16946170509961
1.5797,1.16957775641199
1.5798,1.16969384738369
1.5799,1.16980997802601
1.58,1.16992614835029
1.5801,1.17004235836785
1.5802,1.17015860809003
1.5803,1.17027489752816
1.5804,1.17039122669359
1.5805,1.17050759559766
1.5806,1.17062400425171
1.5807,1.1707404526671
1.5808,1.17085694085518
1.5809,1.17097346882731
1.581,1.17109003659485
1.5811,1.17120664416918
1.5812,1.17132329156165
1.5813,1.17143997878365
1.5814,1.17155670584655
1.5815,1.17167347276173
1.5816,1.17179027954059
1.5817,1.1719071261945
1.5818,1.17202401273485
1.5819,1.17214093917306
1.582,1.17225790552051
1.5821,1.17237491178861
1.5822,1.17249195798878
1.5823,1.17260904413241
1.5824,1.17272617023093
1.5825,1.17284333629575
1.5826,1.17296054233831
1.5827,1.17307778837001
1.5828,1.17319507440231
1.5829,1.17331240044662
1.583,1.17342976651439
1.5831,1.17354717261707
1.5832,1.17366461876609
1.5833,1.1737821049729
1.5834,1.17389963124897
1.5835,1.17401719760574
1.5836,1.17413480405468
1.5837,1.17425245060725
1.5838,1.17437013727492
1.5839,1.17448786406916
1.584,1.17460563100145
1.5841,1.17472343808328
1.5842,1.17484128532611
1.5843,1.17495917274144
1.5844,1.17507710034077
1.5845,1.17519506813558
1.5846,1.17531307613738
1.5847,1.17543112435767
1.5848,1.17554921280795
1.5849,1.17566734149974
1.585,1.17578551044456
1.5851,1.1759037196539
1.5852,1.17602196913931
1.5853,1.17614025891231
1.5854,1.17625858898442
1.5855,1.17637695936719
1.5856,1.17649537007213
1.5857,1.17661382111081
1.5858,1.17673231249476
1.5859,1.17685084423553
1.586,1.17696941634468
1.5861,1.17708802883376
1.5862,1.17720668171432
1.5863,1.17732537499795
1.5864,1.17744410869619
1.5865,1.17756288282064
1.5866,1.17768169738285
1.5867,1.17780055239441
1.5868,1.17791944786691
1.5869,1.17803838381193
1.587,1.17815736024106
1.5871,1.17827637716589
1.5872,1.17839543459804
1.5873,1.17851453254909
1.5874,1.17863367103065
1.5875,1.17875285005435
1.5876,1.17887206963178
1.5877,1.17899132977456
1.5878,1.17911063049433
1.5879,1.17922997180271
1.588,1.17934935371132
1.5881,1.1794687762318
1.5882,1.17958823937578
1.5883,1.17970774315491
1.5884,1.17982728758084
1.5885,1.17994687266521
1.5886,1.18006649841967
1.5887,1.18018616485589
1.5888,1.18030587198552
1.5889,1.18042561982022
1.589,1.18054540837167
1.5891,1.18066523765154
1.5892,1.1807851076715
1.5893,1.18090501844324
1.5894,1.18102496997844
1.5895,1.18114496228878
1.5896,1.18126499538596
1.5897,1.18138506928168
1.5898,1.18150518398763
1.5899,1.18162533951551
1.59,1.18174553587704
1.5901,1.18186577308393
1.5902,1.18198605114789
1.5903,1.18210637008063
1.5904,1.18222672989389
1.5905,1.18234713059939
1.5906,1.18246757220886
1.5907,1.18258805473404
1.5908,1.18270857818666
1.5909,1.18282914257847
1.591,1.18294974792121
1.5911,1.18307039422663
1.5912,1.18319108150649
1.5913,1.18331180977255
1.5914,1.18343257903657
1.5915,1.18355338931031
1.5916,1.18367424060555
1.5917,1.18379513293405
1.5918,1.1839160663076
1.5919,1.18403704073798
1.592,1.18415805623697
1.5921,1.18427911281637
1.5922,1.18440021048796
1.5923,1.18452134926355
1.5924,1.18464252915493
1.5925,1.18476375017392
1.5926,1.18488501233232
1.5927,1.18500631564194
1.5928,1.1851276601146
1.5929,1.18524904576213
1.593,1.18537047259635
1.5931,1.18549194062908
1.5932,1.18561344987216
1.5933,1.18573500033743
1.5934,1.18585659203672
1.5935,1.18597822498189
1.5936,1.18609989918478
1.5937,1.18622161465725
1.5938,1.18634337141115
1.5939,1.18646516945834
1.594,1.18658700881068
1.5941,1.18670888948006
1.5942,1.18683081147832
1.5943,1.18695277481737
1.5944,1.18707477950907
1.5945,1.18719682556531
1.5946,1.18731891299798
1.5947,1.18744104181896
1.5948,1.18756321204017
1.5949,1.18768542367349
1.595,1.18780767673084
1.5951,1.18792997122411
1.5952,1.18805230716523
1.5953,1.18817468456611
1.5954,1.18829710343866
1.5955,1.18841956379482
1.5956,1.18854206564652
1.5957,1.18866460900567
1.5958,1.18878719388423
1.5959,1.18890982029413
1.596,1.18903248824731
1.5961,1.18915519775573
1.5962,1.18927794883134
1.5963,1.18940074148608
1.5964,1.18952357573193
1.5965,1.18964645158085
1.5966,1.1897693690448
1.5967,1.18989232813575
1.5968,1.19001532886569
1.5969,1.1901383712466
1.597,1.19026145529045
1.5971,1.19038458100924
1.5972,1.19050774841496
1.5973,1.19063095751961
1.5974,1.19075420833518
1.5975,1.19087750087368
1.5976,1.19100083514712
1.5977,1.19112421116752
1.5978,1.19124762894688
1.5979,1.19137108849722
1.598,1.19149458983058
1.5981,1.19161813295898
1.5982,1.19174171789446
1.5983,1.19186534464905
1.5984,1.19198901323478
1.5985,1.19211272366371
1.5986,1.19223647594789
1.5987,1.19236027009936
1.5988,1.19248410613019
1.5989,1.19260798405243
1.599,1.19273190387815
1.5991,1.19285586561942
1.5992,1.19297986928832
1.5993,1.19310391489691
1.5994,1.19322800245728
1.5995,1.19335213198152
1.5996,1.19347630348171
1.5997,1.19360051696995
1.5998,1.19372477245833
1.5999,1.19384906995896
1.6,1.19397340948394
1.6001,1.19409779104539
1.6002,1.1942222146554
1.6003,1.19434668032611
1.6004,1.19447118806963
1.6005,1.19459573789809
1.6006,1.19472032982362
1.6007,1.19484496385836
1.6008,1.19496964001443
1.6009,1.19509435830399
1.601,1.19521911873918
1.6011,1.19534392133214
1.6012,1.19546876609504
1.6013,1.19559365304004
1.6014,1.19571858217929
1.6015,1.19584355352495
1.6016,1.19596856708921
1.6017,1.19609362288424
1.6018,1.19621872092221
1.6019,1.19634386121531
1.602,1.19646904377573
1.6021,1.19659426861565
1.6022,1.19671953574727
1.6023,1.19684484518279
1.6024,1.19697019693442
1.6025,1.19709559101435
1.6026,1.19722102743481
1.6027,1.19734650620801
1.6028,1.19747202734617
1.6029,1.19759759086151
1.603,1.19772319676626
1.6031,1.19784884507265
1.6032,1.19797453579292
1.6033,1.19810026893931
1.6034,1.19822604452406
1.6035,1.19835186255942
1.6036,1.19847772305765
1.6037,1.198603626031
1.6038,1.19872957149173
1.6039,1.1988555594521
1.604,1.1989815899244
1.6041,1.19910766292088
1.6042,1.19923377845383
1.6043,1.19935993653553
1.6044,1.19948613717826
1.6045,1.19961238039432
1.6046,1.199738666196
1.6047,1.19986499459559
1.6048,1.1999913656054
1.6049,1.20011777923773
1.605,1.2002442355049
1.6051,1.20037073441922
1.6052,1.20049727599301
1.6053,1.20062386023859
1.6054,1.20075048716829
1.6055,1.20087715679444
1.6056,1.20100386912937
1.6057,1.20113062418543
1.6058,1.20125742197496
1.6059,1.20138426251031
1.606,1.20151114580382
1.6061,1.20163807186786
1.6062,1.20176504071479
1.6063,1.20189205235697
1.6064,1.20201910680676
1.6065,1.20214620407655
1.6066,1.2022733441787
1.6067,1.20240052712561
1.6068,1.20252775292965
1.6069,1.20265502160321
1.607,1.2027823331587
1.6071,1.2029096876085
1.6072,1.20303708496502
1.6073,1.20316452524066
1.6074,1.20329200844784
1.6075,1.20341953459897
1.6076,1.20354710370646
1.6077,1.20367471578275
1.6078,1.20380237084026
1.6079,1.20393006889142
1.608,1.20405780994866
1.6081,1.20418559402443
1.6082,1.20431342113117
1.6083,1.20444129128133
1.6084,1.20456920448735
1.6085,1.20469716076171
1.6086,1.20482516011685
1.6087,1.20495320256524
1.6088,1.20508128811936
1.6089,1.20520941679167
1.609,1.20533758859465
1.6091,1.20546580354078
1.6092,1.20559406164256
1.6093,1.20572236291247
1.6094,1.205850707363
1.6095,1.20597909500666
1.6096,1.20610752585595
1.6097,1.20623599992337
1.6098,1.20636451722143
1.6099,1.20649307776266
1.61,1.20662168155956
1.6101,1.20675032862467
1.6102,1.20687901897051
1.6103,1.20700775260962
1.6104,1.20713652955454
1.6105,1.20726534981779
1.6106,1.20739421341193
1.6107,1.20752312034951
1.6108,1.20765207064309
1.6109,1.20778106430521
1.611,1.20791010134844
1.6111,1.20803918178536
1.6112,1.20816830562852
1.6113,1.2082974728905
1.6114,1.20842668358389
1.6115,1.20855593772126
1.6116,1.20868523531521
1.6117,1.20881457637832
1.6118,1.2089439609232
1.6119,1.20907338896244
1.612,1.20920286050864
1.6121,1.20933237557443
1.6122,1.2094619341724
1.6123,1.20959153631518
1.6124,1.20972118201538
1.6125,1.20985087128565
1.6126,1.20998060413859
1.6127,1.21011038058686
1.6128,1.21024020064309
1.6129,1.21037006431992
1.613,1.21049997162999
1.6131,1.21062992258597
1.6132,1.21075991720051
1.6133,1.21088995548626
1.6134,1.21102003745589
1.6135,1.21115016312208
1.6136,1.21128033249749
1.6137,1.2114105455948
1.6138,1.21154080242669
1.6139,1.21167110300585
1.614,1.21180144734497
1.6141,1.21193183545674
1.6142,1.21206226735387
1.6143,1.21219274304905
1.6144,1.212323262555
1.6145,1.21245382588442
1.6146,1.21258443305003
1.6147,1.21271508406455
1.6148,1.21284577894071
1.6149,1.21297651769124
1.615,1.21310730032886
1.6151,1.21323812686633
1.6152,1.21336899731637
1.6153,1.21349991169173
1.6154,1.21363087000517
1.6155,1.21376187226944
1.6156,1.2138929184973
1.6157,1.21402400870152
1.6158,1.21415514289485
1.6159,1.21428632109008
1.616,1.21441754329998
1.6161,1.21454880953734
1.6162,1.21468011981492
1.6163,1.21481147414554
1.6164,1.21494287254197
1.6165,1.21507431501702
1.6166,1.21520580158349
1.6167,1.2153373322542
1.6168,1.21546890704194
1.6169,1.21560052595953
1.617,1.2157321890198
1.6171,1.21586389623557
1.6172,1.21599564761967
1.6173,1.21612744318493
1.6174,1.21625928294419
1.6175,1.21639116691028
1.6176,1.21652309509607
1.6177,1.21665506751439
1.6178,1.2167870841781
1.6179,1.21691914510007
1.618,1.21705125029315
1.6181,1.21718339977021
1.6182,1.21731559354412
1.6183,1.21744783162777
1.6184,1.21758011403403
1.6185,1.21771244077579
1.6186,1.21784481186594
1.6187,1.21797722731737
1.6188,1.21810968714298
1.6189,1.21824219135568
1.619,1.21837473996836
1.6191,1.21850733299395
1.6192,1.21863997044536
1.6193,1.21877265233551
1.6194,1.21890537867732
1.6195,1.21903814948373
1.6196,1.21917096476766
1.6197,1.21930382454206
1.6198,1.21943672881987
1.6199,1.21956967761403
1.62,1.2197026709375
1.6201,1.21983570880324
1.6202,1.21996879122419
1.6203,1.22010191821333
1.6204,1.22023508978363
1.6205,1.22036830594805
1.6206,1.22050156671958
1.6207,1.2206348721112
1.6208,1.2207682221359
1.6209,1.22090161680666
1.621,1.22103505613648
1.6211,1.22116854013837
1.6212,1.22130206882532
1.6213,1.22143564221035
1.6214,1.22156926030646
1.6215,1.22170292312668
1.6216,1.22183663068403
1.6217,1.22197038299153
1.6218,1.22210418006221
1.6219,1.22223802190912
1.622,1.22237190854528
1.6221,1.22250583998375
1.6222,1.22263981623757
1.6223,1.2227738373198
1.6224,1.22290790324349
1.6225,1.2230420140217
1.6226,1.22317616966751
1.6227,1.22331037019398
1.6228,1.22344461561418
1.6229,1.2235789059412
1.623,1.22371324118812
1.6231,1.22384762136804
1.6232,1.22398204649403
1.6233,1.22411651657921
1.6234,1.22425103163667
1.6235,1.22438559167951
1.6236,1.22452019672086
1.6237,1.22465484677382
1.6238,1.22478954185152
1.6239,1.22492428196708
1.624,1.22505906713363
1.6241,1.2251938973643
1.6242,1.22532877267223
1.6243,1.22546369307056
1.6244,1.22559865857244
1.6245,1.22573366919102
1.6246,1.22586872493945
1.6247,1.22600382583091
1.6248,1.22613897187854
1.6249,1.22627416309552
1.625,1.22640939949503
1.6251,1.22654468109023
1.6252,1.22668000789433
1.6253,1.22681537992049
1.6254,1.22695079718192
1.6255,1.22708625969181
1.6256,1.22722176746335
1.6257,1.22735732050977
1.6258,1.22749291884426
1.6259,1.22762856248003
1.626,1.22776425143032
1.6261,1.22789998570834
1.6262,1.22803576532731
1.6263,1.22817159030048
1.6264,1.22830746064107
1.6265,1.22844337636234
1.6266,1.22857933747752
1.6267,1.22871534399986
1.6268,1.22885139594263
1.6269,1.22898749331908
1.627,1.22912363614247
1.6271,1.22925982442607
1.6272,1.22939605818316
1.6273,1.22953233742701
1.6274,1.2296686621709
1.6275,1.22980503242813
1.6276,1.22994144821198
1.6277,1.23007790953575
1.6278,1.23021441641274
1.6279,1.23035096885625
1.628,1.23048756687959
1.6281,1.23062421049608
1.6282,1.23076089971903
1.6283,1.23089763456177
1.6284,1.23103441503763
1.6285,1.23117124115993
1.6286,1.23130811294202
1.6287,1.23144503039723
1.6288,1.23158199353891
1.6289,1.23171900238042
1.629,1.2318560569351
1.6291,1.23199315721632
1.6292,1.23213030323743
1.6293,1.23226749501181
1.6294,1.23240473255284
1.6295,1.23254201587388
1.6296,1.23267934498833
1.6297,1.23281671990956
1.6298,1.23295414065098
1.6299,1.23309160722597
1.63,1.23322911964794
1.6301,1.23336667793028
1.6302,1.23350428208642
1.6303,1.23364193212977
1.6304,1.23377962807374
1.6305,1.23391736993176
1.6306,1.23405515771726
1.6307,1.23419299144366
1.6308,1.23433087112442
1.6309,1.23446879677296
1.631,1.23460676840274
1.6311,1.2347447860272
1.6312,1.23488284965981
1.6313,1.23502095931402
1.6314,1.2351591150033
1.6315,1.23529731674111
1.6316,1.23543556454094
1.6317,1.23557385841626
1.6318,1.23571219838055
1.6319,1.23585058444731
1.632,1.23598901663002
1.6321,1.23612749494218
1.6322,1.2362660193973
1.6323,1.23640459000888
1.6324,1.23654320679043
1.6325,1.23668186975547
1.6326,1.23682057891752
1.6327,1.2369593342901
1.6328,1.23709813588674
1.6329,1.23723698372098
1.633,1.23737587780636
1.6331,1.23751481815642
1.6332,1.23765380478471
1.6333,1.23779283770478
1.6334,1.23793191693019
1.6335,1.2380710424745
1.6336,1.23821021435129
1.6337,1.23834943257411
1.6338,1.23848869715655
1.6339,1.23862800811218
1.634,1.2387673654546
1.6341,1.2389067691974
1.6342,1.23904621935416
1.6343,1.23918571593848
1.6344,1.23932525896398
1.6345,1.23946484844427
1.6346,1.23960448439294
1.6347,1.23974416682363
1.6348,1.23988389574996
1.6349,1.24002367118555
1.635,1.24016349314403
1.6351,1.24030336163905
1.6352,1.24044327668424
1.6353,1.24058323829325
1.6354,1.24072324647973
1.6355,1.24086330125734
1.6356,1.24100340263974
1.6357,1.24114355064059
1.6358,1.24128374527356
1.6359,1.24142398655233
1.636,1.24156427449058
1.6361,1.24170460910198
1.6362,1.24184499040024
1.6363,1.24198541839903
1.6364,1.24212589311207
1.6365,1.24226641455304
1.6366,1.24240698273567
1.6367,1.24254759767366
1.6368,1.24268825938073
1.6369,1.2428289678706
1.637,1.24296972315699
1.6371,1.24311052525364
1.6372,1.24325137417429
1.6373,1.24339226993267
1.6374,1.24353321254252
1.6375,1.24367420201761
1.6376,1.24381523837168
1.6377,1.24395632161849
1.6378,1.2440974517718
1.6379,1.24423862884539
1.638,1.24437985285303
1.6381,1.2445211238085
1.6382,1.24466244172557
1.6383,1.24480380661805
1.6384,1.24494521849971
1.6385,1.24508667738436
1.6386,1.2452281832858
1.6387,1.24536973621784
1.6388,1.24551133619428
1.6389,1.24565298322895
1.639,1.24579467733566
1.6391,1.24593641852824
1.6392,1.24607820682052
1.6393,1.24622004222634
1.6394,1.24636192475953
1.6395,1.24650385443395
1.6396,1.24664583126344
1.6397,1.24678785526185
1.6398,1.24692992644304
1.6399,1.24707204482088
1.64,1.24721421040924
1.6401,1.24735642322199
1.6402,1.24749868327301
1.6403,1.24764099057618
1.6404,1.24778334514539
1.6405,1.24792574699452
1.6406,1.24806819613749
1.6407,1.24821069258819
1.6408,1.24835323636053
1.6409,1.24849582746842
1.641,1.24863846592577
1.6411,1.24878115174651
1.6412,1.24892388494456
1.6413,1.24906666553386
1.6414,1.24920949352833
1.6415,1.24935236894193
1.6416,1.24949529178859
1.6417,1.24963826208227
1.6418,1.24978127983693
1.6419,1.24992434506651
1.642,1.25006745778499
1.6421,1.25021061800633
1.6422,1.25035382574451
1.6423,1.25049708101351
1.6424,1.25064038382731
1.6425,1.2507837341999
1.6426,1.25092713214527
1.6427,1.25107057767743
1.6428,1.25121407081037
1.6429,1.25135761155811
1.643,1.25150119993465
1.6431,1.25164483595401
1.6432,1.25178851963022
1.6433,1.25193225097731
1.6434,1.2520760300093
1.6435,1.25221985674023
1.6436,1.25236373118415
1.6437,1.2525076533551
1.6438,1.25265162326713
1.6439,1.2527956409343
1.644,1.25293970637067
1.6441,1.2530838195903
1.6442,1.25322798060728
1.6443,1.25337218943566
1.6444,1.25351644608955
1.6445,1.25366075058301
1.6446,1.25380510293014
1.6447,1.25394950314504
1.6448,1.2540939512418
1.6449,1.25423844723453
1.645,1.25438299113734
1.6451,1.25452758296435
1.6452,1.25467222272967
1.6453,1.25481691044743
1.6454,1.25496164613176
1.6455,1.2551064297968
1.6456,1.25525126145667
1.6457,1.25539614112553
1.6458,1.25554106881753
1.6459,1.25568604454682
1.646,1.25583106832755
1.6461,1.25597614017389
1.6462,1.25612126010002
1.6463,1.25626642812009
1.6464,1.2564116442483
1.6465,1.25655690849883
1.6466,1.25670222088585
1.6467,1.25684758142358
1.6468,1.25699299012619
1.6469,1.25713844700791
1.647,1.25728395208292
1.6471,1.25742950536546
1.6472,1.25757510686973
1.6473,1.25772075660996
1.6474,1.25786645460037
1.6475,1.25801220085521
1.6476,1.25815799538869
1.6477,1.25830383821507
1.6478,1.2584497293486
1.6479,1.25859566880352
1.648,1.2587416565941
1.6481,1.25888769273459
1.6482,1.25903377723926
1.6483,1.25917991012239
1.6484,1.25932609139825
1.6485,1.25947232108112
1.6486,1.25961859918529
1.6487,1.25976492572505
1.6488,1.25991130071469
1.6489,1.26005772416853
1.649,1.26020419610086
1.6491,1.260350716526
1.6492,1.26049728545826
1.6493,1.26064390291197
1.6494,1.26079056890145
1.6495,1.26093728344103
1.6496,1.26108404654504
1.6497,1.26123085822784
1.6498,1.26137771850377
1.6499,1.26152462738717
1.65,1.2616715848924
1.6501,1.26181859103383
1.6502,1.26196564582582
1.6503,1.26211274928273
1.6504,1.26225990141896
1.6505,1.26240710224888
1.6506,1.26255435178686
1.6507,1.26270165004732
1.6508,1.26284899704463
1.6509,1.26299639279321
1.651,1.26314383730745
1.6511,1.26329133060178
1.6512,1.2634388726906
1.6513,1.26358646358833
1.6514,1.26373410330941
1.6515,1.26388179186826
1.6516,1.26402952927932
1.6517,1.26417731555703
1.6518,1.26432515071584
1.6519,1.26447303477019
1.652,1.26462096773455
1.6521,1.26476894962338
1.6522,1.26491698045113
1.6523,1.26506506023228
1.6524,1.26521318898132
1.6525,1.26536136671271
1.6526,1.26550959344094
1.6527,1.26565786918051
1.6528,1.26580619394591
1.6529,1.26595456775165
1.653,1.26610299061223
1.6531,1.26625146254215
1.6532,1.26639998355595
1.6533,1.26654855366813
1.6534,1.26669717289323
1.6535,1.26684584124578
1.6536,1.26699455874031
1.6537,1.26714332539136
1.6538,1.26729214121349
1.6539,1.26744100622124
1.654,1.26758992042917
1.6541,1.26773888385184
1.6542,1.26788789650383
1.6543,1.26803695839969
1.6544,1.26818606955401
1.6545,1.26833522998137
1.6546,1.26848443969635
1.6547,1.26863369871356
1.6548,1.26878300704758
1.6549,1.26893236471302
1.655,1.26908177172449
1.6551,1.2692312280966
1.6552,1.26938073384396
1.6553,1.2695302889812
1.6554,1.26967989352295
1.6555,1.26982954748384
1.6556,1.2699792508785
1.6557,1.27012900372159
1.6558,1.27027880602775
1.6559,1.27042865781163
1.656,1.27057855908788
1.6561,1.27072850987119
1.6562,1.2708785101762
1.6563,1.2710285600176
1.6564,1.27117865941007
1.6565,1.27132880836828
1.6566,1.27147900690693
1.6567,1.27162925504072
1.6568,1.27177955278433
1.6569,1.27192990015248
1.657,1.27208029715988
1.6571,1.27223074382123
1.6572,1.27238124015126
1.6573,1.2725317861647
1.6574,1.27268238187626
1.6575,1.2728330273007
1.6576,1.27298372245275
1.6577,1.27313446734715
1.6578,1.27328526199865
1.6579,1.27343610642202
1.658,1.273587000632
1.6581,1.27373794464337
1.6582,1.2738889384709
1.6583,1.27403998212936
1.6584,1.27419107563354
1.6585,1.27434221899822
1.6586,1.27449341223819
1.6587,1.27464465536825
1.6588,1.27479594840321
1.6589,1.27494729135786
1.659,1.27509868424702
1.6591,1.27525012708551
1.6592,1.27540161988815
1.6593,1.27555316266977
1.6594,1.27570475544521
1.6595,1.27585639822929
1.6596,1.27600809103686
1.6597,1.27615983388278
1.6598,1.27631162678189
1.6599,1.27646346974905
1.66,1.27661536279913
1.6601,1.276767305947
1.6602,1.27691929920752
1.6603,1.27707134259559
1.6604,1.27722343612608
1.6605,1.27737557981389
1.6606,1.27752777367391
1.6607,1.27768001772104
1.6608,1.27783231197018
1.6609,1.27798465643625
1.661,1.27813705113416
1.6611,1.27828949607884
1.6612,1.2784419912852
1.6613,1.27859453676819
1.6614,1.27874713254273
1.6615,1.27889977862378
1.6616,1.27905247502627
1.6617,1.27920522176516
1.6618,1.27935801885541
1.6619,1.27951086631198
1.662,1.27966376414983
1.6621,1.27981671238395
1.6622,1.2799697110293
1.6623,1.28012276010088
1.6624,1.28027585961368
1.6625,1.28042900958268
1.6626,1.28058221002288
1.6627,1.2807354609493
1.6628,1.28088876237693
1.6629,1.28104211432081
1.663,1.28119551679593
1.6631,1.28134896981734
1.6632,1.28150247340007
1.6633,1.28165602755914
1.6634,1.2818096323096
1.6635,1.2819632876665
1.6636,1.28211699364488
1.6637,1.28227075025982
1.6638,1.28242455752636
1.6639,1.28257841545958
1.664,1.28273232407454
1.6641,1.28288628338634
1.6642,1.28304029341004
1.6643,1.28319435416075
1.6644,1.28334846565355
1.6645,1.28350262790354
1.6646,1.28365684092583
1.6647,1.28381110473553
1.6648,1.28396541934775
1.6649,1.28411978477761
1.665,1.28427420104025
1.6651,1.28442866815078
1.6652,1.28458318612435
1.6653,1.2847377549761
1.6654,1.28489237472117
1.6655,1.28504704537472
1.6656,1.28520176695191
1.6657,1.28535653946789
1.6658,1.28551136293784
1.6659,1.28566623737693
1.666,1.28582116280034
1.6661,1.28597613922325
1.6662,1.28613116666085
1.6663,1.28628624512834
1.6664,1.28644137464091
1.6665,1.28659655521378
1.6666,1.28675178686215
1.6667,1.28690706960123
1.6668,1.28706240344626
1.6669,1.28721778841246
1.667,1.28737322451505
1.6671,1.28752871176928
1.6672,1.28768425019039
1.6673,1.28783983979362
1.6674,1.28799548059424
1.6675,1.28815117260749
1.6676,1.28830691584865
1.6677,1.28846271033298
1.6678,1.28861855607576
1.6679,1.28877445309226
1.668,1.28893040139778
1.6681,1.2890864010076
1.6682,1.28924245193702
1.6683,1.28939855420134
1.6684,1.28955470781587
1.6685,1.28971091279592
1.6686,1.28986716915681
1.6687,1.29002347691386
1.6688,1.2901798360824
1.6689,1.29033624667776
1.669,1.29049270871529
1.6691,1.29064922221032
1.6692,1.29080578717821
1.6693,1.29096240363431
1.6694,1.29111907159398
1.6695,1.29127579107259
1.6696,1.29143256208552
1.6697,1.29158938464813
1.6698,1.2917462587758
1.6699,1.29190318448394
1.67,1.29206016178793
1.6701,1.29221719070316
1.6702,1.29237427124505
1.6703,1.292531403429
1.6704,1.29268858727042
1.6705,1.29284582278474
1.6706,1.29300310998739
1.6707,1.29316044889378
1.6708,1.29331783951937
1.6709,1.29347528187958
1.671,1.29363277598988
1.6711,1.2937903218657
1.6712,1.29394791952251
1.6713,1.29410556897577
1.6714,1.29426327024096
1.6715,1.29442102333354
1.6716,1.29457882826899
1.6717,1.2947366850628
1.6718,1.29489459373047
1.6719,1.29505255428748
1.672,1.29521056674934
1.6721,1.29536863113155
1.6722,1.29552674744963
1.6723,1.2956849157191
1.6724,1.29584313595547
1.6725,1.29600140817428
1.6726,1.29615973239107
1.6727,1.29631810862136
1.6728,1.29647653688071
1.6729,1.29663501718467
1.673,1.29679354954879
1.6731,1.29695213398864
1.6732,1.29711077051977
1.6733,1.29726945915777
1.6734,1.29742819991821
1.6735,1.29758699281668
1.6736,1.29774583786876
1.6737,1.29790473509005
1.6738,1.29806368449614
1.6739,1.29822268610265
1.674,1.29838173992519
1.6741,1.29854084597937
1.6742,1.2987000042808
1.6743,1.29885921484513
1.6744,1.29901847768798
1.6745,1.299177792825
1.6746,1.29933716027181
1.6747,1.29949658004408
1.6748,1.29965605215746
1.6749,1.29981557662761
1.675,1.2999751534702
1.6751,1.30013478270089
1.6752,1.30029446433536
1.6753,1.3004541983893
1.6754,1.3006139848784
1.6755,1.30077382381834
1.6756,1.30093371522482
1.6757,1.30109365911356
1.6758,1.30125365550026
1.6759,1.30141370440063
1.676,1.3015738058304
1.6761,1.3017339598053
1.6762,1.30189416634105
1.6763,1.30205442545339
1.6764,1.30221473715807
1.6765,1.30237510147084
1.6766,1.30253551840744
1.6767,1.30269598798365
1.6768,1.30285651021522
1.6769,1.30301708511793
1.677,1.30317771270755
1.6771,1.30333839299987
1.6772,1.30349912601066
1.6773,1.30365991175574
1.6774,1.30382075025089
1.6775,1.30398164151192
1.6776,1.30414258555463
1.6777,1.30430358239486
1.6778,1.3044646320484
1.6779,1.30462573453111
1.678,1.30478688985879
1.6781,1.3049480980473
1.6782,1.30510935911247
1.6783,1.30527067307016
1.6784,1.30543203993621
1.6785,1.3055934597265
1.6786,1.30575493245688
1.6787,1.30591645814323
1.6788,1.30607803680142
1.6789,1.30623966844734
1.679,1.30640135309687
1.6791,1.30656309076591
1.6792,1.30672488147036
1.6793,1.30688672522612
1.6794,1.30704862204911
1.6795,1.30721057195523
1.6796,1.30737257496041
1.6797,1.30753463108059
1.6798,1.30769674033168
1.6799,1.30785890272964
1.68,1.3080211182904
1.6801,1.30818338702991
1.6802,1.30834570896414
1.6803,1.30850808410903
1.6804,1.30867051248057
1.6805,1.30883299409471
1.6806,1.30899552896745
1.6807,1.30915811711476
1.6808,1.30932075855263
1.6809,1.30948345329705
1.681,1.30964620136404
1.6811,1.30980900276959
1.6812,1.30997185752971
1.6813,1.31013476566043
1.6814,1.31029772717777
1.6815,1.31046074209775
1.6816,1.31062381043642
1.6817,1.3107869322098
1.6818,1.31095010743396
1.6819,1.31111333612493
1.682,1.31127661829878
1.6821,1.31143995397157
1.6822,1.31160334315936
1.6823,1.31176678587824
1.6824,1.31193028214428
1.6825,1.31209383197357
1.6826,1.3122574353822
1.6827,1.31242109238627
1.6828,1.31258480300187
1.6829,1.31274856724512
1.683,1.31291238513214
1.6831,1.31307625667903
1.6832,1.31324018190194
1.6833,1.31340416081698
1.6834,1.3135681934403
1.6835,1.31373227978804
1.6836,1.31389641987635
1.6837,1.31406061372138
1.6838,1.31422486133929
1.6839,1.31438916274624
1.684,1.31455351795842
1.6841,1.31471792699199
1.6842,1.31488238986314
1.6843,1.31504690658805
1.6844,1.31521147718293
1.6845,1.31537610166396
1.6846,1.31554078004736
1.6847,1.31570551234934
1.6848,1.31587029858612
1.6849,1.31603513877391
1.685,1.31620003292895
1.6851,1.31636498106746
1.6852,1.3165299832057
1.6853,1.31669503935991
1.6854,1.31686014954633
1.6855,1.31702531378123
1.6856,1.31719053208087
1.6857,1.31735580446152
1.6858,1.31752113093944
1.6859,1.31768651153093
1.686,1.31785194625227
1.6861,1.31801743511975
1.6862,1.31818297814966
1.6863,1.31834857535832
1.6864,1.31851422676203
1.6865,1.3186799323771
1.6866,1.31884569221987
1.6867,1.31901150630664
1.6868,1.31917737465377
1.6869,1.31934329727757
1.687,1.31950927419441
1.6871,1.31967530542062
1.6872,1.31984139097257
1.6873,1.32000753086661
1.6874,1.32017372511911
1.6875,1.32033997374645
1.6876,1.320506276765
1.6877,1.32067263419115
1.6878,1.32083904604129
1.6879,1.32100551233182
1.688,1.32117203307913
1.6881,1.32133860829964
1.6882,1.32150523800975
1.6883,1.3216719222259
1.6884,1.32183866096449
1.6885,1.32200545424198
1.6886,1.32217230207478
1.6887,1.32233920447934
1.6888,1.32250616147212
1.6889,1.32267317306957
1.689,1.32284023928815
1.6891,1.32300736014432
1.6892,1.32317453565455
1.6893,1.32334176583533
1.6894,1.32350905070313
1.6895,1.32367639027446
1.6896,1.32384378456579
1.6897,1.32401123359364
1.6898,1.32417873737451
1.6899,1.32434629592492
1.69,1.32451390926137
1.6901,1.3246815774004
1.6902,1.32484930035855
1.6903,1.32501707815233
1.6904,1.3251849107983
1.6905,1.32535279831301
1.6906,1.32552074071301
1.6907,1.32568873801486
1.6908,1.32585679023512
1.6909,1.32602489739036
1.691,1.32619305949717
1.6911,1.32636127657213
1.6912,1.32652954863183
1.6913,1.32669787569285
1.6914,1.32686625777182
1.6915,1.32703469488532
1.6916,1.32720318704997
1.6917,1.3273717342824
1.6918,1.32754033659922
1.6919,1.32770899401707
1.692,1.32787770655259
1.6921,1.32804647422241
1.6922,1.32821529704319
1.6923,1.32838417503158
1.6924,1.32855310820424
1.6925,1.32872209657783
1.6926,1.32889114016904
1.6927,1.32906023899452
1.6928,1.32922939307098
1.6929,1.3293986024151
1.693,1.32956786704358
1.6931,1.32973718697312
1.6932,1.32990656222042
1.6933,1.3300759928022
1.6934,1.33024547873518
1.6935,1.33041502003608
1.6936,1.33058461672164
1.6937,1.33075426880859
1.6938,1.33092397631368
1.6939,1.33109373925366
1.694,1.33126355764528
1.6941,1.3314334315053
1.6942,1.33160336085049
1.6943,1.33177334569763
1.6944,1.33194338606349
1.6945,1.33211348196486
1.6946,1.33228363341853
1.6947,1.3324538404413
1.6948,1.33262410304996
1.6949,1.33279442126134
1.695,1.33296479509224
1.6951,1.33313522455948
1.6952,1.3333057096799
1.6953,1.33347625047033
1.6954,1.33364684694759
1.6955,1.33381749912855
1.6956,1.33398820703005
1.6957,1.33415897066894
1.6958,1.3343297900621
1.6959,1.33450066522639
1.696,1.33467159617868
1.6961,1.33484258293586
1.6962,1.33501362551481
1.6963,1.33518472393243
1.6964,1.33535587820561
1.6965,1.33552708835126
1.6966,1.3356983543863
1.6967,1.33586967632763
1.6968,1.33604105419219
1.6969,1.3362124879969
1.697,1.3363839777587
1.6971,1.33655552349452
1.6972,1.33672712522133
1.6973,1.33689878295606
1.6974,1.33707049671568
1.6975,1.33724226651715
1.6976,1.33741409237746
1.6977,1.33758597431356
1.6978,1.33775791234246
1.6979,1.33792990648113
1.698,1.33810195674657
1.6981,1.33827406315579
1.6982,1.3384462257258
1.6983,1.3386184444736
1.6984,1.33879071941622
1.6985,1.33896305057068
1.6986,1.33913543795402
1.6987,1.33930788158327
1.6988,1.33948038147549
1.6989,1.33965293764771
1.699,1.339825550117
1.6991,1.33999821890042
1.6992,1.34017094401503
1.6993,1.34034372547792
1.6994,1.34051656330616
1.6995,1.34068945751684
1.6996,1.34086240812705
1.6997,1.3410354151539
1.6998,1.34120847861448
1.6999,1.34138159852592
1.7,1.34155477490532
1.7001,1.34172800776981
1.7002,1.34190129713653
1.7003,1.3420746430226
1.7004,1.34224804544517
1.7005,1.34242150442139
1.7006,1.3425950199684
1.7007,1.34276859210339
1.7008,1.34294222084349
1.7009,1.3431159062059
1.701,1.34328964820779
1.7011,1.34346344686635
1.7012,1.34363730219876
1.7013,1.34381121422222
1.7014,1.34398518295395
1.7015,1.34415920841113
1.7016,1.344333290611
1.7017,1.34450742957078
1.7018,1.34468162530768
1.7019,1.34485587783896
1.702,1.34503018718183
1.7021,1.34520455335357
1.7022,1.34537897637141
1.7023,1.34555345625261
1.7024,1.34572799301444
1.7025,1.34590258667418
1.7026,1.34607723724909
1.7027,1.34625194475646
1.7028,1.34642670921359
1.7029,1.34660153063777
1.703,1.34677640904629
1.7031,1.34695134445647
1.7032,1.34712633688563
1.7033,1.34730138635108
1.7034,1.34747649287015
1.7035,1.34765165646017
1.7036,1.34782687713849
1.7037,1.34800215492244
1.7038,1.34817748982939
1.7039,1.34835288187668
1.704,1.34852833108168
1.7041,1.34870383746177
1.7042,1.34887940103431
1.7043,1.3490550218167
1.7044,1.34923069982632
1.7045,1.34940643508056
1.7046,1.34958222759683
1.7047,1.34975807739254
1.7048,1.34993398448509
1.7049,1.35010994889192
1.705,1.35028597063044
1.7051,1.35046204971809
1.7052,1.3506381861723
1.7053,1.35081438001053
1.7054,1.35099063125023
1.7055,1.35116693990884
1.7056,1.35134330600384
1.7057,1.35151972955269
1.7058,1.35169621057288
1.7059,1.35187274908188
1.706,1.35204934509719
1.7061,1.35222599863629
1.7062,1.3524027097167
1.7063,1.35257947835591
1.7064,1.35275630457145
1.7065,1.35293318838083
1.7066,1.35311012980157
1.7067,1.35328712885122
1.7068,1.35346418554732
1.7069,1.35364129990739
1.707,1.35381847194901
1.7071,1.35399570168972
1.7072,1.3541729891471
1.7073,1.3543503343387
1.7074,1.35452773728212
1.7075,1.35470519799492
1.7076,1.35488271649471
1.7077,1.35506029279907
1.7078,1.35523792692562
1.7079,1.35541561889195
1.708,1.35559336871568
1.7081,1.35577117641444
1.7082,1.35594904200585
1.7083,1.35612696550754
1.7084,1.35630494693716
1.7085,1.35648298631235
1.7086,1.35666108365077
1.7087,1.35683923897007
1.7088,1.35701745228792
1.7089,1.35719572362199
1.709,1.35737405298996
1.7091,1.35755244040951
1.7092,1.35773088589833
1.7093,1.35790938947413
1.7094,1.35808795115461
1.7095,1.35826657095746
1.7096,1.35844524890043
1.7097,1.35862398500121
1.7098,1.35880277927755
1.7099,1.35898163174717
1.71,1.35916054242783
1.7101,1.35933951133726
1.7102,1.35951853849323
1.7103,1.35969762391349
1.7104,1.35987676761581
1.7105,1.36005596961796
1.7106,1.36023522993773
1.7107,1.3604145485929
1.7108,1.36059392560126
1.7109,1.36077336098062
1.711,1.36095285474877
1.7111,1.36113240692354
1.7112,1.36131201752273
1.7113,1.36149168656418
1.7114,1.36167141406571
1.7115,1.36185120004516
1.7116,1.36203104452038
1.7117,1.36221094750922
1.7118,1.36239090902953
1.7119,1.36257092909917
1.712,1.36275100773603
1.7121,1.36293114495797
1.7122,1.36311134078287
1.7123,1.36329159522862
1.7124,1.36347190831313
1.7125,1.36365228005429
1.7126,1.36383271047001
1.7127,1.3640131995782
1.7128,1.36419374739679
1.7129,1.3643743539437
1.713,1.36455501923686
1.7131,1.36473574329423
1.7132,1.36491652613374
1.7133,1.36509736777335
1.7134,1.36527826823102
1.7135,1.36545922752471
1.7136,1.3656402456724
1.7137,1.36582132269207
1.7138,1.3660024586017
1.7139,1.36618365341929
1.714,1.36636490716282
1.7141,1.36654621985032
1.7142,1.36672759149979
1.7143,1.36690902212925
1.7144,1.36709051175672
1.7145,1.36727206040023
1.7146,1.36745366807783
1.7147,1.36763533480755
1.7148,1.36781706060745
1.7149,1.36799884549559
1.715,1.36818068949002
1.7151,1.36836259260882
1.7152,1.36854455487007
1.7153,1.36872657629184
1.7154,1.36890865689223
1.7155,1.36909079668934
1.7156,1.36927299570126
1.7157,1.3694552539461
1.7158,1.36963757144199
1.7159,1.36981994820705
1.716,1.37000238425939
1.7161,1.37018487961716
1.7162,1.37036743429851
1.7163,1.37055004832157
1.7164,1.37073272170451
1.7165,1.37091545446548
1.7166,1.37109824662265
1.7167,1.3712810981942
1.7168,1.37146400919831
1.7169,1.37164697965317
1.717,1.37183000957697
1.7171,1.37201309898791
1.7172,1.3721962479042
1.7173,1.37237945634405
1.7174,1.37256272432569
1.7175,1.37274605186733
1.7176,1.37292943898723
1.7177,1.3731128857036
1.7178,1.37329639203471
1.7179,1.37347995799881
1.718,1.37366358361415
1.7181,1.37384726889901
1.7182,1.37403101387165
1.7183,1.37421481855035
1.7184,1.37439868295341
1.7185,1.37458260709911
1.7186,1.37476659100576
1.7187,1.37495063469165
1.7188,1.37513473817511
1.7189,1.37531890147446
1.719,1.37550312460801
1.7191,1.3756874075941
1.7192,1.37587175045108
1.7193,1.37605615319728
1.7194,1.37624061585106
1.7195,1.37642513843078
1.7196,1.37660972095481
1.7197,1.37679436344151
1.7198,1.37697906590927
1.7199,1.37716382837646
1.72,1.3773486508615
1.7201,1.37753353338276
1.7202,1.37771847595867
1.7203,1.37790347860763
1.7204,1.37808854134805
1.7205,1.37827366419838
1.7206,1.37845884717703
1.7207,1.37864409030244
1.7208,1.37882939359308
1.7209,1.37901475706737
1.721,1.37920018074379
1.7211,1.3793856646408
1.7212,1.37957120877687
1.7213,1.37975681317048
1.7214,1.37994247784012
1.7215,1.38012820280427
1.7216,1.38031398808145
1.7217,1.38049983369014
1.7218,1.38068573964887
1.7219,1.38087170597616
1.722,1.38105773269053
1.7221,1.38124381981051
1.7222,1.38142996735464
1.7223,1.38161617534147
1.7224,1.38180244378955
1.7225,1.38198877271744
1.7226,1.38217516214371
1.7227,1.38236161208693
1.7228,1.38254812256567
1.7229,1.38273469359853
1.723,1.38292132520409
1.7231,1.38310801740096
1.7232,1.38329477020775
1.7233,1.38348158364306
1.7234,1.38366845772551
1.7235,1.38385539247374
1.7236,1.38404238790638
1.7237,1.38422944404206
1.7238,1.38441656089943
1.7239,1.38460373849715
1.724,1.38479097685388
1.7241,1.38497827598828
1.7242,1.38516563591903
1.7243,1.38535305666481
1.7244,1.3855405382443
1.7245,1.3857280806762
1.7246,1.38591568397921
1.7247,1.38610334817205
1.7248,1.38629107327341
1.7249,1.38647885930203
1.725,1.38666670627663
1.7251,1.38685461421594
1.7252,1.38704258313872
1.7253,1.3872306130637
1.7254,1.38741870400964
1.7255,1.38760685599531
1.7256,1.38779506903947
1.7257,1.3879833431609
1.7258,1.38817167837838
1.7259,1.38836007471069
1.726,1.38854853217665
1.7261,1.38873705079504
1.7262,1.38892563058468
1.7263,1.38911427156438
1.7264,1.38930297375297
1.7265,1.38949173716928
1.7266,1.38968056183214
1.7267,1.38986944776041
1.7268,1.39005839497292
1.7269,1.39024740348854
1.727,1.39043647332612
1.7271,1.39062560450455
1.7272,1.3908147970427
1.7273,1.39100405095945
1.7274,1.3911933662737
1.7275,1.39138274300435
1.7276,1.39157218117029
1.7277,1.39176168079045
1.7278,1.39195124188373
1.7279,1.39214086446907
1.728,1.3923305485654
1.7281,1.39252029419167
1.7282,1.3927101013668
1.7283,1.39289997010977
1.7284,1.39308990043952
1.7285,1.39327989237504
1.7286,1.39346994593528
1.7287,1.39366006113923
1.7288,1.39385023800589
1.7289,1.39404047655423
1.729,1.39423077680328
1.7291,1.39442113877202
1.7292,1.39461156247949
1.7293,1.3948020479447
1.7294,1.39499259518668
1.7295,1.39518320422446
1.7296,1.3953738750771
1.7297,1.39556460776363
1.7298,1.39575540230313
1.7299,1.39594625871464
1.73,1.39613717701724
1.7301,1.39632815723002
1.7302,1.39651919937204
1.7303,1.39671030346241
1.7304,1.39690146952023
1.7305,1.39709269756459
1.7306,1.39728398761462
1.7307,1.39747533968943
1.7308,1.39766675380814
1.7309,1.39785822998989
1.731,1.39804976825383
1.7311,1.39824136861909
1.7312,1.39843303110483
1.7313,1.39862475573021
1.7314,1.39881654251441
1.7315,1.39900839147659
1.7316,1.39920030263594
1.7317,1.39939227601164
1.7318,1.39958431162289
1.7319,1.3997764094889
1.732,1.39996856962888
1.7321,1.40016079206203
1.7322,1.40035307680759
1.7323,1.40054542388479
1.7324,1.40073783331286
1.7325,1.40093030511104
1.7326,1.4011228392986
1.7327,1.40131543589479
1.7328,1.40150809491887
1.7329,1.40170081639012
1.733,1.40189360032782
1.7331,1.40208644675125
1.7332,1.40227935567971
1.7333,1.4024723271325
1.7334,1.40266536112893
1.7335,1.40285845768831
1.7336,1.40305161682996
1.7337,1.40324483857321
1.7338,1.40343812293741
1.7339,1.40363146994188
1.734,1.40382487960599
1.7341,1.40401835194909
1.7342,1.40421188699054
1.7343,1.40440548474972
1.7344,1.404599145246
1.7345,1.40479286849876
1.7346,1.40498665452741
1.7347,1.40518050335134
1.7348,1.40537441498996
1.7349,1.40556838946267
1.735,1.40576242678891
1.7351,1.40595652698809
1.7352,1.40615069007966
1.7353,1.40634491608306
1.7354,1.40653920501773
1.7355,1.40673355690313
1.7356,1.40692797175872
1.7357,1.40712244960398
1.7358,1.40731699045837
1.7359,1.4075115943414
1.736,1.40770626127254
1.7361,1.4079009912713
1.7362,1.40809578435718
1.7363,1.40829064054969
1.7364,1.40848555986836
1.7365,1.40868054233271
1.7366,1.40887558796228
1.7367,1.40907069677661
1.7368,1.40926586879524
1.7369,1.40946110403773
1.737,1.40965640252365
1.7371,1.40985176427256
1.7372,1.41004718930404
1.7373,1.41024267763768
1.7374,1.41043822929306
1.7375,1.41063384428979
1.7376,1.41082952264747
1.7377,1.41102526438571
1.7378,1.41122106952414
1.7379,1.41141693808237
1.738,1.41161287008006
1.7381,1.41180886553682
1.7382,1.41200492447232
1.7383,1.41220104690622
1.7384,1.41239723285816
1.7385,1.41259348234783
1.7386,1.4127897953949
1.7387,1.41298617201905
1.7388,1.41318261223998
1.7389,1.41337911607739
1.739,1.41357568355097
1.7391,1.41377231468045
1.7392,1.41396900948555
1.7393,1.41416576798599
1.7394,1.4143625902015
1.7395,1.41455947615184
1.7396,1.41475642585674
1.7397,1.41495343933597
1.7398,1.41515051660929
1.7399,1.41534765769646
1.74,1.41554486261728
1.7401,1.41574213139151
1.7402,1.41593946403896
1.7403,1.41613686057943
1.7404,1.41633432103271
1.7405,1.41653184541864
1.7406,1.41672943375702
1.7407,1.41692708606768
1.7408,1.41712480237047
1.7409,1.41732258268522
1.741,1.41752042703179
1.7411,1.41771833543003
1.7412,1.4179163078998
1.7413,1.41811434446099
1.7414,1.41831244513347
1.7415,1.41851060993713
1.7416,1.41870883889185
1.7417,1.41890713201755
1.7418,1.41910548933413
1.7419,1.4193039108615
1.742,1.4195023966196
1.7421,1.41970094662834
1.7422,1.41989956090767
1.7423,1.42009823947754
1.7424,1.42029698235789
1.7425,1.42049578956868
1.7426,1.42069466112989
1.7427,1.42089359706148
1.7428,1.42109259738344
1.7429,1.42129166211575
1.743,1.42149079127842
1.7431,1.42168998489144
1.7432,1.42188924297483
1.7433,1.4220885655486
1.7434,1.42228795263278
1.7435,1.4224874042474
1.7436,1.42268692041251
1.7437,1.42288650114814
1.7438,1.42308614647436
1.7439,1.42328585641123
1.744,1.42348563097881
1.7441,1.42368547019718
1.7442,1.42388537408643
1.7443,1.42408534266665
1.7444,1.42428537595794
1.7445,1.42448547398039
1.7446,1.42468563675414
1.7447,1.42488586429929
1.7448,1.42508615663598
1.7449,1.42528651378434
1.745,1.42548693576452
1.7451,1.42568742259666
1.7452,1.42588797430092
1.7453,1.42608859089747
1.7454,1.42628927240648
1.7455,1.42649001884813
1.7456,1.4266908302426
1.7457,1.4268917066101
1.7458,1.42709264797083
1.7459,1.42729365434499
1.746,1.4274947257528
1.7461,1.42769586221448
1.7462,1.42789706375027
1.7463,1.42809833038041
1.7464,1.42829966212514
1.7465,1.42850105900472
1.7466,1.42870252103941
1.7467,1.42890404824947
1.7468,1.42910564065519
1.7469,1.42930729827685
1.747,1.42950902113473
1.7471,1.42971080924914
1.7472,1.42991266264038
1.7473,1.43011458132877
1.7474,1.43031656533462
1.7475,1.43051861467827
1.7476,1.43072072938006
1.7477,1.43092290946031
1.7478,1.4311251549394
1.7479,1.43132746583767
1.748,1.43152984217548
1.7481,1.43173228397322
1.7482,1.43193479125126
1.7483,1.43213736403
1.7484,1.43234000232982
1.7485,1.43254270617113
1.7486,1.43274547557434
1.7487,1.43294831055987
1.7488,1.43315121114815
1.7489,1.4333541773596
1.749,1.43355720921467
1.7491,1.43376030673381
1.7492,1.43396346993747
1.7493,1.43416669884611
1.7494,1.43436999348021
1.7495,1.43457335386024
1.7496,1.43477678000669
1.7497,1.43498027194005
1.7498,1.43518382968083
1.7499,1.43538745324952
1.75,1.43559114266666
1.7501,1.43579489795275
1.7502,1.43599871912833
1.7503,1.43620260621394
1.7504,1.43640655923013
1.7505,1.43661057819745
1.7506,1.43681466313645
1.7507,1.43701881406771
1.7508,1.43722303101181
1.7509,1.43742731398932
1.751,1.43763166302085
1.7511,1.43783607812698
1.7512,1.43804055932832
1.7513,1.43824510664549
1.7514,1.43844972009911
1.7515,1.43865439970981
1.7516,1.43885914549823
1.7517,1.439063957485
1.7518,1.43926883569078
1.7519,1.43947378013624
1.752,1.43967879084203
1.7521,1.43988386782884
1.7522,1.44008901111733
1.7523,1.44029422072822
1.7524,1.44049949668218
1.7525,1.44070483899993
1.7526,1.44091024770218
1.7527,1.44111572280965
1.7528,1.44132126434307
1.7529,1.44152687232317
1.753,1.4417325467707
1.7531,1.4419382877064
1.7532,1.44214409515103
1.7533,1.44234996912537
1.7534,1.44255590965018
1.7535,1.44276191674625
1.7536,1.44296799043437
1.7537,1.44317413073532
1.7538,1.44338033766992
1.7539,1.44358661125898
1.754,1.44379295152332
1.7541,1.44399935848376
1.7542,1.44420583216114
1.7543,1.44441237257631
1.7544,1.4446189797501
1.7545,1.44482565370339
1.7546,1.44503239445703
1.7547,1.4452392020319
1.7548,1.44544607644889
1.7549,1.44565301772887
1.755,1.44586002589274
1.7551,1.44606710096142
1.7552,1.44627424295581
1.7553,1.44648145189682
1.7554,1.4466887278054
1.7555,1.44689607070246
1.7556,1.44710348060897
1.7557,1.44731095754585
1.7558,1.44751850153408
1.7559,1.44772611259462
1.756,1.44793379074845
1.7561,1.44814153601653
1.7562,1.44834934841987
1.7563,1.44855722797946
1.7564,1.4487651747163
1.7565,1.4489731886514
1.7566,1.44918126980579
1.7567,1.4493894182005
1.7568,1.44959763385655
1.7569,1.449805916795
1.757,1.45001426703688
1.7571,1.45022268460327
1.7572,1.45043116951523
1.7573,1.45063972179382
1.7574,1.45084834146014
1.7575,1.45105702853528
1.7576,1.45126578304032
1.7577,1.45147460499638
1.7578,1.45168349442457
1.7579,1.45189245134601
1.758,1.45210147578182
1.7581,1.45231056775316
1.7582,1.45251972728115
1.7583,1.45272895438695
1.7584,1.45293824909172
1.7585,1.45314761141663
1.7586,1.45335704138286
1.7587,1.45356653901158
1.7588,1.45377610432399
1.7589,1.45398573734128
1.759,1.45419543808467
1.7591,1.45440520657537
1.7592,1.45461504283459
1.7593,1.45482494688358
1.7594,1.45503491874357
1.7595,1.4552449584358
1.7596,1.45545506598153
1.7597,1.45566524140201
1.7598,1.45587548471853
1.7599,1.45608579595235
1.76,1.45629617512476
1.7601,1.45650662225706
1.7602,1.45671713737054
1.7603,1.45692772048652
1.7604,1.45713837162631
1.7605,1.45734909081123
1.7606,1.45755987806262
1.7607,1.45777073340181
1.7608,1.45798165685016
1.7609,1.45819264842902
1.761,1.45840370815976
1.7611,1.45861483606374
1.7612,1.45882603216235
1.7613,1.45903729647698
1.7614,1.45924862902901
1.7615,1.45946002983985
1.7616,1.45967149893092
1.7617,1.45988303632364
1.7618,1.46009464203942
1.7619,1.4603063160997
1.762,1.46051805852594
1.7621,1.46072986933957
1.7622,1.46094174856206
1.7623,1.46115369621488
1.7624,1.46136571231949
1.7625,1.46157779689739
1.7626,1.46178994997006
1.7627,1.46200217155899
1.7628,1.46221446168571
1.7629,1.46242682037171
1.763,1.46263924763853
1.7631,1.4628517435077
1.7632,1.46306430800074
1.7633,1.46327694113921
1.7634,1.46348964294467
1.7635,1.46370241343867
1.7636,1.46391525264278
1.7637,1.46412816057858
1.7638,1.46434113726767
1.7639,1.46455418273162
1.764,1.46476729699205
1.7641,1.46498048007057
1.7642,1.46519373198879
1.7643,1.46540705276833
1.7644,1.46562044243084
1.7645,1.46583390099795
1.7646,1.46604742849132
1.7647,1.4662610249326
1.7648,1.46647469034346
1.7649,1.46668842474557
1.765,1.46690222816062
1.7651,1.46711610061029
1.7652,1.46733004211628
1.7653,1.46754405270031
1.7654,1.46775813238408
1.7655,1.46797228118931
1.7656,1.46818649913774
1.7657,1.46840078625111
1.7658,1.46861514255116
1.7659,1.46882956805964
1.766,1.46904406279832
1.7661,1.46925862678897
1.7662,1.46947326005337
1.7663,1.4696879626133
1.7664,1.46990273449056
1.7665,1.47011757570695
1.7666,1.47033248628428
1.7667,1.47054746624438
1.7668,1.47076251560906
1.7669,1.47097763440017
1.767,1.47119282263955
1.7671,1.47140808034904
1.7672,1.47162340755052
1.7673,1.47183880426584
1.7674,1.47205427051688
1.7675,1.47226980632553
1.7676,1.47248541171367
1.7677,1.47270108670321
1.7678,1.47291683131606
1.7679,1.47313264557413
1.768,1.47334852949934
1.7681,1.47356448311363
1.7682,1.47378050643894
1.7683,1.47399659949722
1.7684,1.47421276231043
1.7685,1.47442899490052
1.7686,1.47464529728948
1.7687,1.47486166949929
1.7688,1.47507811155192
1.7689,1.47529462346939
1.769,1.4755112052737
1.7691,1.47572785698686
1.7692,1.4759445786309
1.7693,1.47616137022783
1.7694,1.47637823179971
1.7695,1.47659516336859
1.7696,1.4768121649565
1.7697,1.47702923658552
1.7698,1.47724637827772
1.7699,1.47746359005518
1.77,1.47768087193999
1.7701,1.47789822395423
1.7702,1.47811564612003
1.7703,1.47833313845948
1.7704,1.4785507009947
1.7705,1.47876833374784
1.7706,1.47898603674102
1.7707,1.47920380999638
1.7708,1.47942165353609
1.7709,1.47963956738231
1.771,1.47985755155719
1.7711,1.48007560608293
1.7712,1.48029373098171
1.7713,1.48051192627572
1.7714,1.48073019198716
1.7715,1.48094852813825
1.7716,1.4811669347512
1.7717,1.48138541184825
1.7718,1.48160395945163
1.7719,1.48182257758358
1.772,1.48204126626635
1.7721,1.48226002552221
1.7722,1.48247885537342
1.7723,1.48269775584226
1.7724,1.48291672695102
1.7725,1.48313576872199
1.7726,1.48335488117748
1.7727,1.48357406433978
1.7728,1.48379331823123
1.7729,1.48401264287414
1.773,1.48423203829085
1.7731,1.48445150450372
1.7732,1.48467104153507
1.7733,1.48489064940729
1.7734,1.48511032814273
1.7735,1.48533007776378
1.7736,1.48554989829281
1.7737,1.48576978975222
1.7738,1.48598975216441
1.7739,1.4862097855518
1.774,1.4864298899368
1.7741,1.48665006534184
1.7742,1.48687031178934
1.7743,1.48709062930177
1.7744,1.48731101790156
1.7745,1.48753147761117
1.7746,1.48775200845309
1.7747,1.48797261044977
1.7748,1.48819328362371
1.7749,1.48841402799741
1.775,1.48863484359335
1.7751,1.48885573043406
1.7752,1.48907668854205
1.7753,1.48929771793985
1.7754,1.48951881864999
1.7755,1.48973999069502
1.7756,1.48996123409749
1.7757,1.49018254887996
1.7758,1.490403935065
1.7759,1.49062539267519
1.776,1.4908469217331
1.7761,1.49106852226135
1.7762,1.49129019428252
1.7763,1.49151193781923
1.7764,1.4917337528941
1.7765,1.49195563952976
1.7766,1.49217759774884
1.7767,1.49239962757399
1.7768,1.49262172902786
1.7769,1.49284390213311
1.777,1.49306614691241
1.7771,1.49328846338845
1.7772,1.4935108515839
1.7773,1.49373331152147
1.7774,1.49395584322385
1.7775,1.49417844671376
1.7776,1.49440112201392
1.7777,1.49462386914706
1.7778,1.49484668813592
1.7779,1.49506957900324
1.778,1.49529254177178
1.7781,1.49551557646429
1.7782,1.49573868310356
1.7783,1.49596186171236
1.7784,1.49618511231349
1.7785,1.49640843492972
1.7786,1.49663182958388
1.7787,1.49685529629878
1.7788,1.49707883509724
1.7789,1.49730244600209
1.779,1.49752612903617
1.7791,1.49774988422233
1.7792,1.49797371158342
1.7793,1.49819761114231
1.7794,1.49842158292188
1.7795,1.498645626945
1.7796,1.49886974323457
1.7797,1.49909393181348
1.7798,1.49931819270465
1.7799,1.49954252593099
1.78,1.49976693151542
1.7801,1.49999140948088
1.7802,1.50021595985031
1.7803,1.50044058264666
1.7804,1.50066527789289
1.7805,1.50089004561197
1.7806,1.50111488582687
1.7807,1.50133979856058
1.7808,1.50156478383609
1.7809,1.50178984167641
1.781,1.50201497210454
1.7811,1.5022401751435
1.7812,1.50246545081633
1.7813,1.50269079914606
1.7814,1.50291622015572
1.7815,1.50314171386839
1.7816,1.50336728030711
1.7817,1.50359291949496
1.7818,1.50381863145502
1.7819,1.50404441621038
1.782,1.50427027378413
1.7821,1.50449620419938
1.7822,1.50472220747924
1.7823,1.50494828364683
1.7824,1.5051744327253
1.7825,1.50540065473777
1.7826,1.50562694970739
1.7827,1.50585331765733
1.7828,1.50607975861074
1.7829,1.50630627259081
1.783,1.50653285962071
1.7831,1.50675951972363
1.7832,1.50698625292279
1.7833,1.50721305924138
1.7834,1.50743993870263
1.7835,1.50766689132975
1.7836,1.50789391714599
1.7837,1.50812101617459
1.7838,1.50834818843881
1.7839,1.50857543396189
1.784,1.50880275276712
1.7841,1.50903014487777
1.7842,1.50925761031713
1.7843,1.5094851491085
1.7844,1.50971276127517
1.7845,1.50994044684047
1.7846,1.51016820582771
1.7847,1.51039603826023
1.7848,1.51062394416136
1.7849,1.51085192355446
1.785,1.51107997646288
1.7851,1.51130810290999
1.7852,1.51153630291915
1.7853,1.51176457651376
1.7854,1.51199292371721
1.7855,1.5122213445529
1.7856,1.51244983904423
1.7857,1.51267840721463
1.7858,1.51290704908751
1.7859,1.51313576468633
1.786,1.51336455403452
1.7861,1.51359341715553
1.7862,1.51382235407284
1.7863,1.5140513648099
1.7864,1.51428044939019
1.7865,1.51450960783722
1.7866,1.51473884017447
1.7867,1.51496814642545
1.7868,1.51519752661368
1.7869,1.51542698076267
1.787,1.51565650889596
1.7871,1.5158861110371
1.7872,1.51611578720963
1.7873,1.51634553743711
1.7874,1.51657536174312
1.7875,1.51680526015121
1.7876,1.51703523268499
1.7877,1.51726527936804
1.7878,1.51749540022397
1.7879,1.5177255952764
1.788,1.51795586454893
1.7881,1.51818620806521
1.7882,1.51841662584886
1.7883,1.51864711792354
1.7884,1.5188776843129
1.7885,1.51910832504062
1.7886,1.51933904013035
1.7887,1.51956982960579
1.7888,1.51980069349062
1.7889,1.52003163180856
1.789,1.52026264458329
1.7891,1.52049373183856
1.7892,1.52072489359807
1.7893,1.52095612988557
1.7894,1.52118744072481
1.7895,1.52141882613953
1.7896,1.52165028615351
1.7897,1.5218818207905
1.7898,1.5221134300743
1.7899,1.52234511402869
1.79,1.52257687267747
1.7901,1.52280870604445
1.7902,1.52304061415344
1.7903,1.52327259702828
1.7904,1.52350465469278
1.7905,1.5237367871708
1.7906,1.52396899448619
1.7907,1.52420127666281
1.7908,1.52443363372453
1.7909,1.52466606569523
1.791,1.5248985725988
1.7911,1.52513115445913
1.7912,1.52536381130012
1.7913,1.5255965431457
1.7914,1.52582935001979
1.7915,1.52606223194632
1.7916,1.52629518894924
1.7917,1.52652822105248
1.7918,1.52676132828002
1.7919,1.52699451065582
1.792,1.52722776820385
1.7921,1.52746110094812
1.7922,1.5276945089126
1.7923,1.52792799212132
1.7924,1.52816155059827
1.7925,1.52839518436748
1.7926,1.52862889345299
1.7927,1.52886267787883
1.7928,1.52909653766906
1.7929,1.52933047284774
1.793,1.52956448343892
1.7931,1.52979856946669
1.7932,1.53003273095514
1.7933,1.53026696792835
1.7934,1.53050128041044
1.7935,1.53073566842552
1.7936,1.53097013199771
1.7937,1.53120467115114
1.7938,1.53143928590995
1.7939,1.53167397629829
1.794,1.53190874234031
1.7941,1.5321435840602
1.7942,1.53237850148211
1.7943,1.53261349463025
1.7944,1.5328485635288
1.7945,1.53308370820196
1.7946,1.53331892867396
1.7947,1.533554224969
1.7948,1.53378959711133
1.7949,1.53402504512519
1.795,1.53426056903481
1.7951,1.53449616886447
1.7952,1.53473184463843
1.7953,1.53496759638096
1.7954,1.53520342411636
1.7955,1.53543932786891
1.7956,1.53567530766293
1.7957,1.53591136352272
1.7958,1.5361474954726
1.7959,1.53638370353692
1.796,1.53661998774
1.7961,1.5368563481062
1.7962,1.53709278465988
1.7963,1.53732929742541
1.7964,1.53756588642717
1.7965,1.53780255168953
1.7966,1.5380392932369
1.7967,1.53827611109368
1.7968,1.53851300528428
1.7969,1.53874997583314
1.797,1.53898702276467
1.7971,1.53922414610333
1.7972,1.53946134587356
1.7973,1.53969862209983
1.7974,1.5399359748066
1.7975,1.54017340401835
1.7976,1.54041090975957
1.7977,1.54064849205475
1.7978,1.54088615092841
1.7979,1.54112388640506
1.798,1.54136169850922
1.7981,1.54159958726542
1.7982,1.54183755269822
1.7983,1.54207559483215
1.7984,1.5423137136918
1.7985,1.54255190930171
1.7986,1.54279018168648
1.7987,1.54302853087069
1.7988,1.54326695687895
1.7989,1.54350545973586
1.799,1.54374403946603
1.7991,1.5439826960941
1.7992,1.5442214296447
1.7993,1.54446024014247
1.7994,1.54469912761208
1.7995,1.54493809207817
1.7996,1.54517713356544
1.7997,1.54541625209855
1.7998,1.5456554477022
1.7999,1.54589472040108
1.8,1.54613407021992
1.8001,1.54637349718343
1.8002,1.54661300131634
1.8003,1.54685258264338
1.8004,1.54709224118931
1.8005,1.54733197697888
1.8006,1.54757179003685
1.8007,1.547811680388
1.8008,1.54805164805713
1.8009,1.54829169306901
1.801,1.54853181544845
1.8011,1.54877201522027
1.8012,1.5490122924093
1.8013,1.54925264704035
1.8014,1.54949307913827
1.8015,1.54973358872791
1.8016,1.54997417583413
1.8017,1.55021484048181
1.8018,1.55045558269581
1.8019,1.55069640250103
1.802,1.55093729992236
1.8021,1.55117827498471
1.8022,1.55141932771299
1.8023,1.55166045813214
1.8024,1.55190166626708
1.8025,1.55214295214276
1.8026,1.55238431578414
1.8027,1.55262575721617
1.8028,1.55286727646383
1.8029,1.5531088735521
1.803,1.55335054850597
1.8031,1.55359230135044
1.8032,1.55383413211053
1.8033,1.55407604081125
1.8034,1.55431802747762
1.8035,1.5545600921347
1.8036,1.55480223480753
1.8037,1.55504445552116
1.8038,1.55528675430066
1.8039,1.55552913117111
1.804,1.55577158615759
1.8041,1.55601411928521
1.8042,1.55625673057905
1.8043,1.55649942006424
1.8044,1.55674218776591
1.8045,1.55698503370918
1.8046,1.5572279579192
1.8047,1.55747096042111
1.8048,1.55771404124009
1.8049,1.5579572004013
1.805,1.55820043792992
1.8051,1.55844375385115
1.8052,1.55868714819018
1.8053,1.55893062097222
1.8054,1.55917417222249
1.8055,1.55941780196623
1.8056,1.55966151022865
1.8057,1.55990529703503
1.8058,1.5601491624106
1.8059,1.56039310638065
1.806,1.56063712897043
1.8061,1.56088123020525
1.8062,1.56112541011039
1.8063,1.56136966871116
1.8064,1.56161400603288
1.8065,1.56185842210086
1.8066,1.56210291694045
1.8067,1.56234749057697
1.8068,1.5625921430358
1.8069,1.56283687434229
1.807,1.5630816845218
1.8071,1.56332657359973
1.8072,1.56357154160146
1.8073,1.56381658855239
1.8074,1.56406171447794
1.8075,1.56430691940353
1.8076,1.56455220335457
1.8077,1.56479756635652
1.8078,1.56504300843482
1.8079,1.56528852961493
1.808,1.56553412992231
1.8081,1.56577980938245
1.8082,1.56602556802083
1.8083,1.56627140586295
1.8084,1.56651732293432
1.8085,1.56676331926044
1.8086,1.56700939486686
1.8087,1.5672555497791
1.8088,1.5675017840227
1.8089,1.56774809762323
1.809,1.56799449060624
1.8091,1.56824096299732
1.8092,1.56848751482204
1.8093,1.568734146106
1.8094,1.5689808568748
1.8095,1.56922764715406
1.8096,1.56947451696939
1.8097,1.56972146634644
1.8098,1.56996849531084
1.8099,1.57021560388824
1.81,1.57046279210431
1.8101,1.57071005998471
1.8102,1.57095740755513
1.8103,1.57120483484126
1.8104,1.5714523418688
1.8105,1.57169992866346
1.8106,1.57194759525096
1.8107,1.57219534165702
1.8108,1.5724431679074
1.8109,1.57269107402783
1.811,1.57293906004407
1.8111,1.5731871259819
1.8112,1.57343527186709
1.8113,1.57368349772544
1.8114,1.57393180358273
1.8115,1.57418018946478
1.8116,1.5744286553974
1.8117,1.57467720140643
1.8118,1.57492582751769
1.8119,1.57517453375704
1.812,1.57542332015033
1.8121,1.57567218672344
1.8122,1.57592113350222
1.8123,1.57617016051258
1.8124,1.5764192677804
1.8125,1.5766684553316
1.8126,1.57691772319209
1.8127,1.57716707138779
1.8128,1.57741649994464
1.8129,1.57766600888858
1.813,1.57791559824558
1.8131,1.57816526804158
1.8132,1.57841501830258
1.8133,1.57866484905455
1.8134,1.57891476032349
1.8135,1.5791647521354
1.8136,1.5794148245163
1.8137,1.57966497749221
1.8138,1.57991521108916
1.8139,1.5801655253332
1.814,1.58041592025038
1.8141,1.58066639586677
1.8142,1.58091695220844
1.8143,1.58116758930147
1.8144,1.58141830717195
1.8145,1.58166910584599
1.8146,1.5819199853497
1.8147,1.58217094570921
1.8148,1.58242198695064
1.8149,1.58267310910014
1.815,1.58292431218387
1.8151,1.58317559622798
1.8152,1.58342696125865
1.8153,1.58367840730206
1.8154,1.5839299343844
1.8155,1.58418154253187
1.8156,1.5844332317707
1.8157,1.58468500212709
1.8158,1.58493685362728
1.8159,1.58518878629752
1.816,1.58544080016406
1.8161,1.58569289525315
1.8162,1.58594507159108
1.8163,1.58619732920411
1.8164,1.58644966811856
1.8165,1.58670208836071
1.8166,1.58695458995687
1.8167,1.58720717293339
1.8168,1.58745983731657
1.8169,1.58771258313277
1.817,1.58796541040834
1.8171,1.58821831916963
1.8172,1.58847130944303
1.8173,1.58872438125492
1.8174,1.58897753463168
1.8175,1.58923076959972
1.8176,1.58948408618545
1.8177,1.5897374844153
1.8178,1.58999096431569
1.8179,1.59024452591307
1.818,1.5904981692339
1.8181,1.59075189430462
1.8182,1.59100570115172
1.8183,1.59125958980169
1.8184,1.591513560281
1.8185,1.59176761261617
1.8186,1.5920217468337
1.8187,1.59227596296013
1.8188,1.59253026102198
1.8189,1.5927846410458
1.819,1.59303910305814
1.8191,1.59329364708556
1.8192,1.59354827315464
1.8193,1.59380298129196
1.8194,1.59405777152412
1.8195,1.59431264387772
1.8196,1.59456759837937
1.8197,1.59482263505569
1.8198,1.59507775393333
1.8199,1.59533295503892
1.82,1.59558823839912
1.8201,1.5958436040406
1.8202,1.59609905199003
1.8203,1.59635458227409
1.8204,1.59661019491948
1.8205,1.59686588995291
1.8206,1.5971216674011
1.8207,1.59737752729075
1.8208,1.59763346964862
1.8209,1.59788949450145
1.821,1.598145601876
1.8211,1.59840179179902
1.8212,1.59865806429731
1.8213,1.59891441939764
1.8214,1.59917085712681
1.8215,1.59942737751163
1.8216,1.59968398057891
1.8217,1.5999406663555
1.8218,1.60019743486821
1.8219,1.60045428614391
1.822,1.60071122020944
1.8221,1.60096823709168
1.8222,1.60122533681751
1.8223,1.60148251941381
1.8224,1.60173978490749
1.8225,1.60199713332545
1.8226,1.60225456469462
1.8227,1.60251207904192
1.8228,1.60276967639429
1.8229,1.60302735677869
1.823,1.60328512022208
1.8231,1.60354296675142
1.8232,1.60380089639371
1.8233,1.60405890917592
1.8234,1.60431700512507
1.8235,1.60457518426816
1.8236,1.60483344663222
1.8237,1.60509179224428
1.8238,1.60535022113138
1.8239,1.60560873332058
1.824,1.60586732883895
1.8241,1.60612600771355
1.8242,1.60638476997147
1.8243,1.6066436156398
1.8244,1.60690254474565
1.8245,1.60716155731615
1.8246,1.6074206533784
1.8247,1.60767983295955
1.8248,1.60793909608674
1.8249,1.60819844278714
1.825,1.60845787308791
1.8251,1.60871738701622
1.8252,1.60897698459927
1.8253,1.60923666586425
1.8254,1.60949643083838
1.8255,1.60975627954887
1.8256,1.61001621202294
1.8257,1.61027622828785
1.8258,1.61053632837084
1.8259,1.61079651229918
1.826,1.61105678010012
1.8261,1.61131713180096
1.8262,1.61157756742899
1.8263,1.61183808701151
1.8264,1.61209869057584
1.8265,1.61235937814929
1.8266,1.61262014975919
1.8267,1.61288100543291
1.8268,1.61314194519778
1.8269,1.61340296908118
1.827,1.61366407711047
1.8271,1.61392526931306
1.8272,1.61418654571632
1.8273,1.61444790634768
1.8274,1.61470935123454
1.8275,1.61497088040433
1.8276,1.6152324938845
1.8277,1.61549419170249
1.8278,1.61575597388576
1.8279,1.61601784046178
1.828,1.61627979145803
1.8281,1.61654182690201
1.8282,1.61680394682121
1.8283,1.61706615124314
1.8284,1.61732844019534
1.8285,1.61759081370532
1.8286,1.61785327180064
1.8287,1.61811581450885
1.8288,1.61837844185751
1.8289,1.6186411538742
1.829,1.6189039505865
1.8291,1.61916683202201
1.8292,1.61942979820834
1.8293,1.6196928491731
1.8294,1.61995598494392
1.8295,1.62021920554844
1.8296,1.62048251101431
1.8297,1.62074590136919
1.8298,1.62100937664075
1.8299,1.62127293685666
1.83,1.62153658204463
1.8301,1.62180031223235
1.8302,1.62206412744754
1.8303,1.62232802771791
1.8304,1.62259201307121
1.8305,1.62285608353517
1.8306,1.62312023913755
1.8307,1.62338447990612
1.8308,1.62364880586865
1.8309,1.62391321705293
1.831,1.62417771348676
1.8311,1.62444229519795
1.8312,1.6247069622143
1.8313,1.62497171456367
1.8314,1.62523655227387
1.8315,1.62550147537277
1.8316,1.62576648388823
1.8317,1.62603157784811
1.8318,1.6262967572803
1.8319,1.62656202221269
1.832,1.62682737267319
1.8321,1.62709280868972
1.8322,1.62735833029019
1.8323,1.62762393750254
1.8324,1.62788963035473
1.8325,1.6281554088747
1.8326,1.62842127309043
1.8327,1.6286872230299
1.8328,1.62895325872109
1.8329,1.629219380192
1.833,1.62948558747066
1.8331,1.62975188058507
1.8332,1.63001825956327
1.8333,1.63028472443331
1.8334,1.63055127522323
1.8335,1.63081791196111
1.8336,1.63108463467502
1.8337,1.63135144339304
1.8338,1.63161833814327
1.8339,1.63188531895383
1.834,1.63215238585282
1.8341,1.63241953886838
1.8342,1.63268677802866
1.8343,1.63295410336179
1.8344,1.63322151489594
1.8345,1.63348901265928
1.8346,1.63375659668001
1.8347,1.6340242669863
1.8348,1.63429202360637
1.8349,1.63455986656844
1.835,1.63482779590072
1.8351,1.63509581163146
1.8352,1.6353639137889
1.8353,1.63563210240131
1.8354,1.63590037749695
1.8355,1.63616873910411
1.8356,1.63643718725108
1.8357,1.63670572196615
1.8358,1.63697434327764
1.8359,1.63724305121388
1.836,1.63751184580321
1.8361,1.63778072707396
1.8362,1.6380496950545
1.8363,1.63831874977318
1.8364,1.6385878912584
1.8365,1.63885711953854
1.8366,1.63912643464201
1.8367,1.6393958365972
1.8368,1.63966532543255
1.8369,1.63993490117649
1.837,1.64020456385746
1.8371,1.64047431350391
1.8372,1.64074415014432
1.8373,1.64101407380716
1.8374,1.64128408452091
1.8375,1.64155418231409
1.8376,1.64182436721518
1.8377,1.64209463925273
1.8378,1.64236499845525
1.8379,1.6426354448513
1.838,1.64290597846941
1.8381,1.64317659933817
1.8382,1.64344730748614
1.8383,1.64371810294191
1.8384,1.64398898573408
1.8385,1.64425995589125
1.8386,1.64453101344205
1.8387,1.6448021584151
1.8388,1.64507339083905
1.8389,1.64534471074255
1.839,1.64561611815426
1.8391,1.64588761310286
1.8392,1.64615919561704
1.8393,1.64643086572548
1.8394,1.6467026234569
1.8395,1.64697446884001
1.8396,1.64724640190355
1.8397,1.64751842267625
1.8398,1.64779053118687
1.8399,1.64806272746416
1.84,1.64833501153691
1.8401,1.6486073834339
1.8402,1.64887984318392
1.8403,1.64915239081578
1.8404,1.6494250263583
1.8405,1.6496977498403
1.8406,1.64997056129064
1.8407,1.65024346073815
1.8408,1.6505164482117
1.8409,1.65078952374017
1.841,1.65106268735244
1.8411,1.6513359390774
1.8412,1.65160927894396
1.8413,1.65188270698104
1.8414,1.65215622321758
1.8415,1.6524298276825
1.8416,1.65270352040476
1.8417,1.65297730141332
1.8418,1.65325117073716
1.8419,1.65352512840526
1.842,1.65379917444662
1.8421,1.65407330889024
1.8422,1.65434753176515
1.8423,1.65462184310036
1.8424,1.65489624292493
1.8425,1.6551707312679
1.8426,1.65544530815834
1.8427,1.65571997362532
1.8428,1.65599472769792
1.8429,1.65626957040525
1.843,1.6565445017764
1.8431,1.65681952184051
1.8432,1.65709463062669
1.8433,1.65736982816409
1.8434,1.65764511448187
1.8435,1.65792048960918
1.8436,1.65819595357521
1.8437,1.65847150640913
1.8438,1.65874714814015
1.8439,1.65902287879747
1.844,1.65929869841032
1.8441,1.65957460700792
1.8442,1.65985060461952
1.8443,1.66012669127437
1.8444,1.66040286700173
1.8445,1.66067913183089
1.8446,1.66095548579113
1.8447,1.66123192891175
1.8448,1.66150846122206
1.8449,1.66178508275138
1.845,1.66206179352904
1.8451,1.66233859358439
1.8452,1.66261548294678
1.8453,1.66289246164558
1.8454,1.66316952971017
1.8455,1.66344668716994
1.8456,1.66372393405428
1.8457,1.66400127039261
1.8458,1.66427869621436
1.8459,1.66455621154895
1.846,1.66483381642584
1.8461,1.66511151087447
1.8462,1.66538929492433
1.8463,1.66566716860488
1.8464,1.66594513194563
1.8465,1.66622318497607
1.8466,1.66650132772571
1.8467,1.66677956022409
1.8468,1.66705788250074
1.8469,1.66733629458521
1.847,1.66761479650706
1.8471,1.66789338829586
1.8472,1.66817206998119
1.8473,1.66845084159265
1.8474,1.66872970315984
1.8475,1.66900865471238
1.8476,1.66928769627989
1.8477,1.66956682789202
1.8478,1.66984604957842
1.8479,1.67012536136875
1.848,1.67040476329268
1.8481,1.6706842553799
1.8482,1.67096383766011
1.8483,1.67124351016301
1.8484,1.67152327291833
1.8485,1.6718031259558
1.8486,1.67208306930515
1.8487,1.67236310299614
1.8488,1.67264322705855
1.8489,1.67292344152214
1.849,1.67320374641671
1.8491,1.67348414177205
1.8492,1.67376462761798
1.8493,1.67404520398431
1.8494,1.6743258709009
1.8495,1.67460662839757
1.8496,1.6748874765042
1.8497,1.67516841525064
1.8498,1.67544944466679
1.8499,1.67573056478252
1.85,1.67601177562775
1.8501,1.6762930772324
1.8502,1.67657446962638
1.8503,1.67685595283964
1.8504,1.67713752690212
1.8505,1.6774191918438
1.8506,1.67770094769464
1.8507,1.67798279448462
1.8508,1.67826473224375
1.8509,1.67854676100204
1.851,1.67882888078949
1.8511,1.67911109163615
1.8512,1.67939339357206
1.8513,1.67967578662727
1.8514,1.67995827083184
1.8515,1.68024084621586
1.8516,1.68052351280941
1.8517,1.6808062706426
1.8518,1.68108911974554
1.8519,1.68137206014835
1.852,1.68165509188117
1.8521,1.68193821497415
1.8522,1.68222142945744
1.8523,1.68250473536122
1.8524,1.68278813271567
1.8525,1.68307162155098
1.8526,1.68335520189736
1.8527,1.68363887378503
1.8528,1.68392263724422
1.8529,1.68420649230516
1.853,1.68449043899812
1.8531,1.68477447735335
1.8532,1.68505860740113
1.8533,1.68534282917175
1.8534,1.68562714269551
1.8535,1.68591154800271
1.8536,1.6861960451237
1.8537,1.68648063408879
1.8538,1.68676531492833
1.8539,1.68705008767269
1.854,1.68733495235223
1.8541,1.68761990899734
1.8542,1.6879049576384
1.8543,1.68819009830583
1.8544,1.68847533103004
1.8545,1.68876065584146
1.8546,1.68904607277053
1.8547,1.6893315818477
1.8548,1.68961718310343
1.8549,1.68990287656821
1.855,1.69018866227252
1.8551,1.69047454024687
1.8552,1.69076051052175
1.8553,1.69104657312769
1.8554,1.69133272809524
1.8555,1.69161897545494
1.8556,1.69190531523734
1.8557,1.69219174747301
1.8558,1.69247827219254
1.8559,1.69276488942653
1.856,1.69305159920557
1.8561,1.6933384015603
1.8562,1.69362529652132
1.8563,1.6939122841193
1.8564,1.69419936438488
1.8565,1.69448653734873
1.8566,1.69477380304152
1.8567,1.69506116149394
1.8568,1.6953486127367
1.8569,1.69563615680051
1.857,1.69592379371609
1.8571,1.69621152351418
1.8572,1.69649934622553
1.8573,1.6967872618809
1.8574,1.69707527051106
1.8575,1.69736337214679
1.8576,1.6976515668189
1.8577,1.69793985455819
1.8578,1.69822823539548
1.8579,1.6985167093616
1.858,1.6988052764874
1.8581,1.69909393680374
1.8582,1.69938269034147
1.8583,1.69967153713149
1.8584,1.69996047720469
1.8585,1.70024951059196
1.8586,1.70053863732422
1.8587,1.70082785743241
1.8588,1.70111717094747
1.8589,1.70140657790033
1.859,1.70169607832198
1.8591,1.70198567224338
1.8592,1.70227535969552
1.8593,1.70256514070941
1.8594,1.70285501531605
1.8595,1.70314498354648
1.8596,1.70343504543171
1.8597,1.70372520100282
1.8598,1.70401545029084
1.8599,1.70430579332687
1.86,1.70459623014197
1.8601,1.70488676076726
1.8602,1.70517738523382
1.8603,1.7054681035728
1.8604,1.70575891581532
1.8605,1.70604982199252
1.8606,1.70634082213556
1.8607,1.70663191627561
1.8608,1.70692310444386
1.8609,1.70721438667148
1.861,1.7075057629897
1.8611,1.70779723342973
1.8612,1.70808879802279
1.8613,1.70838045680014
1.8614,1.70867220979301
1.8615,1.70896405703269
1.8616,1.70925599855044
1.8617,1.70954803437755
1.8618,1.70984016454534
1.8619,1.71013238908511
1.862,1.7104247080282
1.8621,1.71071712140593
1.8622,1.71100962924966
1.8623,1.71130223159076
1.8624,1.7115949284606
1.8625,1.71188771989056
1.8626,1.71218060591205
1.8627,1.71247358655649
1.8628,1.71276666185528
1.8629,1.71305983183988
1.863,1.71335309654172
1.8631,1.71364645599228
1.8632,1.71393991022302
1.8633,1.71423345926542
1.8634,1.71452710315099
1.8635,1.71482084191124
1.8636,1.71511467557769
1.8637,1.71540860418187
1.8638,1.71570262775532
1.8639,1.71599674632962
1.864,1.71629095993633
1.8641,1.71658526860702
1.8642,1.71687967237331
1.8643,1.71717417126679
1.8644,1.71746876531909
1.8645,1.71776345456184
1.8646,1.71805823902668
1.8647,1.71835311874527
1.8648,1.71864809374929
1.8649,1.71894316407041
1.865,1.71923832974032
1.8651,1.71953359079074
1.8652,1.71982894725338
1.8653,1.72012439915998
1.8654,1.72041994654227
1.8655,1.72071558943202
1.8656,1.72101132786099
1.8657,1.72130716186096
1.8658,1.72160309146373
1.8659,1.7218991167011
1.866,1.72219523760488
1.8661,1.72249145420692
1.8662,1.72278776653905
1.8663,1.72308417463312
1.8664,1.72338067852101
1.8665,1.72367727823459
1.8666,1.72397397380576
1.8667,1.72427076526641
1.8668,1.72456765264848
1.8669,1.72486463598388
1.867,1.72516171530455
1.8671,1.72545889064247
1.8672,1.72575616202958
1.8673,1.72605352949786
1.8674,1.72635099307932
1.8675,1.72664855280596
1.8676,1.72694620870978
1.8677,1.72724396082283
1.8678,1.72754180917714
1.8679,1.72783975380476
1.868,1.72813779473777
1.8681,1.72843593200823
1.8682,1.72873416564825
1.8683,1.72903249568993
1.8684,1.72933092216538
1.8685,1.72962944510674
1.8686,1.72992806454613
1.8687,1.73022678051573
1.8688,1.73052559304769
1.8689,1.73082450217419
1.869,1.73112350792743
1.8691,1.73142261033961
1.8692,1.73172180944295
1.8693,1.73202110526967
1.8694,1.73232049785202
1.8695,1.73261998722225
1.8696,1.73291957341263
1.8697,1.73321925645544
1.8698,1.73351903638297
1.8699,1.73381891322752
1.87,1.73411888702142
1.8701,1.734418957797
1.8702,1.73471912558659
1.8703,1.73501939042255
1.8704,1.73531975233725
1.8705,1.73562021136307
1.8706,1.7359207675324
1.8707,1.73622142087766
1.8708,1.73652217143125
1.8709,1.73682301922561
1.871,1.73712396429318
1.8711,1.73742500666641
1.8712,1.73772614637779
1.8713,1.73802738345979
1.8714,1.73832871794489
1.8715,1.73863014986562
1.8716,1.7389316792545
1.8717,1.73923330614404
1.8718,1.7395350305668
1.8719,1.73983685255534
1.872,1.74013877214222
1.8721,1.74044078936004
1.8722,1.74074290424137
1.8723,1.74104511681885
1.8724,1.74134742712508
1.8725,1.7416498351927
1.8726,1.74195234105435
1.8727,1.7422549447427
1.8728,1.74255764629043
1.8729,1.7428604457302
1.873,1.74316334309473
1.8731,1.74346633841672
1.8732,1.7437694317289
1.8733,1.744072623064
1.8734,1.74437591245477
1.8735,1.74467929993398
1.8736,1.74498278553439
1.8737,1.7452863692888
1.8738,1.74559005123
1.8739,1.74589383139082
1.874,1.74619770980407
1.8741,1.74650168650259
1.8742,1.74680576151924
1.8743,1.74710993488687
1.8744,1.74741420663838
1.8745,1.74771857680664
1.8746,1.74802304542456
1.8747,1.74832761252505
1.8748,1.74863227814105
1.8749,1.7489370423055
1.875,1.74924190505135
1.8751,1.74954686641156
1.8752,1.74985192641912
1.8753,1.75015708510703
1.8754,1.75046234250828
1.8755,1.75076769865589
1.8756,1.7510731535829
1.8757,1.75137870732236
1.8758,1.75168435990731
1.8759,1.75199011137084
1.876,1.75229596174602
1.8761,1.75260191106595
1.8762,1.75290795936374
1.8763,1.75321410667251
1.8764,1.7535203530254
1.8765,1.75382669845556
1.8766,1.75413314299614
1.8767,1.75443968668032
1.8768,1.7547463295413
1.8769,1.75505307161226
1.877,1.75535991292642
1.8771,1.75566685351701
1.8772,1.75597389341726
1.8773,1.75628103266044
1.8774,1.7565882712798
1.8775,1.75689560930862
1.8776,1.75720304678019
1.8777,1.75751058372782
1.8778,1.75781822018483
1.8779,1.75812595618454
1.878,1.7584337917603
1.8781,1.75874172694546
1.8782,1.7590497617734
1.8783,1.7593578962775
1.8784,1.75966613049115
1.8785,1.75997446444776
1.8786,1.76028289818075
1.8787,1.76059143172356
1.8788,1.76090006510964
1.8789,1.76120879837244
1.879,1.76151763154545
1.8791,1.76182656466214
1.8792,1.76213559775602
1.8793,1.7624447308606
1.8794,1.76275396400941
1.8795,1.76306329723599
1.8796,1.76337273057389
1.8797,1.76368226405668
1.8798,1.76399189771794
1.8799,1.76430163159125
1.88,1.76461146571022
1.8801,1.76492140010848
1.8802,1.76523143481966
1.8803,1.76554156987739
1.8804,1.76585180531534
1.8805,1.76616214116718
1.8806,1.7664725774666
1.8807,1.76678311424728
1.8808,1.76709375154295
1.8809,1.76740448938732
1.881,1.76771532781414
1.8811,1.76802626685715
1.8812,1.76833730655013
1.8813,1.76864844692683
1.8814,1.76895968802107
1.8815,1.76927102986663
1.8816,1.76958247249734
1.8817,1.76989401594703
1.8818,1.77020566024954
1.8819,1.77051740543872
1.882,1.77082925154845
1.8821,1.77114119861261
1.8822,1.7714532466651
1.8823,1.77176539573983
1.8824,1.77207764587071
1.8825,1.77238999709169
1.8826,1.77270244943672
1.8827,1.77301500293975
1.8828,1.77332765763477
1.8829,1.77364041355576
1.883,1.77395327073673
1.8831,1.7742662292117
1.8832,1.77457928901469
1.8833,1.77489245017975
1.8834,1.77520571274092
1.8835,1.7755190767323
1.8836,1.77583254218795
1.8837,1.77614610914197
1.8838,1.77645977762847
1.8839,1.77677354768158
1.884,1.77708741933543
1.8841,1.77740139262418
1.8842,1.77771546758198
1.8843,1.77802964424302
1.8844,1.77834392264148
1.8845,1.77865830281157
1.8846,1.7789727847875
1.8847,1.77928736860351
1.8848,1.77960205429383
1.8849,1.77991684189274
1.885,1.78023173143449
1.8851,1.78054672295338
1.8852,1.78086181648369
1.8853,1.78117701205975
1.8854,1.78149230971588
1.8855,1.78180770948641
1.8856,1.7821232114057
1.8857,1.78243881550811
1.8858,1.78275452182802
1.8859,1.78307033039982
1.886,1.78338624125793
1.8861,1.78370225443675
1.8862,1.78401836997072
1.8863,1.7843345878943
1.8864,1.78465090824193
1.8865,1.78496733104809
1.8866,1.78528385634727
1.8867,1.78560048417397
1.8868,1.78591721456271
1.8869,1.786234047548
1.887,1.7865509831644
1.8871,1.78686802144645
1.8872,1.78718516242873
1.8873,1.78750240614582
1.8874,1.78781975263231
1.8875,1.78813720192281
1.8876,1.78845475405195
1.8877,1.78877240905437
1.8878,1.7890901669647
1.8879,1.78940802781762
1.888,1.7897259916478
1.8881,1.79004405848994
1.8882,1.79036222837873
1.8883,1.7906805013489
1.8884,1.79099887743519
1.8885,1.79131735667232
1.8886,1.79163593909507
1.8887,1.79195462473821
1.8888,1.79227341363652
1.8889,1.79259230582481
1.889,1.79291130133788
1.8891,1.79323040021057
1.8892,1.79354960247771
1.8893,1.79386890817417
1.8894,1.79418831733481
1.8895,1.79450782999451
1.8896,1.79482744618817
1.8897,1.7951471659507
1.8898,1.79546698931703
1.8899,1.79578691632208
1.89,1.79610694700082
1.8901,1.79642708138821
1.8902,1.79674731951922
1.8903,1.79706766142885
1.8904,1.79738810715211
1.8905,1.79770865672401
1.8906,1.7980293101796
1.8907,1.7983500675539
1.8908,1.798670928882
1.8909,1.79899189419896
1.891,1.79931296353987
1.8911,1.79963413693984
1.8912,1.79995541443398
1.8913,1.80027679605743
1.8914,1.80059828184532
1.8915,1.80091987183281
1.8916,1.80124156605509
1.8917,1.80156336454733
1.8918,1.80188526734473
1.8919,1.80220727448251
1.892,1.80252938599589
1.8921,1.80285160192012
1.8922,1.80317392229046
1.8923,1.80349634714216
1.8924,1.80381887651052
1.8925,1.80414151043083
1.8926,1.80446424893841
1.8927,1.80478709206857
1.8928,1.80511003985665
1.8929,1.80543309233802
1.893,1.80575624954802
1.8931,1.80607951152206
1.8932,1.80640287829551
1.8933,1.8067263499038
1.8934,1.80704992638234
1.8935,1.80737360776656
1.8936,1.80769739409192
1.8937,1.80802128539389
1.8938,1.80834528170794
1.8939,1.80866938306956
1.894,1.80899358951426
1.8941,1.80931790107755
1.8942,1.80964231779499
1.8943,1.80996683970211
1.8944,1.81029146683447
1.8945,1.81061619922765
1.8946,1.81094103691725
1.8947,1.81126597993887
1.8948,1.81159102832812
1.8949,1.81191618212063
1.895,1.81224144135206
1.8951,1.81256680605807
1.8952,1.81289227627433
1.8953,1.81321785203653
1.8954,1.81354353338037
1.8955,1.81386932034157
1.8956,1.81419521295585
1.8957,1.81452121125898
1.8958,1.81484731528669
1.8959,1.81517352507478
1.896,1.81549984065902
1.8961,1.81582626207522
1.8962,1.8161527893592
1.8963,1.81647942254677
1.8964,1.8168061616738
1.8965,1.81713300677613
1.8966,1.81745995788964
1.8967,1.81778701505021
1.8968,1.81811417829375
1.8969,1.81844144765617
1.897,1.8187688231734
1.8971,1.81909630488139
1.8972,1.81942389281608
1.8973,1.81975158701346
1.8974,1.82007938750951
1.8975,1.82040729434022
1.8976,1.82073530754162
1.8977,1.82106342714973
1.8978,1.82139165320059
1.8979,1.82171998573026
1.898,1.82204842477482
1.8981,1.82237697037034
1.8982,1.82270562255294
1.8983,1.82303438135871
1.8984,1.8233632468238
1.8985,1.82369221898433
1.8986,1.82402129787648
1.8987,1.82435048353641
1.8988,1.82467977600031
1.8989,1.82500917530437
1.899,1.82533868148481
1.8991,1.82566829457787
1.8992,1.82599801461977
1.8993,1.82632784164678
1.8994,1.82665777569518
1.8995,1.82698781680124
1.8996,1.82731796500126
1.8997,1.82764822033157
1.8998,1.82797858282849
1.8999,1.82830905252836
1.9,1.82863962946754
1.9001,1.8289703136824
1.9002,1.82930110520933
1.9003,1.82963200408472
1.9004,1.82996301034501
1.9005,1.8302941240266
1.9006,1.83062534516596
1.9007,1.83095667379953
1.9008,1.83128810996378
1.9009,1.83161965369522
1.901,1.83195130503033
1.9011,1.83228306400563
1.9012,1.83261493065766
1.9013,1.83294690502296
1.9014,1.83327898713809
1.9015,1.83361117703962
1.9016,1.83394347476414
1.9017,1.83427588034825
1.9018,1.83460839382858
1.9019,1.83494101524174
1.902,1.8352737446244
1.9021,1.83560658201321
1.9022,1.83593952744484
1.9023,1.83627258095598
1.9024,1.83660574258335
1.9025,1.83693901236365
1.9026,1.83727239033363
1.9027,1.83760587653003
1.9028,1.83793947098961
1.9029,1.83827317374915
1.903,1.83860698484544
1.9031,1.83894090431528
1.9032,1.83927493219551
1.9033,1.83960906852295
1.9034,1.83994331333445
1.9035,1.84027766666688
1.9036,1.84061212855712
1.9037,1.84094669904206
1.9038,1.84128137815861
1.9039,1.84161616594369
1.904,1.84195106243425
1.9041,1.84228606766722
1.9042,1.84262118167959
1.9043,1.84295640450832
1.9044,1.84329173619043
1.9045,1.84362717676291
1.9046,1.84396272626279
1.9047,1.84429838472712
1.9048,1.84463415219295
1.9049,1.84497002869735
1.905,1.8453060142774
1.9051,1.84564210897021
1.9052,1.84597831281288
1.9053,1.84631462584254
1.9054,1.84665104809634
1.9055,1.84698757961143
1.9056,1.847324220425
1.9057,1.84766097057421
1.9058,1.84799783009629
1.9059,1.84833479902844
1.906,1.84867187740789
1.9061,1.8490090652719
1.9062,1.84934636265772
1.9063,1.84968376960262
1.9064,1.85002128614391
1.9065,1.85035891231888
1.9066,1.85069664816486
1.9067,1.85103449371918
1.9068,1.85137244901918
1.9069,1.85171051410225
1.907,1.85204868900574
1.9071,1.85238697376707
1.9072,1.85272536842363
1.9073,1.85306387301286
1.9074,1.85340248757218
1.9075,1.85374121213906
1.9076,1.85408004675097
1.9077,1.85441899144538
1.9078,1.85475804625979
1.9079,1.85509721123173
1.908,1.85543648639871
1.9081,1.85577587179828
1.9082,1.856115367468
1.9083,1.85645497344543
1.9084,1.85679468976818
1.9085,1.85713451647384
1.9086,1.85747445360002
1.9087,1.85781450118436
1.9088,1.85815465926452
1.9089,1.85849492787814
1.909,1.85883530706291
1.9091,1.85917579685652
1.9092,1.85951639729668
1.9093,1.85985710842111
1.9094,1.86019793026754
1.9095,1.86053886287373
1.9096,1.86087990627745
1.9097,1.86122106051648
1.9098,1.86156232562862
1.9099,1.86190370165167
1.91,1.86224518862347
1.9101,1.86258678658185
1.9102,1.86292849556468
1.9103,1.86327031560983
1.9104,1.86361224675518
1.9105,1.86395428903864
1.9106,1.86429644249812
1.9107,1.86463870717156
1.9108,1.86498108309691
1.9109,1.86532357031212
1.911,1.86566616885519
1.9111,1.86600887876409
1.9112,1.86635170007683
1.9113,1.86669463283145
1.9114,1.86703767706597
1.9115,1.86738083281846
1.9116,1.86772410012698
1.9117,1.86806747902961
1.9118,1.86841096956445
1.9119,1.86875457176962
1.912,1.86909828568324
1.9121,1.86944211134347
1.9122,1.86978604878845
1.9123,1.87013009805637
1.9124,1.87047425918541
1.9125,1.87081853221378
1.9126,1.8711629171797
1.9127,1.8715074141214
1.9128,1.87185202307714
1.9129,1.87219674408518
1.913,1.8725415771838
1.9131,1.8728865224113
1.9132,1.87323157980599
1.9133,1.87357674940619
1.9134,1.87392203125025
1.9135,1.87426742537653
1.9136,1.87461293182339
1.9137,1.87495855062923
1.9138,1.87530428183245
1.9139,1.87565012547147
1.914,1.87599608158472
1.9141,1.87634215021064
1.9142,1.87668833138772
1.9143,1.87703462515441
1.9144,1.87738103154922
1.9145,1.87772755061066
1.9146,1.87807418237726
1.9147,1.87842092688755
1.9148,1.87876778418009
1.9149,1.87911475429345
1.915,1.87946183726622
1.9151,1.87980903313701
1.9152,1.88015634194442
1.9153,1.88050376372709
1.9154,1.88085129852368
1.9155,1.88119894637284
1.9156,1.88154670731325
1.9157,1.88189458138362
1.9158,1.88224256862264
1.9159,1.88259066906904
1.916,1.88293888276157
1.9161,1.88328720973898
1.9162,1.88363565004004
1.9163,1.88398420370354
1.9164,1.88433287076828
1.9165,1.88468165127309
1.9166,1.88503054525678
1.9167,1.88537955275822
1.9168,1.88572867381627
1.9169,1.8860779084698
1.917,1.88642725675772
1.9171,1.88677671871893
1.9172,1.88712629439236
1.9173,1.88747598381696
1.9174,1.88782578703167
1.9175,1.88817570407548
1.9176,1.88852573498737
1.9177,1.88887587980634
1.9178,1.88922613857142
1.9179,1.88957651132164
1.918,1.88992699809605
1.9181,1.89027759893372
1.9182,1.89062831387373
1.9183,1.89097914295518
1.9184,1.89133008621717
1.9185,1.89168114369885
1.9186,1.89203231543935
1.9187,1.89238360147783
1.9188,1.89273500185348
1.9189,1.89308651660547
1.919,1.89343814577302
1.9191,1.89378988939535
1.9192,1.8941417475117
1.9193,1.89449372016131
1.9194,1.89484580738347
1.9195,1.89519800921746
1.9196,1.89555032570257
1.9197,1.89590275687812
1.9198,1.89625530278346
1.9199,1.89660796345791
1.92,1.89696073894085
1.9201,1.89731362927166
1.9202,1.89766663448973
1.9203,1.89801975463447
1.9204,1.8983729897453
1.9205,1.89872633986168
1.9206,1.89907980502306
1.9207,1.8994333852689
1.9208,1.89978708063871
1.9209,1.90014089117199
1.921,1.90049481690825
1.9211,1.90084885788703
1.9212,1.9012030141479
1.9213,1.9015572857304
1.9214,1.90191167267414
1.9215,1.9022661750187
1.9216,1.90262079280371
1.9217,1.9029755260688
1.9218,1.90333037485361
1.9219,1.9036853391978
1.922,1.90404041914107
1.9221,1.90439561472309
1.9222,1.90475092598358
1.9223,1.90510635296227
1.9224,1.90546189569891
1.9225,1.90581755423324
1.9226,1.90617332860504
1.9227,1.90652921885411
1.9228,1.90688522502025
1.9229,1.90724134714328
1.923,1.90759758526304
1.9231,1.90795393941938
1.9232,1.90831040965217
1.9233,1.9086669960013
1.9234,1.90902369850668
1.9235,1.90938051720821
1.9236,1.90973745214583
1.9237,1.91009450335949
1.9238,1.91045167088916
1.9239,1.91080895477481
1.924,1.91116635505645
1.9241,1.91152387177408
1.9242,1.91188150496775
1.9243,1.91223925467748
1.9244,1.91259712094336
1.9245,1.91295510380544
1.9246,1.91331320330382
1.9247,1.91367141947863
1.9248,1.91402975236997
1.9249,1.91438820201799
1.925,1.91474676846285
1.9251,1.91510545174473
1.9252,1.91546425190381
1.9253,1.91582316898029
1.9254,1.91618220301441
1.9255,1.91654135404639
1.9256,1.9169006221165
1.9257,1.917260007265
1.9258,1.91761950953218
1.9259,1.91797912895834
1.926,1.91833886558381
1.9261,1.9186987194489
1.9262,1.91905869059398
1.9263,1.91941877905942
1.9264,1.91977898488559
1.9265,1.9201393081129
1.9266,1.92049974878175
1.9267,1.92086030693259
1.9268,1.92122098260586
1.9269,1.92158177584202
1.927,1.92194268668156
1.9271,1.92230371516497
1.9272,1.92266486133277
1.9273,1.92302612522547
1.9274,1.92338750688364
1.9275,1.92374900634782
1.9276,1.9241106236586
1.9277,1.92447235885657
1.9278,1.92483421198234
1.9279,1.92519618307654
1.928,1.9255582721798
1.9281,1.9259204793328
1.9282,1.92628280457619
1.9283,1.92664524795069
1.9284,1.92700780949698
1.9285,1.9273704892558
1.9286,1.92773328726789
1.9287,1.92809620357401
1.9288,1.92845923821492
1.9289,1.92882239123141
1.929,1.9291856626643
1.9291,1.92954905255441
1.9292,1.92991256094256
1.9293,1.93027618786962
1.9294,1.93063993337646
1.9295,1.93100379750397
1.9296,1.93136778029305
1.9297,1.93173188178462
1.9298,1.93209610201961
1.9299,1.93246044103899
1.93,1.93282489888371
1.9301,1.93318947559477
1.9302,1.93355417121317
1.9303,1.93391898577993
1.9304,1.93428391933608
1.9305,1.93464897192267
1.9306,1.93501414358078
1.9307,1.93537943435148
1.9308,1.93574484427589
1.9309,1.93611037339511
1.931,1.93647602175027
1.9311,1.93684178938254
1.9312,1.93720767633308
1.9313,1.93757368264307
1.9314,1.93793980835371
1.9315,1.93830605350622
1.9316,1.93867241814183
1.9317,1.93903890230179
1.9318,1.93940550602737
1.9319,1.93977222935985
1.932,1.94013907234054
1.9321,1.94050603501073
1.9322,1.94087311741178
1.9323,1.94124031958503
1.9324,1.94160764157184
1.9325,1.94197508341359
1.9326,1.94234264515169
1.9327,1.94271032682756
1.9328,1.94307812848261
1.9329,1.94344605015831
1.933,1.94381409189611
1.9331,1.94418225373751
1.9332,1.94455053572399
1.9333,1.94491893789708
1.9334,1.9452874602983
1.9335,1.94565610296921
1.9336,1.94602486595137
1.9337,1.94639374928636
1.9338,1.94676275301578
1.9339,1.94713187718125
1.934,1.9475011218244
1.9341,1.94787048698688
1.9342,1.94823997271035
1.9343,1.9486095790365
1.9344,1.94897930600703
1.9345,1.94934915366364
1.9346,1.94971912204808
1.9347,1.9500892112021
1.9348,1.95045942116745
1.9349,1.95082975198593
1.935,1.95120020369933
1.9351,1.95157077634947
1.9352,1.95194146997818
1.9353,1.95231228462732
1.9354,1.95268322033875
1.9355,1.95305427715435
1.9356,1.95342545511602
1.9357,1.95379675426569
1.9358,1.95416817464528
1.9359,1.95453971629676
1.936,1.95491137926208
1.9361,1.95528316358322
1.9362,1.95565506930221
1.9363,1.95602709646104
1.9364,1.95639924510176
1.9365,1.95677151526642
1.9366,1.9571439069971
1.9367,1.95751642033586
1.9368,1.95788905532483
1.9369,1.95826181200612
1.937,1.95863469042186
1.9371,1.95900769061421
1.9372,1.95938081262535
1.9373,1.95975405649745
1.9374,1.96012742227273
1.9375,1.96050090999341
1.9376,1.96087451970172
1.9377,1.96124825143992
1.9378,1.96162210525029
1.9379,1.96199608117511
1.938,1.96237017925669
1.9381,1.96274439953736
1.9382,1.96311874205945
1.9383,1.96349320686533
1.9384,1.96386779399736
1.9385,1.96424250349795
1.9386,1.96461733540949
1.9387,1.96499228977443
1.9388,1.96536736663519
1.9389,1.96574256603425
1.939,1.96611788801407
1.9391,1.96649333261716
1.9392,1.96686889988602
1.9393,1.96724458986318
1.9394,1.96762040259119
1.9395,1.96799633811262
1.9396,1.96837239647003
1.9397,1.96874857770604
1.9398,1.96912488186325
1.9399,1.9695013089843
1.94,1.96987785911183
1.9401,1.97025453228852
1.9402,1.97063132855703
1.9403,1.97100824796008
1.9404,1.97138529054039
1.9405,1.97176245634068
1.9406,1.9721397454037
1.9407,1.97251715777224
1.9408,1.97289469348907
1.9409,1.97327235259699
1.941,1.97365013513884
1.9411,1.97402804115744
1.9412,1.97440607069565
1.9413,1.97478422379635
1.9414,1.97516250050242
1.9415,1.97554090085678
1.9416,1.97591942490234
1.9417,1.97629807268205
1.9418,1.97667684423886
1.9419,1.97705573961576
1.942,1.97743475885574
1.9421,1.97781390200181
1.9422,1.97819316909699
1.9423,1.97857256018434
1.9424,1.97895207530692
1.9425,1.9793317145078
1.9426,1.97971147783008
1.9427,1.98009136531689
1.9428,1.98047137701134
1.9429,1.9808515129566
1.943,1.98123177319583
1.9431,1.98161215777222
1.9432,1.98199266672896
1.9433,1.98237330010928
1.9434,1.98275405795641
1.9435,1.9831349403136
1.9436,1.98351594722414
1.9437,1.98389707873131
1.9438,1.98427833487841
1.9439,1.98465971570877
1.944,1.98504122126574
1.9441,1.98542285159267
1.9442,1.98580460673293
1.9443,1.98618648672993
1.9444,1.98656849162707
1.9445,1.98695062146779
1.9446,1.98733287629553
1.9447,1.98771525615375
1.9448,1.98809776108593
1.9449,1.98848039113559
1.945,1.98886314634623
1.9451,1.98924602676138
1.9452,1.98962903242461
1.9453,1.99001216337947
1.9454,1.99039541966957
1.9455,1.99077880133849
1.9456,1.99116230842987
1.9457,1.99154594098734
1.9458,1.99192969905457
1.9459,1.99231358267522
1.946,1.99269759189299
1.9461,1.9930817267516
1.9462,1.99346598729476
1.9463,1.99385037356623
1.9464,1.99423488560977
1.9465,1.99461952346916
1.9466,1.9950042871882
1.9467,1.9953891768107
1.9468,1.99577419238051
1.9469,1.99615933394146
1.947,1.99654460153744
1.9471,1.99692999521233
1.9472,1.99731551501003
1.9473,1.99770116097447
1.9474,1.99808693314959
1.9475,1.99847283157934
1.9476,1.99885885630771
1.9477,1.99924500737869
1.9478,1.99963128483628
1.9479,2.00001768872452
1.948,2.00040421908746
1.9481,2.00079087596916
1.9482,2.0011776594137
1.9483,2.00156456946519
1.9484,2.00195160616774
1.9485,2.00233876956548
1.9486,2.00272605970259
1.9487,2.00311347662322
1.9488,2.00350102037156
1.9489,2.00388869099183
1.949,2.00427648852825
1.9491,2.00466441302506
1.9492,2.00505246452653
1.9493,2.00544064307693
1.9494,2.00582894872056
1.9495,2.00621738150173
1.9496,2.00660594146478
1.9497,2.00699462865407
1.9498,2.00738344311395
1.9499,2.00777238488883
1.95,2.00816145402309
1.9501,2.00855065056116
1.9502,2.0089399745475
1.9503,2.00932942602654
1.9504,2.00971900504277
1.9505,2.01010871164069
1.9506,2.01049854586481
1.9507,2.01088850775965
1.9508,2.01127859736977
1.9509,2.01166881473974
1.951,2.01205915991413
1.9511,2.01244963293756
1.9512,2.01284023385464
1.9513,2.01323096271
1.9514,2.01362181954832
1.9515,2.01401280441426
1.9516,2.01440391735252
1.9517,2.0147951584078
1.9518,2.01518652762484
1.9519,2.01557802504839
1.952,2.01596965072321
1.9521,2.01636140469408
1.9522,2.01675328700581
1.9523,2.01714529770321
1.9524,2.01753743683113
1.9525,2.01792970443442
1.9526,2.01832210055795
1.9527,2.01871462524663
1.9528,2.01910727854535
1.9529,2.01950006049905
1.953,2.01989297115267
1.9531,2.02028601055119
1.9532,2.02067917873957
1.9533,2.02107247576284
1.9534,2.02146590166599
1.9535,2.02185945649408
1.9536,2.02225314029217
1.9537,2.02264695310531
1.9538,2.02304089497862
1.9539,2.02343496595719
1.954,2.02382916608617
1.9541,2.02422349541069
1.9542,2.02461795397592
1.9543,2.02501254182706
1.9544,2.02540725900929
1.9545,2.02580210556785
1.9546,2.02619708154796
1.9547,2.0265921869949
1.9548,2.02698742195394
1.9549,2.02738278647036
1.955,2.02777828058948
1.9551,2.02817390435664
1.9552,2.02856965781719
1.9553,2.02896554101648
1.9554,2.02936155399991
1.9555,2.02975769681289
1.9556,2.03015396950083
1.9557,2.03055037210918
1.9558,2.0309469046834
1.9559,2.03134356726896
1.956,2.03174035991136
1.9561,2.03213728265613
1.9562,2.03253433554879
1.9563,2.03293151863489
1.9564,2.03332883196
1.9565,2.03372627556972
1.9566,2.03412384950966
1.9567,2.03452155382543
1.9568,2.03491938856268
1.9569,2.03531735376708
1.957,2.03571544948431
1.9571,2.03611367576007
1.9572,2.03651203264007
1.9573,2.03691052017006
1.9574,2.03730913839579
1.9575,2.03770788736304
1.9576,2.0381067671176
1.9577,2.03850577770528
1.9578,2.0389049191719
1.9579,2.03930419156333
1.958,2.03970359492543
1.9581,2.04010312930408
1.9582,2.04050279474518
1.9583,2.04090259129467
1.9584,2.04130251899849
1.9585,2.04170257790258
1.9586,2.04210276805294
1.9587,2.04250308949557
1.9588,2.04290354227647
1.9589,2.04330412644169
1.959,2.04370484203727
1.9591,2.0441056891093
1.9592,2.04450666770386
1.9593,2.04490777786706
1.9594,2.04530901964503
1.9595,2.04571039308392
1.9596,2.0461118982299
1.9597,2.04651353512914
1.9598,2.04691530382786
1.9599,2.04731720437228
1.96,2.04771923680864
1.9601,2.04812140118319
1.9602,2.04852369754223
1.9603,2.04892612593204
1.9604,2.04932868639894
1.9605,2.04973137898928
1.9606,2.05013420374939
1.9607,2.05053716072566
1.9608,2.05094024996448
1.9609,2.05134347151225
1.961,2.05174682541542
1.9611,2.05215031172042
1.9612,2.05255393047372
1.9613,2.05295768172182
1.9614,2.05336156551121
1.9615,2.05376558188843
1.9616,2.0541697309
1.9617,2.0545740125925
1.9618,2.05497842701251
1.9619,2.05538297420662
1.962,2.05578765422146
1.9621,2.05619246710366
1.9622,2.05659741289988
1.9623,2.0570024916568
1.9624,2.05740770342111
1.9625,2.05781304823952
1.9626,2.05821852615877
1.9627,2.0586241372256
1.9628,2.0590298814868
1.9629,2.05943575898914
1.963,2.05984176977944
1.9631,2.06024791390453
1.9632,2.06065419141125
1.9633,2.06106060234647
1.9634,2.06146714675708
1.9635,2.06187382468997
1.9636,2.06228063619207
1.9637,2.06268758131033
1.9638,2.0630946600917
1.9639,2.06350187258316
1.964,2.06390921883172
1.9641,2.06431669888439
1.9642,2.06472431278821
1.9643,2.06513206059024
1.9644,2.06553994233756
1.9645,2.06594795807725
1.9646,2.06635610785644
1.9647,2.06676439172226
1.9648,2.06717280972185
1.9649,2.0675813619024
1.965,2.06799004831109
1.9651,2.06839886899514
1.9652,2.06880782400177
1.9653,2.06921691337824
1.9654,2.0696261371718
1.9655,2.07003549542976
1.9656,2.07044498819941
1.9657,2.07085461552808
1.9658,2.07126437746311
1.9659,2.07167427405188
1.966,2.07208430534177
1.9661,2.07249447138017
1.9662,2.07290477221451
1.9663,2.07331520789223
1.9664,2.0737257784608
1.9665,2.07413648396769
1.9666,2.0745473244604
1.9667,2.07495829998645
1.9668,2.07536941059339
1.9669,2.07578065632876
1.967,2.07619203724016
1.9671,2.07660355337516
1.9672,2.07701520478139
1.9673,2.07742699150649
1.9674,2.0778389135981
1.9675,2.07825097110391
1.9676,2.07866316407161
1.9677,2.0790754925489
1.9678,2.07948795658353
1.9679,2.07990055622324
1.968,2.08031329151581
1.9681,2.08072616250903
1.9682,2.0811391692507
1.9683,2.08155231178866
1.9684,2.08196559017076
1.9685,2.08237900444487
1.9686,2.08279255465887
1.9687,2.08320624086067
1.9688,2.0836200630982
1.9689,2.08403402141941
1.969,2.08444811587227
1.9691,2.08486234650475
1.9692,2.08527671336487
1.9693,2.08569121650066
1.9694,2.08610585596014
1.9695,2.0865206317914
1.9696,2.08693554404252
1.9697,2.08735059276159
1.9698,2.08776577799674
1.9699,2.08818109979612
1.97,2.08859655820789
1.9701,2.08901215328023
1.9702,2.08942788506134
1.9703,2.08984375359944
1.9704,2.09025975894279
1.9705,2.09067590113962
1.9706,2.09109218023824
1.9707,2.09150859628693
1.9708,2.09192514933402
1.9709,2.09234183942785
1.971,2.09275866661678
1.9711,2.09317563094918
1.9712,2.09359273247346
1.9713,2.09400997123803
1.9714,2.09442734729134
1.9715,2.09484486068185
1.9716,2.09526251145802
1.9717,2.09568029966836
1.9718,2.09609822536139
1.9719,2.09651628858563
1.972,2.09693448938967
1.9721,2.09735282782205
1.9722,2.0977713039314
1.9723,2.09818991776632
1.9724,2.09860866937544
1.9725,2.09902755880744
1.9726,2.09944658611098
1.9727,2.09986575133475
1.9728,2.10028505452749
1.9729,2.10070449573791
1.973,2.10112407501478
1.9731,2.10154379240688
1.9732,2.101963647963
1.9733,2.10238364173195
1.9734,2.10280377376258
1.9735,2.10322404410374
1.9736,2.1036444528043
1.9737,2.10406499991316
1.9738,2.10448568547924
1.9739,2.10490650955147
1.974,2.10532747217881
1.9741,2.10574857341023
1.9742,2.10616981329473
1.9743,2.10659119188133
1.9744,2.10701270921905
1.9745,2.10743436535697
1.9746,2.10785616034415
1.9747,2.10827809422968
1.9748,2.1087001670627
1.9749,2.10912237889232
1.975,2.10954472976772
1.9751,2.10996721973805
1.9752,2.11038984885253
1.9753,2.11081261716037
1.9754,2.1112355247108
1.9755,2.11165857155308
1.9756,2.11208175773649
1.9757,2.11250508331033
1.9758,2.11292854832391
1.9759,2.11335215282657
1.976,2.11377589686767
1.9761,2.11419978049659
1.9762,2.11462380376272
1.9763,2.11504796671548
1.9764,2.11547226940432
1.9765,2.11589671187869
1.9766,2.11632129418807
1.9767,2.11674601638196
1.9768,2.11717087850988
1.9769,2.11759588062136
1.977,2.11802102276598
1.9771,2.1184463049933
1.9772,2.11887172735294
1.9773,2.1192972898945
1.9774,2.11972299266764
1.9775,2.12014883572201
1.9776,2.1205748191073
1.9777,2.12100094287321
1.9778,2.12142720706946
1.9779,2.12185361174579
1.978,2.12228015695197
1.9781,2.12270684273778
1.9782,2.12313366915302
1.9783,2.12356063624753
1.9784,2.12398774407114
1.9785,2.12441499267372
1.9786,2.12484238210516
1.9787,2.12526991241536
1.9788,2.12569758365425
1.9789,2.12612539587177
1.979,2.1265533491179
1.9791,2.12698144344263
1.9792,2.12740967889595
1.9793,2.1278380555279
1.9794,2.12826657338853
1.9795,2.12869523252791
1.9796,2.12912403299613
1.9797,2.1295529748433
1.9798,2.12998205811956
1.9799,2.13041128287505
1.98,2.13084064915994
1.9801,2.13127015702444
1.9802,2.13169980651875
1.9803,2.13212959769312
1.9804,2.13255953059778
1.9805,2.13298960528303
1.9806,2.13341982179915
1.9807,2.13385018019646
1.9808,2.13428068052531
1.9809,2.13471132283604
1.981,2.13514210717904
1.9811,2.13557303360471
1.9812,2.13600410216346
1.9813,2.13643531290574
1.9814,2.13686666588201
1.9815,2.13729816114275
1.9816,2.13772979873847
1.9817,2.13816157871968
1.9818,2.13859350113693
1.9819,2.1390255660408
1.982,2.13945777348185
1.9821,2.13989012351071
1.9822,2.14032261617799
1.9823,2.14075525153435
1.9824,2.14118802963045
1.9825,2.14162095051699
1.9826,2.14205401424467
1.9827,2.14248722086422
1.9828,2.1429205704264
1.9829,2.14335406298199
1.983,2.14378769858176
1.9831,2.14422147727655
1.9832,2.14465539911718
1.9833,2.14508946415451
1.9834,2.14552367243941
1.9835,2.14595802402279
1.9836,2.14639251895557
1.9837,2.14682715728868
1.9838,2.14726193907308
1.9839,2.14769686435976
1.984,2.14813193319972
1.9841,2.14856714564399
1.9842,2.1490025017436
1.9843,2.14943800154962
1.9844,2.14987364511315
1.9845,2.15030943248528
1.9846,2.15074536371714
1.9847,2.15118143885989
1.9848,2.15161765796469
1.9849,2.15205402108274
1.985,2.15249052826525
1.9851,2.15292717956345
1.9852,2.1533639750286
1.9853,2.15380091471196
1.9854,2.15423799866485
1.9855,2.15467522693857
1.9856,2.15511259958447
1.9857,2.1555501166539
1.9858,2.15598777819824
1.9859,2.15642558426891
1.986,2.15686353491731
1.9861,2.1573016301949
1.9862,2.15773987015314
1.9863,2.15817825484352
1.9864,2.15861678431755
1.9865,2.15905545862674
1.9866,2.15949427782266
1.9867,2.15993324195688
1.9868,2.16037235108099
1.9869,2.16081160524659
1.987,2.16125100450534
1.9871,2.16169054890887
1.9872,2.16213023850888
1.9873,2.16257007335705
1.9874,2.16301005350512
1.9875,2.16345017900481
1.9876,2.1638904499079
1.9877,2.16433086626616
1.9878,2.16477142813141
1.9879,2.16521213555546
1.988,2.16565298859017
1.9881,2.1660939872874
1.9882,2.16653513169904
1.9883,2.16697642187701
1.9884,2.16741785787324
1.9885,2.16785943973969
1.9886,2.16830116752832
1.9887,2.16874304129114
1.9888,2.16918506108017
1.9889,2.16962722694744
1.989,2.17006953894502
1.9891,2.17051199712499
1.9892,2.17095460153945
1.9893,2.17139735224053
1.9894,2.17184024928037
1.9895,2.17228329271115
1.9896,2.17272648258506
1.9897,2.1731698189543
1.9898,2.17361330187111
1.9899,2.17405693138774
1.99,2.17450070755647
1.9901,2.17494463042959
1.9902,2.17538870005944
1.9903,2.17583291649834
1.9904,2.17627727979865
1.9905,2.17672179001277
1.9906,2.1771664471931
1.9907,2.17761125139206
1.9908,2.1780562026621
1.9909,2.1785013010557
1.991,2.17894654662534
1.9911,2.17939193942353
1.9912,2.17983747950282
1.9913,2.18028316691576
1.9914,2.18072900171492
1.9915,2.18117498395292
1.9916,2.18162111368236
1.9917,2.18206739095589
1.9918,2.18251381582618
1.9919,2.18296038834591
1.992,2.18340710856779
1.9921,2.18385397654455
1.9922,2.18430099232895
1.9923,2.18474815597375
1.9924,2.18519546753175
1.9925,2.18564292705578
1.9926,2.18609053459866
1.9927,2.18653829021325
1.9928,2.18698619395245
1.9929,2.18743424586915
1.993,2.18788244601628
1.9931,2.18833079444678
1.9932,2.18877929121363
1.9933,2.18922793636982
1.9934,2.18967672996836
1.9935,2.19012567206229
1.9936,2.19057476270466
1.9937,2.19102400194855
1.9938,2.19147338984706
1.9939,2.19192292645332
1.994,2.19237261182047
1.9941,2.19282244600167
1.9942,2.19327242905011
1.9943,2.19372256101901
1.9944,2.1941728419616
1.9945,2.19462327193112
1.9946,2.19507385098086
1.9947,2.19552457916412
1.9948,2.19597545653421
1.9949,2.19642648314447
1.995,2.19687765904828
1.9951,2.19732898429901
1.9952,2.19778045895007
1.9953,2.19823208305491
1.9954,2.19868385666695
1.9955,2.19913577983969
1.9956,2.19958785262662
1.9957,2.20004007508125
1.9958,2.20049244725713
1.9959,2.20094496920781
1.996,2.20139764098689
1.9961,2.20185046264797
1.9962,2.20230343424467
1.9963,2.20275655583066
1.9964,2.2032098274596
1.9965,2.20366324918518
1.9966,2.20411682106113
1.9967,2.20457054314119
1.9968,2.20502441547911
1.9969,2.20547843812868
1.997,2.2059326111437
1.9971,2.20638693457802
1.9972,2.20684140848547
1.9973,2.20729603291992
1.9974,2.20775080793529
1.9975,2.20820573358547
1.9976,2.20866080992441
1.9977,2.20911603700608
1.9978,2.20957141488446
1.9979,2.21002694361355
1.998,2.21048262324738
1.9981,2.21093845384
1.9982,2.21139443544549
1.9983,2.21185056811795
1.9984,2.21230685191149
1.9985,2.21276328688025
1.9986,2.21321987307839
1.9987,2.2136766105601
1.9988,2.21413349937959
1.9989,2.21459053959109
1.999,2.21504773124884
1.9991,2.21550507440714
1.9992,2.21596256912026
1.9993,2.21642021544254
1.9994,2.21687801342831
1.9995,2.21733596313193
1.9996,2.21779406460781
1.9997,2.21825231791034
1.9998,2.21871072309396
1.9999,2.21916928021312
2,2.2196279893223
2.0001,2.220086850476
2.0002,2.22054586372874
2.0003,2.22100502913507
2.0004,2.22146434674955
2.0005,2.22192381662677
2.0006,2.22238343882135
2.0007,2.22284321338792
2.0008,2.22330314038114
2.0009,2.22376321985568
2.001,2.22422345186626
2.0011,2.22468383646759
2.0012,2.22514437371443
2.0013,2.22560506366155
2.0014,2.22606590636373
2.0015,2.22652690187579
2.0016,2.22698805025258
2.0017,2.22744935154896
2.0018,2.2279108058198
2.0019,2.22837241312002
2.002,2.22883417350455
2.0021,2.22929608702833
2.0022,2.22975815374635
2.0023,2.23022037371359
2.0024,2.23068274698509
2.0025,2.23114527361588
2.0026,2.23160795366103
2.0027,2.23207078717563
2.0028,2.23253377421479
2.0029,2.23299691483365
2.003,2.23346020908736
2.0031,2.2339236570311
2.0032,2.23438725872008
2.0033,2.23485101420952
2.0034,2.23531492355467
2.0035,2.2357789868108
2.0036,2.23624320403321
2.0037,2.23670757527721
2.0038,2.23717210059814
2.0039,2.23763678005137
2.004,2.23810161369228
2.0041,2.23856660157629
2.0042,2.23903174375882
2.0043,2.23949704029533
2.0044,2.2399624912413
2.0045,2.24042809665222
2.0046,2.24089385658363
2.0047,2.24135977109106
2.0048,2.24182584023009
2.0049,2.24229206405632
2.005,2.24275844262535
2.0051,2.24322497599283
2.0052,2.24369166421441
2.0053,2.24415850734579
2.0054,2.24462550544267
2.0055,2.24509265856079
2.0056,2.24555996675589
2.0057,2.24602743008375
2.0058,2.24649504860019
2.0059,2.24696282236101
2.006,2.24743075142206
2.0061,2.24789883583922
2.0062,2.24836707566838
2.0063,2.24883547096546
2.0064,2.24930402178639
2.0065,2.24977272818714
2.0066,2.25024159022369
2.0067,2.25071060795205
2.0068,2.25117978142826
2.0069,2.25164911070836
2.007,2.25211859584845
2.0071,2.25258823690461
2.0072,2.25305803393299
2.0073,2.25352798698972
2.0074,2.25399809613097
2.0075,2.25446836141295
2.0076,2.25493878289187
2.0077,2.25540936062397
2.0078,2.25588009466552
2.0079,2.25635098507281
2.008,2.25682203190214
2.0081,2.25729323520986
2.0082,2.25776459505232
2.0083,2.2582361114859
2.0084,2.25870778456701
2.0085,2.25917961435208
2.0086,2.25965160089755
2.0087,2.26012374425992
2.0088,2.26059604449566
2.0089,2.26106850166132
2.009,2.26154111581343
2.0091,2.26201388700855
2.0092,2.2624868153033
2.0093,2.26295990075427
2.0094,2.26343314341812
2.0095,2.26390654335149
2.0096,2.2643801006111
2.0097,2.26485381525363
2.0098,2.26532768733583
2.0099,2.26580171691445
2.01,2.26627590404628
2.0101,2.26675024878811
2.0102,2.26722475119679
2.0103,2.26769941132915
2.0104,2.26817422924207
2.0105,2.26864920499246
2.0106,2.26912433863724
2.0107,2.26959963023335
2.0108,2.27007507983776
2.0109,2.27055068750747
2.011,2.27102645329949
2.0111,2.27150237727087
2.0112,2.27197845947866
2.0113,2.27245469997997
2.0114,2.27293109883189
2.0115,2.27340765609157
2.0116,2.27388437181617
2.0117,2.27436124606286
2.0118,2.27483827888886
2.0119,2.2753154703514
2.012,2.27579282050773
2.0121,2.27627032941513
2.0122,2.2767479971309
2.0123,2.27722582371237
2.0124,2.27770380921689
2.0125,2.27818195370183
2.0126,2.27866025722459
2.0127,2.27913871984259
2.0128,2.27961734161328
2.0129,2.28009612259413
2.013,2.28057506284262
2.0131,2.28105416241628
2.0132,2.28153342137265
2.0133,2.28201283976928
2.0134,2.28249241766378
2.0135,2.28297215511375
2.0136,2.28345205217683
2.0137,2.28393210891068
2.0138,2.28441232537299
2.0139,2.28489270162146
2.014,2.28537323771383
2.0141,2.28585393370785
2.0142,2.2863347896613
2.0143,2.28681580563199
2.0144,2.28729698167775
2.0145,2.28777831785643
2.0146,2.2882598142259
2.0147,2.28874147084407
2.0148,2.28922328776887
2.0149,2.28970526505824
2.015,2.29018740277015
2.0151,2.2906697009626
2.0152,2.29115215969362
2.0153,2.29163477902125
2.0154,2.29211755900356
2.0155,2.29260049969864
2.0156,2.29308360116461
2.0157,2.29356686345961
2.0158,2.29405028664182
2.0159,2.29453387076942
2.016,2.29501761590062
2.0161,2.29550152209366
2.0162,2.29598558940682
2.0163,2.29646981789837
2.0164,2.29695420762663
2.0165,2.29743875864994
2.0166,2.29792347102665
2.0167,2.29840834481515
2.0168,2.29889338007384
2.0169,2.29937857686118
2.017,2.2998639352356
2.0171,2.30034945525559
2.0172,2.30083513697967
2.0173,2.30132098046635
2.0174,2.3018069857742
2.0175,2.30229315296179
2.0176,2.30277948208774
2.0177,2.30326597321066
2.0178,2.30375262638921
2.0179,2.30423944168207
2.018,2.30472641914794
2.0181,2.30521355884554
2.0182,2.30570086083363
2.0183,2.30618832517098
2.0184,2.3066759519164
2.0185,2.3071637411287
2.0186,2.30765169286673
2.0187,2.30813980718937
2.0188,2.30862808415552
2.0189,2.30911652382409
2.019,2.30960512625404
2.0191,2.31009389150433
2.0192,2.31058281963397
2.0193,2.31107191070196
2.0194,2.31156116476737
2.0195,2.31205058188925
2.0196,2.3125401621267
2.0197,2.31302990553884
2.0198,2.31351981218482
2.0199,2.3140098821238
2.02,2.31450011541498
2.0201,2.31499051211757
2.0202,2.31548107229082
2.0203,2.31597179599398
2.0204,2.31646268328637
2.0205,2.31695373422729
2.0206,2.31744494887607
2.0207,2.3179363272921
2.0208,2.31842786953476
2.0209,2.31891957566347
2.021,2.31941144573766
2.0211,2.3199034798168
2.0212,2.32039567796038
2.0213,2.32088804022792
2.0214,2.32138056667895
2.0215,2.32187325737305
2.0216,2.32236611236979
2.0217,2.3228591317288
2.0218,2.32335231550971
2.0219,2.32384566377219
2.022,2.32433917657592
2.0221,2.32483285398062
2.0222,2.32532669604603
2.0223,2.32582070283191
2.0224,2.32631487439805
2.0225,2.32680921080427
2.0226,2.3273037121104
2.0227,2.32779837837631
2.0228,2.32829320966188
2.0229,2.32878820602703
2.023,2.3292833675317
2.0231,2.32977869423584
2.0232,2.33027418619946
2.0233,2.33076984348256
2.0234,2.33126566614518
2.0235,2.33176165424738
2.0236,2.33225780784926
2.0237,2.33275412701092
2.0238,2.33325061179252
2.0239,2.3337472622542
2.024,2.33424407845616
2.0241,2.33474106045862
2.0242,2.33523820832181
2.0243,2.33573552210601
2.0244,2.33623300187149
2.0245,2.33673064767857
2.0246,2.3372284595876
2.0247,2.33772643765894
2.0248,2.33822458195298
2.0249,2.33872289253014
2.025,2.33922136945085
2.0251,2.3397200127756
2.0252,2.34021882256485
2.0253,2.34071779887914
2.0254,2.34121694177901
2.0255,2.34171625132502
2.0256,2.34221572757777
2.0257,2.34271537059787
2.0258,2.34321518044597
2.0259,2.34371515718274
2.026,2.34421530086887
2.0261,2.34471561156509
2.0262,2.34521608933212
2.0263,2.34571673423076
2.0264,2.34621754632179
2.0265,2.34671852566604
2.0266,2.34721967232434
2.0267,2.34772098635758
2.0268,2.34822246782665
2.0269,2.34872411679247
2.027,2.349225933316
2.0271,2.34972791745821
2.0272,2.35023006928009
2.0273,2.35073238884267
2.0274,2.35123487620701
2.0275,2.35173753143418
2.0276,2.35224035458527
2.0277,2.35274334572143
2.0278,2.35324650490379
2.0279,2.35374983219355
2.028,2.35425332765189
2.0281,2.35475699134006
2.0282,2.35526082331932
2.0283,2.35576482365092
2.0284,2.3562689923962
2.0285,2.35677332961647
2.0286,2.3572778353731
2.0287,2.35778250972747
2.0288,2.35828735274099
2.0289,2.3587923644751
2.029,2.35929754499124
2.0291,2.35980289435092
2.0292,2.36030841261565
2.0293,2.36081409984695
2.0294,2.3613199561064
2.0295,2.36182598145558
2.0296,2.36233217595611
2.0297,2.36283853966964
2.0298,2.36334507265782
2.0299,2.36385177498235
2.03,2.36435864670496
2.0301,2.36486568788737
2.0302,2.36537289859137
2.0303,2.36588027887875
2.0304,2.36638782881133
2.0305,2.36689554845096
2.0306,2.36740343785952
2.0307,2.36791149709889
2.0308,2.36841972623102
2.0309,2.36892812531784
2.031,2.36943669442135
2.0311,2.36994543360353
2.0312,2.37045434292643
2.0313,2.37096342245209
2.0314,2.37147267224259
2.0315,2.37198209236005
2.0316,2.3724916828666
2.0317,2.3730014438244
2.0318,2.37351137529563
2.0319,2.3740214773425
2.032,2.37453175002726
2.0321,2.37504219341217
2.0322,2.37555280755951
2.0323,2.3760635925316
2.0324,2.37657454839079
2.0325,2.37708567519945
2.0326,2.37759697301996
2.0327,2.37810844191474
2.0328,2.37862008194625
2.0329,2.37913189317696
2.033,2.37964387566937
2.0331,2.380156029486
2.0332,2.3806683546894
2.0333,2.38118085134216
2.0334,2.38169351950687
2.0335,2.38220635924617
2.0336,2.38271937062271
2.0337,2.38323255369917
2.0338,2.38374590853827
2.0339,2.38425943520274
2.034,2.38477313375535
2.0341,2.38528700425887
2.0342,2.38580104677612
2.0343,2.38631526136995
2.0344,2.38682964810323
2.0345,2.38734420703884
2.0346,2.3878589382397
2.0347,2.38837384176877
2.0348,2.38888891768901
2.0349,2.38940416606342
2.035,2.38991958695504
2.0351,2.39043518042691
2.0352,2.39095094654211
2.0353,2.39146688536374
2.0354,2.39198299695494
2.0355,2.39249928137887
2.0356,2.3930157386987
2.0357,2.39353236897766
2.0358,2.39404917227897
2.0359,2.3945661486659
2.036,2.39508329820175
2.0361,2.39560062094982
2.0362,2.39611811697347
2.0363,2.39663578633607
2.0364,2.397153629101
2.0365,2.3976716453317
2.0366,2.39818983509161
2.0367,2.39870819844421
2.0368,2.39922673545301
2.0369,2.39974544618154
2.037,2.40026433069334
2.0371,2.40078338905202
2.0372,2.40130262132117
2.0373,2.40182202756443
2.0374,2.40234160784547
2.0375,2.40286136222798
2.0376,2.40338129077568
2.0377,2.4039013935523
2.0378,2.40442167062162
2.0379,2.40494212204744
2.038,2.40546274789359
2.0381,2.40598354822391
2.0382,2.40650452310228
2.0383,2.4070256725926
2.0384,2.40754699675882
2.0385,2.40806849566488
2.0386,2.40859016937477
2.0387,2.40911201795251
2.0388,2.40963404146214
2.0389,2.41015623996771
2.039,2.41067861353333
2.0391,2.41120116222311
2.0392,2.4117238861012
2.0393,2.41224678523178
2.0394,2.41276985967904
2.0395,2.41329310950722
2.0396,2.41381653478057
2.0397,2.41434013556338
2.0398,2.41486391191994
2.0399,2.4153878639146
2.04,2.41591199161172
2.0401,2.41643629507569
2.0402,2.41696077437093
2.0403,2.41748542956188
2.0404,2.41801026071302
2.0405,2.41853526788883
2.0406,2.41906045115386
2.0407,2.41958581057265
2.0408,2.42011134620977
2.0409,2.42063705812985
2.041,2.42116294639751
2.0411,2.42168901107741
2.0412,2.42221525223425
2.0413,2.42274166993274
2.0414,2.42326826423762
2.0415,2.42379503521367
2.0416,2.42432198292568
2.0417,2.42484910743848
2.0418,2.42537640881692
2.0419,2.42590388712587
2.042,2.42643154243025
2.0421,2.42695937479499
2.0422,2.42748738428506
2.0423,2.42801557096543
2.0424,2.42854393490113
2.0425,2.42907247615721
2.0426,2.42960119479873
2.0427,2.43013009089078
2.0428,2.43065916449851
2.0429,2.43118841568705
2.043,2.4317178445216
2.0431,2.43224745106735
2.0432,2.43277723538955
2.0433,2.43330719755346
2.0434,2.43383733762437
2.0435,2.43436765566759
2.0436,2.43489815174848
2.0437,2.4354288259324
2.0438,2.43595967828476
2.0439,2.43649070887098
2.044,2.43702191775652
2.0441,2.43755330500687
2.0442,2.43808487068753
2.0443,2.43861661486404
2.0444,2.43914853760198
2.0445,2.43968063896693
2.0446,2.44021291902451
2.0447,2.44074537784038
2.0448,2.44127801548021
2.0449,2.44181083200971
2.045,2.4423438274946
2.0451,2.44287700200066
2.0452,2.44341035559365
2.0453,2.44394388833941
2.0454,2.44447760030377
2.0455,2.44501149155261
2.0456,2.44554556215182
2.0457,2.44607981216733
2.0458,2.4466142416651
2.0459,2.4471488507111
2.046,2.44768363937135
2.0461,2.44821860771188
2.0462,2.44875375579876
2.0463,2.44928908369808
2.0464,2.44982459147596
2.0465,2.45036027919856
2.0466,2.45089614693204
2.0467,2.45143219474262
2.0468,2.45196842269653
2.0469,2.45250483086003
2.047,2.4530414192994
2.0471,2.45357818808096
2.0472,2.45411513727107
2.0473,2.45465226693608
2.0474,2.4551895771424
2.0475,2.45572706795647
2.0476,2.45626473944473
2.0477,2.45680259167368
2.0478,2.45734062470982
2.0479,2.45787883861969
2.048,2.45841723346987
2.0481,2.45895580932695
2.0482,2.45949456625755
2.0483,2.46003350432834
2.0484,2.46057262360598
2.0485,2.4611119241572
2.0486,2.46165140604872
2.0487,2.46219106934732
2.0488,2.46273091411979
2.0489,2.46327094043294
2.049,2.46381114835364
2.0491,2.46435153794875
2.0492,2.46489210928519
2.0493,2.4654328624299
2.0494,2.46597379744982
2.0495,2.46651491441197
2.0496,2.46705621338335
2.0497,2.46759769443101
2.0498,2.46813935762204
2.0499,2.46868120302353
2.05,2.46922323070262
2.0501,2.46976544072647
2.0502,2.47030783316227
2.0503,2.47085040807724
2.0504,2.47139316553863
2.0505,2.47193610561371
2.0506,2.47247922836978
2.0507,2.47302253387418
2.0508,2.47356602219427
2.0509,2.47410969339744
2.051,2.47465354755109
2.0511,2.47519758472269
2.0512,2.47574180497971
2.0513,2.47628620838963
2.0514,2.47683079502001
2.0515,2.4773755649384
2.0516,2.47792051821238
2.0517,2.47846565490958
2.0518,2.47901097509763
2.0519,2.47955647884423
2.052,2.48010216621706
2.0521,2.48064803728385
2.0522,2.48119409211238
2.0523,2.48174033077042
2.0524,2.4822867533258
2.0525,2.48283335984636
2.0526,2.48338015039998
2.0527,2.48392712505455
2.0528,2.48447428387801
2.0529,2.48502162693833
2.053,2.48556915430349
2.0531,2.48611686604151
2.0532,2.48666476222044
2.0533,2.48721284290835
2.0534,2.48776110817334
2.0535,2.48830955808356
2.0536,2.48885819270717
2.0537,2.48940701211235
2.0538,2.48995601636733
2.0539,2.49050520554035
2.054,2.4910545796997
2.0541,2.49160413891367
2.0542,2.4921538832506
2.0543,2.49270381277887
2.0544,2.49325392756686
2.0545,2.49380422768299
2.0546,2.49435471319572
2.0547,2.49490538417352
2.0548,2.49545624068491
2.0549,2.49600728279843
2.055,2.49655851058264
2.0551,2.49710992410613
2.0552,2.49766152343754
2.0553,2.49821330864551
2.0554,2.49876527979874
2.0555,2.49931743696593
2.0556,2.49986978021583
2.0557,2.5004223096172
2.0558,2.50097502523884
2.0559,2.50152792714959
2.056,2.50208101541831
2.0561,2.50263429011387
2.0562,2.5031877513052
2.0563,2.50374139906124
2.0564,2.50429523345097
2.0565,2.50484925454338
2.0566,2.50540346240753
2.0567,2.50595785711246
2.0568,2.50651243872727
2.0569,2.50706720732107
2.057,2.50762216296303
2.0571,2.50817730572232
2.0572,2.50873263566814
2.0573,2.50928815286975
2.0574,2.50984385739639
2.0575,2.51039974931738
2.0576,2.51095582870203
2.0577,2.51151209561971
2.0578,2.51206855013979
2.0579,2.5126251923317
2.058,2.51318202226487
2.0581,2.51373904000878
2.0582,2.51429624563294
2.0583,2.51485363920687
2.0584,2.51541122080013
2.0585,2.51596899048233
2.0586,2.51652694832307
2.0587,2.517085094392
2.0588,2.51764342875882
2.0589,2.51820195149322
2.059,2.51876066266495
2.0591,2.51931956234377
2.0592,2.51987865059948
2.0593,2.52043792750192
2.0594,2.52099739312092
2.0595,2.52155704752639
2.0596,2.52211689078824
2.0597,2.52267692297642
2.0598,2.52323714416089
2.0599,2.52379755441167
2.06,2.5243581537988
2.0601,2.52491894239233
2.0602,2.52547992026236
2.0603,2.52604108747901
2.0604,2.52660244411245
2.0605,2.52716399023284
2.0606,2.52772572591042
2.0607,2.52828765121541
2.0608,2.5288497662181
2.0609,2.52941207098878
2.061,2.52997456559779
2.0611,2.5305372501155
2.0612,2.53110012461228
2.0613,2.53166318915858
2.0614,2.53222644382483
2.0615,2.53278988868152
2.0616,2.53335352379916
2.0617,2.5339173492483
2.0618,2.5344813650995
2.0619,2.53504557142337
2.062,2.53560996829054
2.0621,2.53617455577168
2.0622,2.53673933393746
2.0623,2.53730430285863
2.0624,2.53786946260592
2.0625,2.53843481325012
2.0626,2.53900035486204
2.0627,2.53956608751252
2.0628,2.54013201127244
2.0629,2.5406981262127
2.063,2.54126443240422
2.0631,2.54183092991798
2.0632,2.54239761882496
2.0633,2.54296449919619
2.0634,2.54353157110272
2.0635,2.54409883461563
2.0636,2.54466628980604
2.0637,2.54523393674509
2.0638,2.54580177550395
2.0639,2.54636980615384
2.064,2.54693802876597
2.0641,2.54750644341162
2.0642,2.54807505016208
2.0643,2.54864384908867
2.0644,2.54921284026276
2.0645,2.54978202375572
2.0646,2.55035139963898
2.0647,2.55092096798398
2.0648,2.55149072886219
2.0649,2.55206068234512
2.065,2.55263082850432
2.0651,2.55320116741134
2.0652,2.55377169913779
2.0653,2.5543424237553
2.0654,2.55491334133552
2.0655,2.55548445195014
2.0656,2.55605575567089
2.0657,2.55662725256951
2.0658,2.55719894271779
2.0659,2.55777082618753
2.066,2.55834290305059
2.0661,2.55891517337883
2.0662,2.55948763724415
2.0663,2.5600602947185
2.0664,2.56063314587383
2.0665,2.56120619078213
2.0666,2.56177942951545
2.0667,2.56235286214582
2.0668,2.56292648874534
2.0669,2.56350030938613
2.067,2.56407432414033
2.0671,2.56464853308013
2.0672,2.56522293627773
2.0673,2.56579753380537
2.0674,2.56637232573533
2.0675,2.5669473121399
2.0676,2.56752249309142
2.0677,2.56809786866226
2.0678,2.5686734389248
2.0679,2.56924920395147
2.068,2.56982516381474
2.0681,2.57040131858707
2.0682,2.570977668341
2.0683,2.57155421314907
2.0684,2.57213095308386
2.0685,2.57270788821798
2.0686,2.57328501862408
2.0687,2.57386234437481
2.0688,2.57443986554289
2.0689,2.57501758220106
2.069,2.57559549442206
2.0691,2.57617360227871
2.0692,2.57675190584383
2.0693,2.57733040519027
2.0694,2.57790910039093
2.0695,2.57848799151872
2.0696,2.5790670786466
2.0697,2.57964636184755
2.0698,2.58022584119458
2.0699,2.58080551676074
2.07,2.58138538861909
2.0701,2.58196545684276
2.0702,2.58254572150487
2.0703,2.58312618267859
2.0704,2.58370684043713
2.0705,2.58428769485371
2.0706,2.58486874600161
2.0707,2.5854499939541
2.0708,2.58603143878452
2.0709,2.58661308056622
2.071,2.58719491937258
2.0711,2.58777695527704
2.0712,2.58835918835304
2.0713,2.58894161867405
2.0714,2.5895242463136
2.0715,2.59010707134522
2.0716,2.59069009384249
2.0717,2.59127331387902
2.0718,2.59185673152844
2.0719,2.59244034686442
2.072,2.59302415996068
2.0721,2.59360817089092
2.0722,2.59419237972893
2.0723,2.59477678654849
2.0724,2.59536139142344
2.0725,2.59594619442762
2.0726,2.59653119563493
2.0727,2.5971163951193
2.0728,2.59770179295467
2.0729,2.59828738921502
2.073,2.59887318397438
2.0731,2.59945917730678
2.0732,2.60004536928632
2.0733,2.60063175998709
2.0734,2.60121834948324
2.0735,2.60180513784895
2.0736,2.60239212515842
2.0737,2.60297931148588
2.0738,2.60356669690561
2.0739,2.6041542814919
2.074,2.60474206531909
2.0741,2.60533004846154
2.0742,2.60591823099364
2.0743,2.60650661298983
2.0744,2.60709519452456
2.0745,2.60768397567232
2.0746,2.60827295650764
2.0747,2.60886213710506
2.0748,2.60945151753918
2.0749,2.61004109788461
2.075,2.61063087821601
2.0751,2.61122085860804
2.0752,2.61181103913544
2.0753,2.61240141987294
2.0754,2.61299200089531
2.0755,2.61358278227738
2.0756,2.61417376409398
2.0757,2.61476494641998
2.0758,2.61535632933029
2.0759,2.61594791289984
2.076,2.61653969720361
2.0761,2.6171316823166
2.0762,2.61772386831383
2.0763,2.61831625527038
2.0764,2.61890884326134
2.0765,2.61950163236184
2.0766,2.62009462264704
2.0767,2.62068781419214
2.0768,2.62128120707236
2.0769,2.62187480136295
2.077,2.62246859713922
2.0771,2.62306259447647
2.0772,2.62365679345007
2.0773,2.6242511941354
2.0774,2.62484579660788
2.0775,2.62544060094296
2.0776,2.62603560721612
2.0777,2.62663081550288
2.0778,2.62722622587879
2.0779,2.62782183841942
2.078,2.62841765320039
2.0781,2.62901367029734
2.0782,2.62960988978595
2.0783,2.63020631174193
2.0784,2.63080293624102
2.0785,2.631399763359
2.0786,2.63199679317166
2.0787,2.63259402575486
2.0788,2.63319146118445
2.0789,2.63378909953635
2.079,2.63438694088649
2.0791,2.63498498531084
2.0792,2.63558323288539
2.0793,2.63618168368619
2.0794,2.6367803377893
2.0795,2.63737919527081
2.0796,2.63797825620687
2.0797,2.63857752067362
2.0798,2.63917698874727
2.0799,2.63977666050405
2.08,2.64037653602022
2.0801,2.64097661537207
2.0802,2.64157689863593
2.0803,2.64217738588816
2.0804,2.64277807720515
2.0805,2.64337897266332
2.0806,2.64398007233913
2.0807,2.64458137630908
2.0808,2.64518288464968
2.0809,2.64578459743749
2.081,2.6463865147491
2.0811,2.64698863666113
2.0812,2.64759096325023
2.0813,2.64819349459309
2.0814,2.64879623076643
2.0815,2.64939917184701
2.0816,2.6500023179116
2.0817,2.65060566903703
2.0818,2.65120922530014
2.0819,2.65181298677782
2.082,2.652416953547
2.0821,2.6530211256846
2.0822,2.65362550326763
2.0823,2.65423008637309
2.0824,2.65483487507803
2.0825,2.65543986945954
2.0826,2.65604506959472
2.0827,2.65665047556074
2.0828,2.65725608743476
2.0829,2.657861905294
2.083,2.6584679292157
2.0831,2.65907415927716
2.0832,2.65968059555567
2.0833,2.66028723812859
2.0834,2.6608940870733
2.0835,2.66150114246721
2.0836,2.66210840438776
2.0837,2.66271587291243
2.0838,2.66332354811874
2.0839,2.66393143008422
2.084,2.66453951888646
2.0841,2.66514781460307
2.0842,2.6657563173117
2.0843,2.66636502709001
2.0844,2.66697394401573
2.0845,2.6675830681666
2.0846,2.66819239962039
2.0847,2.66880193845491
2.0848,2.66941168474802
2.0849,2.67002163857758
2.085,2.67063180002152
2.0851,2.67124216915777
2.0852,2.67185274606432
2.0853,2.67246353081917
2.0854,2.67307452350037
2.0855,2.67368572418599
2.0856,2.67429713295416
2.0857,2.67490874988302
2.0858,2.67552057505073
2.0859,2.67613260853553
2.086,2.67674485041565
2.0861,2.67735730076937
2.0862,2.67796995967501
2.0863,2.67858282721091
2.0864,2.67919590345546
2.0865,2.67980918848706
2.0866,2.68042268238416
2.0867,2.68103638522526
2.0868,2.68165029708885
2.0869,2.68226441805349
2.087,2.68287874819776
2.0871,2.68349328760028
2.0872,2.6841080363397
2.0873,2.6847229944947
2.0874,2.685338162144
2.0875,2.68595353936634
2.0876,2.68656912624052
2.0877,2.68718492284535
2.0878,2.68780092925969
2.0879,2.68841714556242
2.088,2.68903357183245
2.0881,2.68965020814875
2.0882,2.69026705459031
2.0883,2.69088411123614
2.0884,2.6915013781653
2.0885,2.69211885545688
2.0886,2.69273654319
2.0887,2.69335444144382
2.0888,2.69397255029754
2.0889,2.69459086983037
2.089,2.69520940012159
2.0891,2.69582814125047
2.0892,2.69644709329635
2.0893,2.6970662563386
2.0894,2.6976856304566
2.0895,2.69830521572979
2.0896,2.69892501223763
2.0897,2.69954502005961
2.0898,2.70016523927528
2.0899,2.7007856699642
2.09,2.70140631220596
2.0901,2.70202716608021
2.0902,2.70264823166661
2.0903,2.70326950904486
2.0904,2.7038909982947
2.0905,2.70451269949591
2.0906,2.70513461272829
2.0907,2.70575673807167
2.0908,2.70637907560595
2.0909,2.70700162541101
2.091,2.70762438756682
2.0911,2.70824736215334
2.0912,2.70887054925058
2.0913,2.7094939489386
2.0914,2.71011756129748
2.0915,2.71074138640732
2.0916,2.71136542434828
2.0917,2.71198967520054
2.0918,2.71261413904433
2.0919,2.71323881595989
2.092,2.71386370602751
2.0921,2.71448880932752
2.0922,2.71511412594026
2.0923,2.71573965594614
2.0924,2.71636539942557
2.0925,2.71699135645902
2.0926,2.71761752712698
2.0927,2.71824391150999
2.0928,2.7188705096886
2.0929,2.71949732174341
2.093,2.72012434775507
2.0931,2.72075158780422
2.0932,2.72137904197159
2.0933,2.72200671033791
2.0934,2.72263459298394
2.0935,2.7232626899905
2.0936,2.72389100143842
2.0937,2.72451952740859
2.0938,2.72514826798192
2.0939,2.72577722323935
2.094,2.72640639326186
2.0941,2.72703577813046
2.0942,2.72766537792622
2.0943,2.72829519273021
2.0944,2.72892522262356
2.0945,2.72955546768741
2.0946,2.73018592800297
2.0947,2.73081660365145
2.0948,2.73144749471412
2.0949,2.73207860127227
2.095,2.73270992340723
2.0951,2.73334146120036
2.0952,2.73397321473308
2.0953,2.7346051840868
2.0954,2.73523736934301
2.0955,2.7358697705832
2.0956,2.73650238788892
2.0957,2.73713522134174
2.0958,2.73776827102328
2.0959,2.73840153701518
2.096,2.73903501939911
2.0961,2.73966871825681
2.0962,2.74030263367001
2.0963,2.74093676572051
2.0964,2.74157111449012
2.0965,2.74220568006071
2.0966,2.74284046251416
2.0967,2.7434754619324
2.0968,2.74411067839741
2.0969,2.74474611199116
2.097,2.74538176279571
2.0971,2.74601763089311
2.0972,2.74665371636547
2.0973,2.74729001929493
2.0974,2.74792653976367
2.0975,2.74856327785389
2.0976,2.74920023364784
2.0977,2.7498374072278
2.0978,2.7504747986761
2.0979,2.75111240807507
2.098,2.75175023550712
2.0981,2.75238828105465
2.0982,2.75302654480014
2.0983,2.75366502682607
2.0984,2.75430372721498
2.0985,2.75494264604943
2.0986,2.75558178341202
2.0987,2.75622113938539
2.0988,2.75686071405221
2.0989,2.75750050749519
2.099,2.75814051979706
2.0991,2.75878075104062
2.0992,2.75942120130867
2.0993,2.76006187068407
2.0994,2.76070275924969
2.0995,2.76134386708847
2.0996,2.76198519428337
2.0997,2.76262674091736
2.0998,2.76326850707349
2.0999,2.76391049283482
2.1,2.76455269828445
2.1001,2.76519512350552
2.1002,2.7658377685812
2.1003,2.7664806335947
2.1004,2.76712371862926
2.1005,2.76776702376816
2.1006,2.76841054909472
2.1007,2.7690542946923
2.1008,2.76969826064427
2.1009,2.77034244703407
2.101,2.77098685394516
2.1011,2.77163148146102
2.1012,2.7722763296652
2.1013,2.77292139864126
2.1014,2.77356668847281
2.1015,2.77421219924348
2.1016,2.77485793103695
2.1017,2.77550388393694
2.1018,2.7761500580272
2.1019,2.7767964533915
2.102,2.77744307011367
2.1021,2.77808990827757
2.1022,2.7787369679671
2.1023,2.77938424926617
2.1024,2.78003175225877
2.1025,2.78067947702888
2.1026,2.78132742366055
2.1027,2.78197559223785
2.1028,2.78262398284489
2.1029,2.78327259556583
2.103,2.78392143048484
2.1031,2.78457048768615
2.1032,2.78521976725401
2.1033,2.78586926927272
2.1034,2.7865189938266
2.1035,2.78716894100002
2.1036,2.78781911087738
2.1037,2.78846950354312
2.1038,2.78912011908172
2.1039,2.78977095757768
2.104,2.79042201911556
2.1041,2.79107330377994
2.1042,2.79172481165544
2.1043,2.79237654282672
2.1044,2.79302849737848
2.1045,2.79368067539544
2.1046,2.79433307696237
2.1047,2.79498570216408
2.1048,2.7956385510854
2.1049,2.79629162381122
2.105,2.79694492042645
2.1051,2.79759844101604
2.1052,2.79825218566498
2.1053,2.79890615445829
2.1054,2.79956034748103
2.1055,2.8002147648183
2.1056,2.80086940655524
2.1057,2.80152427277702
2.1058,2.80217936356884
2.1059,2.80283467901595
2.106,2.80349021920364
2.1061,2.80414598421722
2.1062,2.80480197414204
2.1063,2.80545818906351
2.1064,2.80611462906705
2.1065,2.80677129423812
2.1066,2.80742818466224
2.1067,2.80808530042493
2.1068,2.80874264161179
2.1069,2.80940020830842
2.107,2.81005800060047
2.1071,2.81071601857364
2.1072,2.81137426231364
2.1073,2.81203273190625
2.1074,2.81269142743726
2.1075,2.81335034899251
2.1076,2.81400949665788
2.1077,2.81466887051927
2.1078,2.81532847066264
2.1079,2.81598829717396
2.108,2.81664835013927
2.1081,2.81730862964461
2.1082,2.8179691357761
2.1083,2.81862986861987
2.1084,2.81929082826208
2.1085,2.81995201478895
2.1086,2.82061342828672
2.1087,2.82127506884167
2.1088,2.82193693654014
2.1089,2.82259903146847
2.109,2.82326135371307
2.1091,2.82392390336036
2.1092,2.82458668049682
2.1093,2.82524968520896
2.1094,2.82591291758332
2.1095,2.82657637770648
2.1096,2.82724006566507
2.1097,2.82790398154575
2.1098,2.8285681254352
2.1099,2.82923249742017
2.11,2.82989709758742
2.1101,2.83056192602376
2.1102,2.83122698281605
2.1103,2.83189226805116
2.1104,2.83255778181601
2.1105,2.83322352419756
2.1106,2.83388949528282
2.1107,2.83455569515881
2.1108,2.8352221239126
2.1109,2.83588878163132
2.111,2.8365556684021
2.1111,2.83722278431212
2.1112,2.83789012944863
2.1113,2.83855770389886
2.1114,2.83922550775013
2.1115,2.83989354108977
2.1116,2.84056180400516
2.1117,2.84123029658369
2.1118,2.84189901891284
2.1119,2.84256797108008
2.112,2.84323715317293
2.1121,2.84390656527898
2.1122,2.84457620748581
2.1123,2.84524607988106
2.1124,2.84591618255243
2.1125,2.84658651558761
2.1126,2.84725707907437
2.1127,2.8479278731005
2.1128,2.84859889775382
2.1129,2.84927015312221
2.113,2.84994163929357
2.1131,2.85061335635585
2.1132,2.85128530439703
2.1133,2.85195748350513
2.1134,2.8526298937682
2.1135,2.85330253527435
2.1136,2.85397540811171
2.1137,2.85464851236846
2.1138,2.8553218481328
2.1139,2.85599541549299
2.114,2.85666921453732
2.1141,2.8573432453541
2.1142,2.85801750803172
2.1143,2.85869200265856
2.1144,2.85936672932307
2.1145,2.86004168811374
2.1146,2.86071687911908
2.1147,2.86139230242764
2.1148,2.86206795812803
2.1149,2.86274384630887
2.115,2.86341996705885
2.1151,2.86409632046666
2.1152,2.86477290662107
2.1153,2.86544972561085
2.1154,2.86612677752483
2.1155,2.86680406245189
2.1156,2.86748158048091
2.1157,2.86815933170085
2.1158,2.86883731620068
2.1159,2.86951553406943
2.116,2.87019398539615
2.1161,2.87087267026994
2.1162,2.87155158877993
2.1163,2.8722307410153
2.1164,2.87291012706527
2.1165,2.87358974701907
2.1166,2.87426960096601
2.1167,2.87494968899541
2.1168,2.87563001119665
2.1169,2.87631056765912
2.117,2.87699135847227
2.1171,2.87767238372559
2.1172,2.8783536435086
2.1173,2.87903513791087
2.1174,2.87971686702199
2.1175,2.8803988309316
2.1176,2.88108102972938
2.1177,2.88176346350506
2.1178,2.88244613234839
2.1179,2.88312903634916
2.118,2.88381217559721
2.1181,2.88449555018241
2.1182,2.88517916019468
2.1183,2.88586300572397
2.1184,2.88654708686027
2.1185,2.88723140369361
2.1186,2.88791595631406
2.1187,2.88860074481173
2.1188,2.88928576927676
2.1189,2.88997102979935
2.119,2.89065652646972
2.1191,2.89134225937814
2.1192,2.89202822861491
2.1193,2.89271443427037
2.1194,2.89340087643491
2.1195,2.89408755519895
2.1196,2.89477447065295
2.1197,2.89546162288741
2.1198,2.89614901199288
2.1199,2.89683663805994
2.12,2.89752450117919
2.1201,2.89821260144131
2.1202,2.89890093893699
2.1203,2.89958951375697
2.1204,2.90027832599202
2.1205,2.90096737573297
2.1206,2.90165666307067
2.1207,2.90234618809601
2.1208,2.90303595089992
2.1209,2.9037259515734
2.121,2.90441619020744
2.1211,2.9051066668931
2.1212,2.90579738172149
2.1213,2.90648833478372
2.1214,2.90717952617097
2.1215,2.90787095597446
2.1216,2.90856262428543
2.1217,2.90925453119519
2.1218,2.90994667679506
2.1219,2.91063906117641
2.122,2.91133168443065
2.1221,2.91202454664925
2.1222,2.91271764792367
2.1223,2.91341098834547
2.1224,2.9141045680062
2.1225,2.91479838699748
2.1226,2.91549244541096
2.1227,2.91618674333833
2.1228,2.91688128087132
2.1229,2.9175760581017
2.123,2.91827107512128
2.1231,2.91896633202191
2.1232,2.91966182889548
2.1233,2.92035756583392
2.1234,2.92105354292921
2.1235,2.92174976027334
2.1236,2.92244621795837
2.1237,2.9231429160764
2.1238,2.92383985471954
2.1239,2.92453703397998
2.124,2.92523445394993
2.1241,2.92593211472163
2.1242,2.92663001638737
2.1243,2.92732815903949
2.1244,2.92802654277036
2.1245,2.9287251676724
2.1246,2.92942403383804
2.1247,2.93012314135979
2.1248,2.93082249033018
2.1249,2.93152208084179
2.125,2.93222191298721
2.1251,2.93292198685912
2.1252,2.9336223025502
2.1253,2.93432286015318
2.1254,2.93502365976085
2.1255,2.93572470146602
2.1256,2.93642598536154
2.1257,2.93712751154032
2.1258,2.93782928009528
2.1259,2.93853129111941
2.126,2.93923354470572
2.1261,2.93993604094727
2.1262,2.94063877993717
2.1263,2.94134176176854
2.1264,2.94204498653458
2.1265,2.9427484543285
2.1266,2.94345216524357
2.1267,2.94415611937308
2.1268,2.94486031681038
2.1269,2.94556475764885
2.127,2.94626944198192
2.1271,2.94697436990306
2.1272,2.94767954150576
2.1273,2.94838495688358
2.1274,2.94909061613011
2.1275,2.94979651933896
2.1276,2.95050266660382
2.1277,2.95120905801839
2.1278,2.95191569367642
2.1279,2.95262257367171
2.128,2.95332969809809
2.1281,2.95403706704943
2.1282,2.95474468061964
2.1283,2.95545253890269
2.1284,2.95616064199257
2.1285,2.95686898998332
2.1286,2.95757758296901
2.1287,2.95828642104377
2.1288,2.95899550430176
2.1289,2.95970483283718
2.129,2.96041440674427
2.1291,2.96112422611732
2.1292,2.96183429105065
2.1293,2.96254460163864
2.1294,2.96325515797568
2.1295,2.96396596015623
2.1296,2.96467700827478
2.1297,2.96538830242586
2.1298,2.96609984270404
2.1299,2.96681162920394
2.13,2.96752366202021
2.1301,2.96823594124755
2.1302,2.9689484669807
2.1303,2.96966123931444
2.1304,2.97037425834359
2.1305,2.97108752416301
2.1306,2.97180103686761
2.1307,2.97251479655234
2.1308,2.97322880331217
2.1309,2.97394305724213
2.131,2.97465755843731
2.1311,2.97537230699281
2.1312,2.97608730300378
2.1313,2.97680254656541
2.1314,2.97751803777295
2.1315,2.97823377672168
2.1316,2.9789497635069
2.1317,2.97966599822398
2.1318,2.98038248096833
2.1319,2.98109921183539
2.132,2.98181619092065
2.1321,2.98253341831964
2.1322,2.98325089412791
2.1323,2.9839686184411
2.1324,2.98468659135484
2.1325,2.98540481296484
2.1326,2.98612328336683
2.1327,2.98684200265659
2.1328,2.98756097092995
2.1329,2.98828018828275
2.133,2.98899965481092
2.1331,2.9897193706104
2.1332,2.99043933577716
2.1333,2.99115955040726
2.1334,2.99188001459675
2.1335,2.99260072844176
2.1336,2.99332169203843
2.1337,2.99404290548297
2.1338,2.99476436887162
2.1339,2.99548608230067
2.134,2.99620804586643
2.1341,2.99693025966527
2.1342,2.99765272379361
2.1343,2.99837543834789
2.1344,2.99909840342461
2.1345,2.99982161912031
2.1346,3.00054508553156
2.1347,3.00126880275498
2.1348,3.00199277088723
2.1349,3.00271699002503
2.135,3.00344146026512
2.1351,3.00416618170429
2.1352,3.00489115443936
2.1353,3.00561637856722
2.1354,3.00634185418478
2.1355,3.007067581389
2.1356,3.00779356027688
2.1357,3.00851979094547
2.1358,3.00924627349186
2.1359,3.00997300801316
2.136,3.01069999460657
2.1361,3.01142723336928
2.1362,3.01215472439855
2.1363,3.0128824677917
2.1364,3.01361046364605
2.1365,3.01433871205899
2.1366,3.01506721312795
2.1367,3.0157959669504
2.1368,3.01652497362385
2.1369,3.01725423324586
2.137,3.01798374591403
2.1371,3.018713511726
2.1372,3.01944353077944
2.1373,3.02017380317209
2.1374,3.02090432900172
2.1375,3.02163510836613
2.1376,3.02236614136319
2.1377,3.02309742809079
2.1378,3.02382896864688
2.1379,3.02456076312943
2.138,3.02529281163647
2.1381,3.02602511426607
2.1382,3.02675767111635
2.1383,3.02749048228546
2.1384,3.0282235478716
2.1385,3.02895686797301
2.1386,3.02969044268798
2.1387,3.03042427211483
2.1388,3.03115835635193
2.1389,3.0318926954977
2.139,3.0326272896506
2.1391,3.03336213890913
2.1392,3.03409724337182
2.1393,3.03483260313727
2.1394,3.03556821830411
2.1395,3.036304088971
2.1396,3.03704021523667
2.1397,3.03777659719988
2.1398,3.03851323495942
2.1399,3.03925012861415
2.14,3.03998727826296
2.1401,3.04072468400477
2.1402,3.04146234593857
2.1403,3.04220026416337
2.1404,3.04293843877824
2.1405,3.04367686988228
2.1406,3.04441555757465
2.1407,3.04515450195454
2.1408,3.04589370312119
2.1409,3.04663316117387
2.141,3.04737287621191
2.1411,3.04811284833468
2.1412,3.04885307764159
2.1413,3.0495935642321
2.1414,3.0503343082057
2.1415,3.05107530966194
2.1416,3.05181656870041
2.1417,3.05255808542073
2.1418,3.05329985992257
2.1419,3.05404189230567
2.142,3.05478418266976
2.1421,3.05552673111467
2.1422,3.05626953774024
2.1423,3.05701260264636
2.1424,3.05775592593298
2.1425,3.05849950770006
2.1426,3.05924334804763
2.1427,3.05998744707577
2.1428,3.06073180488458
2.1429,3.06147642157422
2.143,3.0622212972449
2.1431,3.06296643199684
2.1432,3.06371182593035
2.1433,3.06445747914576
2.1434,3.06520339174344
2.1435,3.0659495638238
2.1436,3.06669599548733
2.1437,3.06744268683452
2.1438,3.06818963796593
2.1439,3.06893684898215
2.144,3.06968431998383
2.1441,3.07043205107165
2.1442,3.07118004234633
2.1443,3.07192829390867
2.1444,3.07267680585946
2.1445,3.07342557829958
2.1446,3.07417461132994
2.1447,3.07492390505147
2.1448,3.07567345956518
2.1449,3.07642327497211
2.145,3.07717335137334
2.1451,3.07792368887001
2.1452,3.07867428756327
2.1453,3.07942514755436
2.1454,3.08017626894453
2.1455,3.08092765183509
2.1456,3.08167929632739
2.1457,3.08243120252283
2.1458,3.08318337052284
2.1459,3.08393580042892
2.146,3.08468849234258
2.1461,3.08544144636541
2.1462,3.08619466259903
2.1463,3.08694814114509
2.1464,3.0877018821053
2.1465,3.08845588558143
2.1466,3.08921015167526
2.1467,3.08996468048864
2.1468,3.09071947212345
2.1469,3.09147452668163
2.147,3.09222984426516
2.1471,3.09298542497605
2.1472,3.09374126891637
2.1473,3.09449737618824
2.1474,3.09525374689381
2.1475,3.09601038113528
2.1476,3.09676727901489
2.1477,3.09752444063495
2.1478,3.09828186609779
2.1479,3.09903955550578
2.148,3.09979750896136
2.1481,3.10055572656699
2.1482,3.10131420842519
2.1483,3.10207295463853
2.1484,3.10283196530961
2.1485,3.10359124054108
2.1486,3.10435078043564
2.1487,3.10511058509603
2.1488,3.10587065462504
2.1489,3.1066309891255
2.149,3.1073915887003
2.1491,3.10815245345234
2.1492,3.10891358348462
2.1493,3.10967497890012
2.1494,3.11043663980193
2.1495,3.11119856629313
2.1496,3.11196075847689
2.1497,3.11272321645639
2.1498,3.11348594033489
2.1499,3.11424893021565
2.15,3.11501218620202
2.1501,3.11577570839738
2.1502,3.11653949690514
2.1503,3.11730355182878
2.1504,3.11806787327181
2.1505,3.11883246133779
2.1506,3.11959731613032
2.1507,3.12036243775306
2.1508,3.12112782630971
2.1509,3.12189348190399
2.151,3.12265940463972
2.1511,3.12342559462071
2.1512,3.12419205195085
2.1513,3.12495877673406
2.1514,3.12572576907431
2.1515,3.12649302907563
2.1516,3.12726055684207
2.1517,3.12802835247774
2.1518,3.1287964160868
2.1519,3.12956474777345
2.152,3.13033334764193
2.1521,3.13110221579654
2.1522,3.13187135234161
2.1523,3.13264075738153
2.1524,3.13341043102073
2.1525,3.13418037336369
2.1526,3.13495058451493
2.1527,3.13572106457901
2.1528,3.13649181366056
2.1529,3.13726283186423
2.153,3.13803411929472
2.1531,3.13880567605681
2.1532,3.13957750225527
2.1533,3.14034959799496
2.1534,3.14112196338077
2.1535,3.14189459851764
2.1536,3.14266750351056
2.1537,3.14344067846454
2.1538,3.14421412348468
2.1539,3.14498783867608
2.154,3.14576182414394
2.1541,3.14653607999345
2.1542,3.14731060632988
2.1543,3.14808540325854
2.1544,3.14886047088478
2.1545,3.14963580931401
2.1546,3.15041141865168
2.1547,3.15118729900328
2.1548,3.15196345047436
2.1549,3.15273987317049
2.155,3.15351656719732
2.1551,3.15429353266053
2.1552,3.15507076966584
2.1553,3.15584827831903
2.1554,3.15662605872591
2.1555,3.15740411099237
2.1556,3.15818243522431
2.1557,3.1589610315277
2.1558,3.15973990000853
2.1559,3.16051904077288
2.156,3.16129845392684
2.1561,3.16207813957655
2.1562,3.16285809782822
2.1563,3.16363832878809
2.1564,3.16441883256244
2.1565,3.16519960925762
2.1566,3.16598065898001
2.1567,3.16676198183603
2.1568,3.16754357793216
2.1569,3.16832544737494
2.157,3.16910759027092
2.1571,3.16989000672673
2.1572,3.17067269684904
2.1573,3.17145566074455
2.1574,3.17223889852003
2.1575,3.17302241028229
2.1576,3.17380619613817
2.1577,3.17459025619458
2.1578,3.17537459055847
2.1579,3.17615919933684
2.158,3.17694408263672
2.1581,3.17772924056521
2.1582,3.17851467322944
2.1583,3.17930038073661
2.1584,3.18008636319394
2.1585,3.18087262070871
2.1586,3.18165915338825
2.1587,3.18244596133994
2.1588,3.18323304467119
2.1589,3.18402040348948
2.159,3.18480803790233
2.1591,3.1855959480173
2.1592,3.18638413394199
2.1593,3.18717259578408
2.1594,3.18796133365127
2.1595,3.18875034765131
2.1596,3.18953963789201
2.1597,3.19032920448122
2.1598,3.19111904752683
2.1599,3.19190916713679
2.16,3.1926995634191
2.1601,3.19349023648179
2.1602,3.19428118643296
2.1603,3.19507241338075
2.1604,3.19586391743333
2.1605,3.19665569869894
2.1606,3.19744775728586
2.1607,3.19824009330242
2.1608,3.199032706857
2.1609,3.19982559805802
2.161,3.20061876701395
2.1611,3.20141221383331
2.1612,3.20220593862467
2.1613,3.20299994149665
2.1614,3.20379422255791
2.1615,3.20458878191717
2.1616,3.20538361968318
2.1617,3.20617873596475
2.1618,3.20697413087074
2.1619,3.20776980451006
2.162,3.20856575699166
2.1621,3.20936198842453
2.1622,3.21015849891774
2.1623,3.21095528858037
2.1624,3.21175235752157
2.1625,3.21254970585055
2.1626,3.21334733367653
2.1627,3.21414524110882
2.1628,3.21494342825675
2.1629,3.21574189522972
2.163,3.21654064213714
2.1631,3.21733966908852
2.1632,3.21813897619339
2.1633,3.21893856356132
2.1634,3.21973843130195
2.1635,3.22053857952496
2.1636,3.22133900834007
2.1637,3.22213971785706
2.1638,3.22294070818576
2.1639,3.22374197943604
2.164,3.22454353171782
2.1641,3.22534536514108
2.1642,3.22614747981582
2.1643,3.22694987585213
2.1644,3.22775255336012
2.1645,3.22855551244995
2.1646,3.22935875323183
2.1647,3.23016227581604
2.1648,3.23096608031289
2.1649,3.23177016683273
2.165,3.23257453548598
2.1651,3.2333791863831
2.1652,3.23418411963459
2.1653,3.234989335351
2.1654,3.23579483364296
2.1655,3.23660061462111
2.1656,3.23740667839615
2.1657,3.23821302507884
2.1658,3.23901965477999
2.1659,3.23982656761044
2.166,3.24063376368109
2.1661,3.2414412431029
2.1662,3.24224900598686
2.1663,3.24305705244402
2.1664,3.24386538258547
2.1665,3.24467399652238
2.1666,3.24548289436592
2.1667,3.24629207622736
2.1668,3.24710154221797
2.1669,3.24791129244911
2.167,3.24872132703217
2.1671,3.24953164607859
2.1672,3.25034224969986
2.1673,3.25115313800753
2.1674,3.25196431111319
2.1675,3.25277576912847
2.1676,3.25358751216507
2.1677,3.25439954033473
2.1678,3.25521185374924
2.1679,3.25602445252043
2.168,3.2568373367602
2.1681,3.25765050658048
2.1682,3.25846396209326
2.1683,3.25927770341058
2.1684,3.26009173064453
2.1685,3.26090604390724
2.1686,3.2617206433109
2.1687,3.26253552896774
2.1688,3.26335070099006
2.1689,3.26416615949018
2.169,3.2649819045805
2.1691,3.26579793637345
2.1692,3.26661425498152
2.1693,3.26743086051724
2.1694,3.2682477530932
2.1695,3.26906493282203
2.1696,3.26988239981642
2.1697,3.27070015418911
2.1698,3.27151819605288
2.1699,3.27233652552057
2.17,3.27315514270507
2.1701,3.27397404771931
2.1702,3.27479324067627
2.1703,3.27561272168899
2.1704,3.27643249087057
2.1705,3.27725254833414
2.1706,3.27807289419288
2.1707,3.27889352856003
2.1708,3.27971445154889
2.1709,3.28053566327278
2.171,3.2813571638451
2.1711,3.28217895337928
2.1712,3.28300103198882
2.1713,3.28382339978726
2.1714,3.28464605688818
2.1715,3.28546900340523
2.1716,3.28629223945209
2.1717,3.28711576514252
2.1718,3.2879395805903
2.1719,3.28876368590927
2.172,3.28958808121333
2.1721,3.29041276661643
2.1722,3.29123774223255
2.1723,3.29206300817574
2.1724,3.2928885645601
2.1725,3.29371441149977
2.1726,3.29454054910896
2.1727,3.29536697750191
2.1728,3.29619369679292
2.1729,3.29702070709634
2.173,3.29784800852657
2.1731,3.29867560119807
2.1732,3.29950348522533
2.1733,3.3003316607229
2.1734,3.3011601278054
2.1735,3.30198888658748
2.1736,3.30281793718385
2.1737,3.30364727970926
2.1738,3.30447691427851
2.1739,3.30530684100648
2.174,3.30613706000807
2.1741,3.30696757139825
2.1742,3.30779837529201
2.1743,3.30862947180444
2.1744,3.30946086105065
2.1745,3.31029254314579
2.1746,3.31112451820509
2.1747,3.31195678634383
2.1748,3.31278934767731
2.1749,3.3136222023209
2.175,3.31445535039005
2.1751,3.3152887920002
2.1752,3.3161225272669
2.1753,3.31695655630572
2.1754,3.31779087923229
2.1755,3.31862549616229
2.1756,3.31946040721144
2.1757,3.32029561249554
2.1758,3.32113111213041
2.1759,3.32196690623194
2.176,3.32280299491608
2.1761,3.3236393782988
2.1762,3.32447605649616
2.1763,3.32531302962423
2.1764,3.32615029779918
2.1765,3.32698786113719
2.1766,3.3278257197545
2.1767,3.32866387376743
2.1768,3.32950232329232
2.1769,3.33034106844558
2.177,3.33118010934365
2.1771,3.33201944610306
2.1772,3.33285907884034
2.1773,3.33369900767212
2.1774,3.33453923271506
2.1775,3.33537975408588
2.1776,3.33622057190133
2.1777,3.33706168627824
2.1778,3.33790309733348
2.1779,3.33874480518397
2.178,3.33958680994668
2.1781,3.34042911173865
2.1782,3.34127171067695
2.1783,3.34211460687871
2.1784,3.34295780046112
2.1785,3.34380129154142
2.1786,3.34464508023688
2.1787,3.34548916666485
2.1788,3.34633355094273
2.1789,3.34717823318795
2.179,3.34802321351802
2.1791,3.34886849205048
2.1792,3.34971406890294
2.1793,3.35055994419305
2.1794,3.35140611803852
2.1795,3.3522525905571
2.1796,3.35309936186662
2.1797,3.35394643208492
2.1798,3.35479380132994
2.1799,3.35564146971963
2.18,3.35648943737203
2.1801,3.3573377044052
2.1802,3.35818627093728
2.1803,3.35903513708644
2.1804,3.35988430297091
2.1805,3.36073376870899
2.1806,3.361583534419
2.1807,3.36243360021935
2.1808,3.36328396622847
2.1809,3.36413463256486
2.181,3.36498559934708
2.1811,3.36583686669371
2.1812,3.36668843472343
2.1813,3.36754030355493
2.1814,3.36839247330698
2.1815,3.36924494409839
2.1816,3.37009771604803
2.1817,3.37095078927481
2.1818,3.37180416389773
2.1819,3.37265784003579
2.182,3.37351181780808
2.1821,3.37436609733373
2.1822,3.37522067873193
2.1823,3.37607556212191
2.1824,3.37693074762297
2.1825,3.37778623535446
2.1826,3.37864202543577
2.1827,3.37949811798635
2.1828,3.38035451312572
2.1829,3.38121121097343
2.183,3.38206821164908
2.1831,3.38292551527236
2.1832,3.38378312196297
2.1833,3.38464103184069
2.1834,3.38549924502534
2.1835,3.38635776163681
2.1836,3.38721658179503
2.1837,3.38807570561998
2.1838,3.3889351332317
2.1839,3.38979486475029
2.184,3.3906549002959
2.1841,3.39151523998872
2.1842,3.39237588394902
2.1843,3.39323683229709
2.1844,3.39409808515331
2.1845,3.39495964263808
2.1846,3.39582150487188
2.1847,3.39668367197524
2.1848,3.39754614406872
2.1849,3.39840892127297
2.185,3.39927200370866
2.1851,3.40013539149653
2.1852,3.40099908475738
2.1853,3.40186308361206
2.1854,3.40272738818147
2.1855,3.40359199858655
2.1856,3.40445691494833
2.1857,3.40532213738787
2.1858,3.40618766602627
2.1859,3.40705350098472
2.186,3.40791964238444
2.1861,3.40878609034671
2.1862,3.40965284499286
2.1863,3.41051990644429
2.1864,3.41138727482243
2.1865,3.41225495024878
2.1866,3.4131229328449
2.1867,3.41399122273238
2.1868,3.4148598200329
2.1869,3.41572872486816
2.187,3.41659793735993
2.1871,3.41746745763004
2.1872,3.41833728580036
2.1873,3.41920742199282
2.1874,3.42007786632942
2.1875,3.4209486189322
2.1876,3.42181967992324
2.1877,3.4226910494247
2.1878,3.42356272755879
2.1879,3.42443471444777
2.188,3.42530701021395
2.1881,3.4261796149797
2.1882,3.42705252886744
2.1883,3.42792575199966
2.1884,3.42879928449889
2.1885,3.42967312648771
2.1886,3.43054727808877
2.1887,3.43142173942477
2.1888,3.43229651061847
2.1889,3.43317159179266
2.189,3.43404698307021
2.1891,3.43492268457405
2.1892,3.43579869642713
2.1893,3.4366750187525
2.1894,3.43755165167324
2.1895,3.43842859531248
2.1896,3.43930584979342
2.1897,3.44018341523931
2.1898,3.44106129177344
2.1899,3.44193947951919
2.19,3.44281797859996
2.1901,3.44369678913923
2.1902,3.44457591126051
2.1903,3.4454553450874
2.1904,3.44633509074352
2.1905,3.44721514835256
2.1906,3.44809551803827
2.1907,3.44897619992446
2.1908,3.44985719413498
2.1909,3.45073850079374
2.191,3.45162012002471
2.1911,3.45250205195192
2.1912,3.45338429669945
2.1913,3.45426685439142
2.1914,3.45514972515203
2.1915,3.45603290910553
2.1916,3.45691640637622
2.1917,3.45780021708845
2.1918,3.45868434136664
2.1919,3.45956877933526
2.192,3.46045353111883
2.1921,3.46133859684194
2.1922,3.46222397662921
2.1923,3.46310967060535
2.1924,3.4639956788951
2.1925,3.46488200162326
2.1926,3.46576863891469
2.1927,3.46665559089432
2.1928,3.46754285768711
2.1929,3.46843043941809
2.193,3.46931833621234
2.1931,3.47020654819501
2.1932,3.47109507549129
2.1933,3.47198391822644
2.1934,3.47287307652575
2.1935,3.4737625505146
2.1936,3.47465234031842
2.1937,3.47554244606266
2.1938,3.47643286787288
2.1939,3.47732360587465
2.194,3.47821466019363
2.1941,3.47910603095551
2.1942,3.47999771828606
2.1943,3.4808897223111
2.1944,3.48178204315648
2.1945,3.48267468094815
2.1946,3.48356763581208
2.1947,3.48446090787432
2.1948,3.48535449726096
2.1949,3.48624840409816
2.195,3.48714262851214
2.1951,3.48803717062914
2.1952,3.48893203057552
2.1953,3.48982720847763
2.1954,3.49072270446192
2.1955,3.49161851865489
2.1956,3.49251465118309
2.1957,3.49341110217312
2.1958,3.49430787175165
2.1959,3.4952049600454
2.196,3.49610236718115
2.1961,3.49700009328573
2.1962,3.49789813848604
2.1963,3.49879650290902
2.1964,3.49969518668169
2.1965,3.50059418993111
2.1966,3.50149351278439
2.1967,3.50239315536871
2.1968,3.50329311781131
2.1969,3.50419340023949
2.197,3.50509400278058
2.1971,3.505994925562
2.1972,3.50689616871121
2.1973,3.50779773235573
2.1974,3.50869961662313
2.1975,3.50960182164106
2.1976,3.5105043475372
2.1977,3.51140719443931
2.1978,3.51231036247518
2.1979,3.5132138517727
2.198,3.51411766245977
2.1981,3.51502179466438
2.1982,3.51592624851457
2.1983,3.51683102413842
2.1984,3.5177361216641
2.1985,3.51864154121981
2.1986,3.51954728293382
2.1987,3.52045334693445
2.1988,3.5213597333501
2.1989,3.52226644230918
2.199,3.52317347394022
2.1991,3.52408082837175
2.1992,3.5249885057324
2.1993,3.52589650615084
2.1994,3.52680482975579
2.1995,3.52771347667604
2.1996,3.52862244704044
2.1997,3.52953174097789
2.1998,3.53044135861735
2.1999,3.53135130008784
2.2,3.53226156551844
2.2001,3.53317215503828
2.2002,3.53408306877656
2.2003,3.53499430686252
2.2004,3.53590586942548
2.2005,3.53681775659479
2.2006,3.5377299684999
2.2007,3.53864250527028
2.2008,3.53955536703547
2.2009,3.54046855392508
2.201,3.54138206606876
2.2011,3.54229590359623
2.2012,3.54321006663727
2.2013,3.5441245553217
2.2014,3.54503936977943
2.2015,3.5459545101404
2.2016,3.54686997653461
2.2017,3.54778576909215
2.2018,3.54870188794313
2.2019,3.54961833321774
2.202,3.55053510504622
2.2021,3.55145220355887
2.2022,3.55236962888605
2.2023,3.55328738115819
2.2024,3.55420546050576
2.2025,3.5551238670593
2.2026,3.55604260094939
2.2027,3.55696166230671
2.2028,3.55788105126196
2.2029,3.5588007679459
2.203,3.55972081248938
2.2031,3.56064118502328
2.2032,3.56156188567854
2.2033,3.56248291458619
2.2034,3.56340427187727
2.2035,3.56432595768293
2.2036,3.56524797213434
2.2037,3.56617031536274
2.2038,3.56709298749944
2.2039,3.56801598867581
2.204,3.56893931902325
2.2041,3.56986297867325
2.2042,3.57078696775736
2.2043,3.57171128640716
2.2044,3.57263593475432
2.2045,3.57356091293056
2.2046,3.57448622106764
2.2047,3.57541185929741
2.2048,3.57633782775176
2.2049,3.57726412656265
2.205,3.57819075586209
2.2051,3.57911771578215
2.2052,3.58004500645497
2.2053,3.58097262801273
2.2054,3.5819005805877
2.2055,3.58282886431218
2.2056,3.58375747931855
2.2057,3.58468642573923
2.2058,3.58561570370672
2.2059,3.58654531335356
2.206,3.58747525481238
2.2061,3.58840552821583
2.2062,3.58933613369665
2.2063,3.59026707138762
2.2064,3.59119834142161
2.2065,3.5921299439315
2.2066,3.59306187905029
2.2067,3.59399414691098
2.2068,3.59492674764668
2.2069,3.59585968139054
2.207,3.59679294827575
2.2071,3.5977265484356
2.2072,3.5986604820034
2.2073,3.59959474911256
2.2074,3.60052934989652
2.2075,3.60146428448878
2.2076,3.60239955302293
2.2077,3.60333515563258
2.2078,3.60427109245144
2.2079,3.60520736361325
2.208,3.60614396925182
2.2081,3.60708090950103
2.2082,3.60801818449481
2.2083,3.60895579436715
2.2084,3.6098937392521
2.2085,3.61083201928377
2.2086,3.61177063459635
2.2087,3.61270958532406
2.2088,3.6136488716012
2.2089,3.61458849356213
2.209,3.61552845134126
2.2091,3.61646874507307
2.2092,3.6174093748921
2.2093,3.61835034093294
2.2094,3.61929164333026
2.2095,3.62023328221877
2.2096,3.62117525773325
2.2097,3.62211757000856
2.2098,3.62306021917958
2.2099,3.62400320538128
2.21,3.62494652874869
2.2101,3.62589018941689
2.2102,3.62683418752103
2.2103,3.62777852319632
2.2104,3.62872319657802
2.2105,3.62966820780147
2.2106,3.63061355700205
2.2107,3.63155924431522
2.2108,3.63250526987648
2.2109,3.63345163382142
2.211,3.63439833628567
2.2111,3.63534537740493
2.2112,3.63629275731495
2.2113,3.63724047615155
2.2114,3.63818853405061
2.2115,3.63913693114808
2.2116,3.64008566757996
2.2117,3.64103474348231
2.2118,3.64198415899125
2.2119,3.64293391424299
2.212,3.64388400937376
2.2121,3.64483444451988
2.2122,3.64578521981772
2.2123,3.64673633540371
2.2124,3.64768779141435
2.2125,3.6486395879862
2.2126,3.64959172525588
2.2127,3.65054420336006
2.2128,3.6514970224355
2.2129,3.65245018261899
2.213,3.6534036840474
2.2131,3.65435752685767
2.2132,3.65531171118677
2.2133,3.65626623717176
2.2134,3.65722110494977
2.2135,3.65817631465795
2.2136,3.65913186643356
2.2137,3.66008776041388
2.2138,3.66104399673629
2.2139,3.66200057553821
2.214,3.66295749695712
2.2141,3.66391476113057
2.2142,3.66487236819618
2.2143,3.66583031829161
2.2144,3.66678861155461
2.2145,3.66774724812296
2.2146,3.66870622813454
2.2147,3.66966555172726
2.2148,3.6706252190391
2.2149,3.67158523020812
2.215,3.67254558537243
2.2151,3.67350628467019
2.2152,3.67446732823964
2.2153,3.67542871621908
2.2154,3.67639044874686
2.2155,3.67735252596142
2.2156,3.67831494800124
2.2157,3.67927771500485
2.2158,3.68024082711088
2.2159,3.681204284458
2.216,3.68216808718494
2.2161,3.6831322354305
2.2162,3.68409672933355
2.2163,3.685061569033
2.2164,3.68602675466785
2.2165,3.68699228637715
2.2166,3.6879581643
2.2167,3.68892438857558
2.2168,3.68989095934314
2.2169,3.69085787674198
2.217,3.69182514091146
2.2171,3.692792751991
2.2172,3.69376071012011
2.2173,3.69472901543833
2.2174,3.69569766808529
2.2175,3.69666666820066
2.2176,3.69763601592419
2.2177,3.69860571139569
2.2178,3.69957575475503
2.2179,3.70054614614214
2.218,3.70151688569702
2.2181,3.70248797355974
2.2182,3.70345940987041
2.2183,3.70443119476922
2.2184,3.70540332839643
2.2185,3.70637581089235
2.2186,3.70734864239736
2.2187,3.7083218230519
2.2188,3.70929535299649
2.2189,3.71026923237168
2.219,3.71124346131811
2.2191,3.71221803997648
2.2192,3.71319296848754
2.2193,3.71416824699213
2.2194,3.71514387563114
2.2195,3.7161198545455
2.2196,3.71709618387625
2.2197,3.71807286376446
2.2198,3.71904989435128
2.2199,3.72002727577791
2.22,3.72100500818562
2.2201,3.72198309171575
2.2202,3.72296152650971
2.2203,3.72394031270895
2.2204,3.72491945045501
2.2205,3.72589893988947
2.2206,3.72687878115401
2.2207,3.72785897439032
2.2208,3.72883951974021
2.2209,3.72982041734552
2.221,3.73080166734816
2.2211,3.73178326989012
2.2212,3.73276522511343
2.2213,3.73374753316021
2.2214,3.73473019417262
2.2215,3.7357132082929
2.2216,3.73669657566336
2.2217,3.73768029642635
2.2218,3.73866437072431
2.2219,3.73964879869973
2.222,3.74063358049517
2.2221,3.74161871625326
2.2222,3.74260420611668
2.2223,3.74359005022819
2.2224,3.7445762487306
2.2225,3.7455628017668
2.2226,3.74654970947973
2.2227,3.74753697201242
2.2228,3.74852458950792
2.2229,3.7495125621094
2.223,3.75050088996005
2.2231,3.75148957320315
2.2232,3.75247861198204
2.2233,3.75346800644011
2.2234,3.75445775672084
2.2235,3.75544786296775
2.2236,3.75643832532445
2.2237,3.75742914393461
2.2238,3.75842031894193
2.2239,3.75941185049023
2.224,3.76040373872337
2.2241,3.76139598378525
2.2242,3.76238858581988
2.2243,3.76338154497131
2.2244,3.76437486138366
2.2245,3.76536853520112
2.2246,3.76636256656793
2.2247,3.76735695562842
2.2248,3.76835170252697
2.2249,3.76934680740802
2.225,3.7703422704161
2.2251,3.77133809169577
2.2252,3.77233427139168
2.2253,3.77333080964856
2.2254,3.77432770661116
2.2255,3.77532496242433
2.2256,3.77632257723299
2.2257,3.7773205511821
2.2258,3.7783188844167
2.2259,3.77931757708191
2.226,3.78031662932289
2.2261,3.78131604128488
2.2262,3.78231581311318
2.2263,3.78331594495317
2.2264,3.78431643695028
2.2265,3.78531728925001
2.2266,3.78631850199793
2.2267,3.78732007533968
2.2268,3.78832200942095
2.2269,3.78932430438751
2.227,3.79032696038519
2.2271,3.7913299775599
2.2272,3.7923333560576
2.2273,3.79333709602432
2.2274,3.79434119760616
2.2275,3.79534566094929
2.2276,3.79635048619993
2.2277,3.79735567350439
2.2278,3.79836122300902
2.2279,3.79936713486027
2.228,3.80037340920462
2.2281,3.80138004618864
2.2282,3.80238704595897
2.2283,3.8033944086623
2.2284,3.80440213444539
2.2285,3.80541022345507
2.2286,3.80641867583825
2.2287,3.80742749174189
2.2288,3.80843667131302
2.2289,3.80944621469873
2.229,3.8104561220462
2.2291,3.81146639350266
2.2292,3.8124770292154
2.2293,3.81348802933179
2.2294,3.81449939399926
2.2295,3.81551112336533
2.2296,3.81652321757754
2.2297,3.81753567678355
2.2298,3.81854850113104
2.2299,3.8195616907678
2.23,3.82057524584165
2.2301,3.8215891665005
2.2302,3.82260345289232
2.2303,3.82361810516516
2.2304,3.82463312346711
2.2305,3.82564850794635
2.2306,3.82666425875113
2.2307,3.82768037602974
2.2308,3.82869685993057
2.2309,3.82971371060206
2.231,3.83073092819272
2.2311,3.83174851285112
2.2312,3.83276646472593
2.2313,3.83378478396584
2.2314,3.83480347071964
2.2315,3.83582252513619
2.2316,3.83684194736439
2.2317,3.83786173755324
2.2318,3.83888189585179
2.2319,3.83990242240915
2.232,3.84092331737453
2.2321,3.84194458089717
2.2322,3.84296621312639
2.2323,3.84398821421161
2.2324,3.84501058430226
2.2325,3.84603332354789
2.2326,3.8470564320981
2.2327,3.84807991010253
2.2328,3.84910375771094
2.2329,3.85012797507312
2.233,3.85115256233894
2.2331,3.85217751965835
2.2332,3.85320284718134
2.2333,3.854228545058
2.2334,3.85525461343847
2.2335,3.85628105247295
2.2336,3.85730786231174
2.2337,3.85833504310518
2.2338,3.85936259500368
2.2339,3.86039051815774
2.234,3.86141881271791
2.2341,3.86244747883481
2.2342,3.86347651665913
2.2343,3.86450592634164
2.2344,3.86553570803316
2.2345,3.8665658618846
2.2346,3.86759638804692
2.2347,3.86862728667116
2.2348,3.86965855790842
2.2349,3.87069020190988
2.235,3.87172221882678
2.2351,3.87275460881043
2.2352,3.87378737201221
2.2353,3.87482050858358
2.2354,3.87585401867604
2.2355,3.8768879024412
2.2356,3.87792216003071
2.2357,3.8789567915963
2.2358,3.87999179728975
2.2359,3.88102717726294
2.236,3.8820629316678
2.2361,3.88309906065634
2.2362,3.88413556438063
2.2363,3.8851724429928
2.2364,3.88620969664508
2.2365,3.88724732548975
2.2366,3.88828532967915
2.2367,3.8893237093657
2.2368,3.89036246470191
2.2369,3.89140159584032
2.237,3.89244110293357
2.2371,3.89348098613435
2.2372,3.89452124559543
2.2373,3.89556188146966
2.2374,3.89660289390994
2.2375,3.89764428306925
2.2376,3.89868604910063
2.2377,3.89972819215722
2.2378,3.90077071239218
2.2379,3.90181360995879
2.238,3.90285688501037
2.2381,3.90390053770031
2.2382,3.90494456818209
2.2383,3.90598897660924
2.2384,3.90703376313537
2.2385,3.90807892791417
2.2386,3.90912447109937
2.2387,3.9101703928448
2.2388,3.91121669330435
2.2389,3.91226337263197
2.239,3.9133104309817
2.2391,3.91435786850764
2.2392,3.91540568536395
2.2393,3.91645388170489
2.2394,3.91750245768475
2.2395,3.91855141345792
2.2396,3.91960074917886
2.2397,3.92065046500209
2.2398,3.92170056108219
2.2399,3.92275103757384
2.24,3.92380189463177
2.2401,3.92485313241079
2.2402,3.92590475106577
2.2403,3.92695675075166
2.2404,3.92800913162349
2.2405,3.92906189383633
2.2406,3.93011503754535
2.2407,3.93116856290578
2.2408,3.93222247007292
2.2409,3.93327675920215
2.241,3.9343314304489
2.2411,3.9353864839687
2.2412,3.93644191991714
2.2413,3.93749773844986
2.2414,3.9385539397226
2.2415,3.93961052389116
2.2416,3.9406674911114
2.2417,3.94172484153928
2.2418,3.9427825753308
2.2419,3.94384069264205
2.242,3.94489919362919
2.2421,3.94595807844844
2.2422,3.94701734725611
2.2423,3.94807700020857
2.2424,3.94913703746225
2.2425,3.95019745917367
2.2426,3.95125826549942
2.2427,3.95231945659616
2.2428,3.95338103262061
2.2429,3.95444299372958
2.243,3.95550534007994
2.2431,3.95656807182862
2.2432,3.95763118913266
2.2433,3.95869469214913
2.2434,3.9597585810352
2.2435,3.9608228559481
2.2436,3.96188751704513
2.2437,3.96295256448367
2.2438,3.96401799842117
2.2439,3.96508381901514
2.244,3.96615002642318
2.2441,3.96721662080296
2.2442,3.96828360231221
2.2443,3.96935097110873
2.2444,3.97041872735042
2.2445,3.97148687119522
2.2446,3.97255540280116
2.2447,3.97362432232633
2.2448,3.97469362992892
2.2449,3.97576332576716
2.245,3.97683340999936
2.2451,3.97790388278391
2.2452,3.97897474427929
2.2453,3.980045994644
2.2454,3.98111763403668
2.2455,3.98218966261598
2.2456,3.98326208054067
2.2457,3.98433488796956
2.2458,3.98540808506156
2.2459,3.98648167197563
2.246,3.98755564887082
2.2461,3.98863001590624
2.2462,3.98970477324108
2.2463,3.99077992103459
2.2464,3.99185545944612
2.2465,3.99293138863508
2.2466,3.99400770876093
2.2467,3.99508441998324
2.2468,3.99616152246163
2.2469,3.99723901635581
2.247,3.99831690182553
2.2471,3.99939517903066
2.2472,4.0004738481311
2.2473,4.00155290928685
2.2474,4.00263236265798
2.2475,4.00371220840463
2.2476,4.00479244668701
2.2477,4.0058730776654
2.2478,4.00695410150017
2.2479,4.00803551835174
2.248,4.00911732838064
2.2481,4.01019953174743
2.2482,4.01128212861277
2.2483,4.01236511913739
2.2484,4.01344850348208
2.2485,4.01453228180773
2.2486,4.01561645427529
2.2487,4.01670102104577
2.2488,4.01778598228027
2.2489,4.01887133813998
2.249,4.01995708878612
2.2491,4.02104323438002
2.2492,4.02212977508307
2.2493,4.02321671105674
2.2494,4.02430404246256
2.2495,4.02539176946217
2.2496,4.02647989221723
2.2497,4.02756841088952
2.2498,4.02865732564087
2.2499,4.0297466366332
2.25,4.03083634402849
2.2501,4.0319264479888
2.2502,4.03301694867627
2.2503,4.0341078462531
2.2504,4.03519914088158
2.2505,4.03629083272408
2.2506,4.03738292194301
2.2507,4.0384754087009
2.2508,4.03956829316031
2.2509,4.04066157548391
2.251,4.04175525583444
2.2511,4.04284933437469
2.2512,4.04394381126755
2.2513,4.04503868667597
2.2514,4.04613396076298
2.2515,4.04722963369169
2.2516,4.04832570562529
2.2517,4.04942217672701
2.2518,4.0505190471602
2.2519,4.05161631708826
2.252,4.05271398667467
2.2521,4.05381205608299
2.2522,4.05491052547684
2.2523,4.05600939501993
2.2524,4.05710866487604
2.2525,4.05820833520904
2.2526,4.05930840618284
2.2527,4.06040887796147
2.2528,4.06150975070899
2.2529,4.06261102458957
2.253,4.06371269976745
2.2531,4.06481477640692
2.2532,4.06591725467237
2.2533,4.06702013472827
2.2534,4.06812341673915
2.2535,4.06922710086962
2.2536,4.07033118728436
2.2537,4.07143567614813
2.2538,4.07254056762579
2.2539,4.07364586188223
2.254,4.07475155908245
2.2541,4.07585765939152
2.2542,4.07696416297458
2.2543,4.07807106999683
2.2544,4.07917838062359
2.2545,4.08028609502021
2.2546,4.08139421335213
2.2547,4.0825027357849
2.2548,4.08361166248409
2.2549,4.08472099361538
2.255,4.08583072934453
2.2551,4.08694086983735
2.2552,4.08805141525976
2.2553,4.08916236577773
2.2554,4.09027372155731
2.2555,4.09138548276464
2.2556,4.09249764956593
2.2557,4.09361022212745
2.2558,4.09472320061558
2.2559,4.09583658519674
2.256,4.09695037603746
2.2561,4.09806457330432
2.2562,4.09917917716398
2.2563,4.1002941877832
2.2564,4.1014096053288
2.2565,4.10252542996766
2.2566,4.10364166186677
2.2567,4.10475830119318
2.2568,4.10587534811401
2.2569,4.10699280279647
2.257,4.10811066540785
2.2571,4.10922893611549
2.2572,4.11034761508684
2.2573,4.11146670248941
2.2574,4.11258619849078
2.2575,4.11370610325864
2.2576,4.11482641696071
2.2577,4.11594713976483
2.2578,4.11706827183889
2.2579,4.11818981335087
2.258,4.11931176446883
2.2581,4.12043412536088
2.2582,4.12155689619525
2.2583,4.12268007714022
2.2584,4.12380366836416
2.2585,4.12492767003549
2.2586,4.12605208232275
2.2587,4.12717690539453
2.2588,4.1283021394195
2.2589,4.12942778456642
2.259,4.13055384100411
2.2591,4.13168030890147
2.2592,4.13280718842751
2.2593,4.13393447975127
2.2594,4.13506218304191
2.2595,4.13619029846863
2.2596,4.13731882620073
2.2597,4.1384477664076
2.2598,4.13957711925868
2.2599,4.1407068849235
2.26,4.14183706357167
2.2601,4.14296765537288
2.2602,4.1440986604969
2.2603,4.14523007911357
2.2604,4.1463619113928
2.2605,4.14749415750461
2.2606,4.14862681761907
2.2607,4.14975989190633
2.2608,4.15089338053664
2.2609,4.1520272836803
2.261,4.15316160150771
2.2611,4.15429633418934
2.2612,4.15543148189574
2.2613,4.15656704479754
2.2614,4.15770302306545
2.2615,4.15883941687024
2.2616,4.15997622638279
2.2617,4.16111345177404
2.2618,4.16225109321501
2.2619,4.16338915087681
2.262,4.1645276249306
2.2621,4.16566651554766
2.2622,4.16680582289931
2.2623,4.16794554715698
2.2624,4.16908568849216
2.2625,4.17022624707642
2.2626,4.17136722308143
2.2627,4.17250861667891
2.2628,4.17365042804068
2.2629,4.17479265733863
2.263,4.17593530474474
2.2631,4.17707837043104
2.2632,4.17822185456967
2.2633,4.17936575733285
2.2634,4.18051007889286
2.2635,4.18165481942206
2.2636,4.18279997909292
2.2637,4.18394555807795
2.2638,4.18509155654976
2.2639,4.18623797468104
2.264,4.18738481264456
2.2641,4.18853207061316
2.2642,4.18967974875977
2.2643,4.1908278472574
2.2644,4.19197636627912
2.2645,4.19312530599812
2.2646,4.19427466658763
2.2647,4.19542444822098
2.2648,4.19657465107158
2.2649,4.19772527531291
2.265,4.19887632111854
2.2651,4.20002778866211
2.2652,4.20117967811736
2.2653,4.20233198965809
2.2654,4.20348472345818
2.2655,4.2046378796916
2.2656,4.20579145853241
2.2657,4.20694546015472
2.2658,4.20809988473276
2.2659,4.2092547324408
2.266,4.21041000345322
2.2661,4.21156569794447
2.2662,4.21272181608907
2.2663,4.21387835806165
2.2664,4.21503532403689
2.2665,4.21619271418956
2.2666,4.21735052869453
2.2667,4.21850876772671
2.2668,4.21966743146114
2.2669,4.2208265200729
2.267,4.22198603373717
2.2671,4.22314597262922
2.2672,4.22430633692437
2.2673,4.22546712679805
2.2674,4.22662834242577
2.2675,4.2277899839831
2.2676,4.2289520516457
2.2677,4.23011454558933
2.2678,4.23127746598981
2.2679,4.23244081302304
2.268,4.23360458686502
2.2681,4.23476878769181
2.2682,4.23593341567957
2.2683,4.23709847100454
2.2684,4.23826395384301
2.2685,4.2394298643714
2.2686,4.24059620276617
2.2687,4.24176296920389
2.2688,4.2429301638612
2.2689,4.24409778691482
2.269,4.24526583854156
2.2691,4.2464343189183
2.2692,4.247603228222
2.2693,4.24877256662973
2.2694,4.2499423343186
2.2695,4.25111253146584
2.2696,4.25228315824874
2.2697,4.25345421484469
2.2698,4.25462570143113
2.2699,4.25579761818561
2.27,4.25696996528576
2.2701,4.25814274290929
2.2702,4.25931595123397
2.2703,4.26048959043769
2.2704,4.26166366069839
2.2705,4.26283816219411
2.2706,4.26401309510297
2.2707,4.26518845960317
2.2708,4.266364255873
2.2709,4.26754048409081
2.271,4.26871714443506
2.2711,4.26989423708427
2.2712,4.27107176221707
2.2713,4.27224972001214
2.2714,4.27342811064827
2.2715,4.27460693430432
2.2716,4.27578619115923
2.2717,4.27696588139203
2.2718,4.27814600518182
2.2719,4.27932656270781
2.272,4.28050755414927
2.2721,4.28168897968556
2.2722,4.28287083949611
2.2723,4.28405313376047
2.2724,4.28523586265823
2.2725,4.28641902636909
2.2726,4.28760262507282
2.2727,4.28878665894928
2.2728,4.28997112817842
2.2729,4.29115603294025
2.273,4.29234137341489
2.2731,4.29352714978253
2.2732,4.29471336222344
2.2733,4.29590001091799
2.2734,4.29708709604661
2.2735,4.29827461778984
2.2736,4.29946257632828
2.2737,4.30065097184262
2.2738,4.30183980451365
2.2739,4.30302907452222
2.274,4.30421878204928
2.2741,4.30540892727586
2.2742,4.30659951038307
2.2743,4.30779053155211
2.2744,4.30898199096426
2.2745,4.31017388880088
2.2746,4.31136622524343
2.2747,4.31255900047343
2.2748,4.31375221467251
2.2749,4.31494586802236
2.275,4.31613996070478
2.2751,4.31733449290162
2.2752,4.31852946479485
2.2753,4.31972487656651
2.2754,4.32092072839871
2.2755,4.32211702047367
2.2756,4.32331375297367
2.2757,4.3245109260811
2.2758,4.32570853997842
2.2759,4.32690659484816
2.276,4.32810509087297
2.2761,4.32930402823556
2.2762,4.33050340711872
2.2763,4.33170322770535
2.2764,4.33290349017841
2.2765,4.33410419472096
2.2766,4.33530534151614
2.2767,4.33650693074717
2.2768,4.33770896259737
2.2769,4.33891143725012
2.277,4.34011435488892
2.2771,4.34131771569732
2.2772,4.34252151985897
2.2773,4.34372576755761
2.2774,4.34493045897705
2.2775,4.34613559430122
2.2776,4.34734117371409
2.2777,4.34854719739975
2.2778,4.34975366554235
2.2779,4.35096057832615
2.278,4.35216793593548
2.2781,4.35337573855475
2.2782,4.35458398636848
2.2783,4.35579267956126
2.2784,4.35700181831775
2.2785,4.35821140282273
2.2786,4.35942143326103
2.2787,4.3606319098176
2.2788,4.36184283267745
2.2789,4.36305420202569
2.279,4.36426601804751
2.2791,4.36547828092818
2.2792,4.36669099085308
2.2793,4.36790414800765
2.2794,4.36911775257742
2.2795,4.37033180474802
2.2796,4.37154630470516
2.2797,4.37276125263464
2.2798,4.37397664872232
2.2799,4.37519249315418
2.28,4.37640878611627
2.2801,4.37762552779474
2.2802,4.37884271837581
2.2803,4.38006035804579
2.2804,4.38127844699108
2.2805,4.38249698539818
2.2806,4.38371597345365
2.2807,4.38493541134415
2.2808,4.38615529925643
2.2809,4.38737563737732
2.281,4.38859642589374
2.2811,4.3898176649927
2.2812,4.3910393548613
2.2813,4.39226149568672
2.2814,4.39348408765621
2.2815,4.39470713095715
2.2816,4.39593062577697
2.2817,4.3971545723032
2.2818,4.39837897072345
2.2819,4.39960382122544
2.282,4.40082912399695
2.2821,4.40205487922586
2.2822,4.40328108710014
2.2823,4.40450774780784
2.2824,4.4057348615371
2.2825,4.40696242847615
2.2826,4.4081904488133
2.2827,4.40941892273697
2.2828,4.41064785043564
2.2829,4.41187723209789
2.283,4.41310706791238
2.2831,4.41433735806788
2.2832,4.41556810275322
2.2833,4.41679930215734
2.2834,4.41803095646925
2.2835,4.41926306587805
2.2836,4.42049563057296
2.2837,4.42172865074323
2.2838,4.42296212657826
2.2839,4.42419605826748
2.284,4.42543044600046
2.2841,4.42666528996682
2.2842,4.42790059035629
2.2843,4.42913634735868
2.2844,4.43037256116389
2.2845,4.4316092319619
2.2846,4.4328463599428
2.2847,4.43408394529675
2.2848,4.435321988214
2.2849,4.4365604888849
2.285,4.43779944749987
2.2851,4.43903886424944
2.2852,4.44027873932421
2.2853,4.44151907291488
2.2854,4.44275986521224
2.2855,4.44400111640716
2.2856,4.44524282669061
2.2857,4.44648499625363
2.2858,4.44772762528738
2.2859,4.44897071398308
2.286,4.45021426253205
2.2861,4.4514582711257
2.2862,4.45270273995552
2.2863,4.45394766921311
2.2864,4.45519305909014
2.2865,4.45643890977838
2.2866,4.45768522146968
2.2867,4.45893199435599
2.2868,4.46017922862934
2.2869,4.46142692448185
2.287,4.46267508210574
2.2871,4.46392370169331
2.2872,4.46517278343695
2.2873,4.46642232752915
2.2874,4.46767233416247
2.2875,4.46892280352958
2.2876,4.47017373582323
2.2877,4.47142513123626
2.2878,4.4726769899616
2.2879,4.47392931219227
2.288,4.47518209812138
2.2881,4.47643534794214
2.2882,4.47768906184783
2.2883,4.47894324003184
2.2884,4.48019788268764
2.2885,4.48145299000878
2.2886,4.48270856218893
2.2887,4.48396459942182
2.2888,4.48522110190129
2.2889,4.48647806982126
2.289,4.48773550337573
2.2891,4.48899340275883
2.2892,4.49025176816473
2.2893,4.49151059978774
2.2894,4.49276989782221
2.2895,4.49402966246262
2.2896,4.49528989390352
2.2897,4.49655059233957
2.2898,4.4978117579655
2.2899,4.49907339097614
2.29,4.50033549156641
2.2901,4.50159805993133
2.2902,4.50286109626599
2.2903,4.50412460076558
2.2904,4.5053885736254
2.2905,4.50665301504082
2.2906,4.5079179252073
2.2907,4.50918330432041
2.2908,4.51044915257579
2.2909,4.51171547016918
2.291,4.51298225729642
2.2911,4.51424951415342
2.2912,4.51551724093622
2.2913,4.5167854378409
2.2914,4.51805410506367
2.2915,4.51932324280082
2.2916,4.52059285124873
2.2917,4.52186293060387
2.2918,4.52313348106281
2.2919,4.52440450282221
2.292,4.52567599607881
2.2921,4.52694796102945
2.2922,4.52822039787106
2.2923,4.52949330680068
2.2924,4.53076668801541
2.2925,4.53204054171247
2.2926,4.53331486808915
2.2927,4.53458966734285
2.2928,4.53586493967105
2.2929,4.53714068527133
2.293,4.53841690434136
2.2931,4.5396935970789
2.2932,4.54097076368181
2.2933,4.54224840434802
2.2934,4.54352651927559
2.2935,4.54480510866263
2.2936,4.54608417270738
2.2937,4.54736371160816
2.2938,4.54864372556336
2.2939,4.54992421477151
2.294,4.55120517943118
2.2941,4.55248661974106
2.2942,4.55376853589995
2.2943,4.55505092810671
2.2944,4.5563337965603
2.2945,4.5576171414598
2.2946,4.55890096300434
2.2947,4.56018526139318
2.2948,4.56147003682566
2.2949,4.5627552895012
2.295,4.56404101961934
2.2951,4.56532722737968
2.2952,4.56661391298195
2.2953,4.56790107662595
2.2954,4.56918871851158
2.2955,4.57047683883883
2.2956,4.57176543780778
2.2957,4.57305451561862
2.2958,4.57434407247161
2.2959,4.57563410856714
2.296,4.57692462410565
2.2961,4.5782156192877
2.2962,4.57950709431394
2.2963,4.58079904938511
2.2964,4.58209148470205
2.2965,4.58338440046568
2.2966,4.58467779687703
2.2967,4.58597167413722
2.2968,4.58726603244746
2.2969,4.58856087200905
2.297,4.58985619302341
2.2971,4.59115199569201
2.2972,4.59244828021645
2.2973,4.59374504679842
2.2974,4.59504229563968
2.2975,4.59634002694212
2.2976,4.5976382409077
2.2977,4.59893693773848
2.2978,4.60023611763662
2.2979,4.60153578080437
2.298,4.60283592744407
2.2981,4.60413655775816
2.2982,4.60543767194919
2.2983,4.60673927021977
2.2984,4.60804135277263
2.2985,4.60934391981058
2.2986,4.61064697153656
2.2987,4.61195050815355
2.2988,4.61325452986468
2.2989,4.61455903687313
2.299,4.6158640293822
2.2991,4.61716950759529
2.2992,4.61847547171587
2.2993,4.61978192194753
2.2994,4.62108885849394
2.2995,4.62239628155887
2.2996,4.6237041913462
2.2997,4.62501258805988
2.2998,4.62632147190397
2.2999,4.62763084308262
2.3,4.62894070180009
2.3001,4.63025104826071
2.3002,4.63156188266893
2.3003,4.63287320522929
2.3004,4.63418501614641
2.3005,4.63549731562502
2.3006,4.63681010386995
2.3007,4.63812338108612
2.3008,4.63943714747854
2.3009,4.64075140325233
2.301,4.64206614861269
2.3011,4.64338138376494
2.3012,4.64469710891446
2.3013,4.64601332426676
2.3014,4.64733003002743
2.3015,4.64864722640216
2.3016,4.64996491359674
2.3017,4.65128309181704
2.3018,4.65260176126905
2.3019,4.65392092215885
2.302,4.6552405746926
2.3021,4.65656071907658
2.3022,4.65788135551714
2.3023,4.65920248422076
2.3024,4.66052410539399
2.3025,4.66184621924349
2.3026,4.66316882597601
2.3027,4.6644919257984
2.3028,4.66581551891761
2.3029,4.66713960554068
2.303,4.66846418587475
2.3031,4.66978926012707
2.3032,4.67111482850497
2.3033,4.67244089121587
2.3034,4.67376744846732
2.3035,4.67509450046694
2.3036,4.67642204742246
2.3037,4.67775008954169
2.3038,4.67907862703255
2.3039,4.68040766010308
2.304,4.68173718896137
2.3041,4.68306721381565
2.3042,4.68439773487422
2.3043,4.6857287523455
2.3044,4.68706026643799
2.3045,4.68839227736029
2.3046,4.68972478532111
2.3047,4.69105779052925
2.3048,4.6923912931936
2.3049,4.69372529352316
2.305,4.69505979172703
2.3051,4.6963947880144
2.3052,4.69773028259456
2.3053,4.6990662756769
2.3054,4.7004027674709
2.3055,4.70173975818616
2.3056,4.70307724803235
2.3057,4.70441523721926
2.3058,4.70575372595676
2.3059,4.70709271445485
2.306,4.7084322029236
2.3061,4.70977219157318
2.3062,4.71111268061387
2.3063,4.71245367025605
2.3064,4.71379516071018
2.3065,4.71513715218685
2.3066,4.71647964489672
2.3067,4.71782263905056
2.3068,4.71916613485924
2.3069,4.72051013253373
2.307,4.7218546322851
2.3071,4.72319963432452
2.3072,4.72454513886324
2.3073,4.72589114611264
2.3074,4.72723765628419
2.3075,4.72858466958943
2.3076,4.72993218624004
2.3077,4.73128020644779
2.3078,4.73262873042452
2.3079,4.73397775838222
2.308,4.73532729053292
2.3081,4.73667732708881
2.3082,4.73802786826213
2.3083,4.73937891426525
2.3084,4.74073046531063
2.3085,4.74208252161083
2.3086,4.74343508337851
2.3087,4.74478815082644
2.3088,4.74614172416746
2.3089,4.74749580361455
2.309,4.74885038938077
2.3091,4.75020548167927
2.3092,4.75156108072332
2.3093,4.75291718672627
2.3094,4.7542737999016
2.3095,4.75563092046285
2.3096,4.7569885486237
2.3097,4.75834668459791
2.3098,4.75970532859934
2.3099,4.76106448084196
2.31,4.76242414153983
2.3101,4.76378431090712
2.3102,4.7651449891581
2.3103,4.76650617650712
2.3104,4.76786787316867
2.3105,4.76923007935731
2.3106,4.77059279528771
2.3107,4.77195602117464
2.3108,4.77331975723297
2.3109,4.77468400367768
2.311,4.77604876072385
2.3111,4.77741402858664
2.3112,4.77877980748134
2.3113,4.78014609762332
2.3114,4.78151289922807
2.3115,4.78288021251116
2.3116,4.78424803768828
2.3117,4.78561637497521
2.3118,4.78698522458784
2.3119,4.78835458674216
2.312,4.78972446165425
2.3121,4.7910948495403
2.3122,4.79246575061662
2.3123,4.79383716509958
2.3124,4.7952090932057
2.3125,4.79658153515157
2.3126,4.79795449115388
2.3127,4.79932796142945
2.3128,4.80070194619517
2.3129,4.80207644566806
2.313,4.80345146006522
2.3131,4.80482698960387
2.3132,4.80620303450131
2.3133,4.80757959497497
2.3134,4.80895667124236
2.3135,4.8103342635211
2.3136,4.81171237202892
2.3137,4.81309099698365
2.3138,4.81447013860321
2.3139,4.81584979710563
2.314,4.81722997270905
2.3141,4.8186106656317
2.3142,4.81999187609193
2.3143,4.82137360430818
2.3144,4.822755850499
2.3145,4.82413861488303
2.3146,4.82552189767902
2.3147,4.82690569910584
2.3148,4.82829001938243
2.3149,4.82967485872787
2.315,4.83106021736131
2.3151,4.83244609550202
2.3152,4.83383249336938
2.3153,4.83521941118286
2.3154,4.83660684916203
2.3155,4.83799480752659
2.3156,4.8393832864963
2.3157,4.84077228629108
2.3158,4.8421618071309
2.3159,4.84355184923586
2.316,4.84494241282616
2.3161,4.84633349812212
2.3162,4.84772510534413
2.3163,4.8491172347127
2.3164,4.85050988644846
2.3165,4.85190306077212
2.3166,4.85329675790452
2.3167,4.85469097806657
2.3168,4.85608572147931
2.3169,4.85748098836387
2.317,4.85887677894151
2.3171,4.86027309343355
2.3172,4.86166993206147
2.3173,4.8630672950468
2.3174,4.86446518261121
2.3175,4.86586359497646
2.3176,4.86726253236442
2.3177,4.86866199499707
2.3178,4.87006198309648
2.3179,4.87146249688483
2.318,4.87286353658442
2.3181,4.87426510241764
2.3182,4.87566719460697
2.3183,4.87706981337503
2.3184,4.87847295894453
2.3185,4.87987663153827
2.3186,4.88128083137917
2.3187,4.88268555869027
2.3188,4.88409081369467
2.3189,4.88549659661563
2.319,4.88690290767647
2.3191,4.88830974710065
2.3192,4.88971711511171
2.3193,4.89112501193332
2.3194,4.89253343778922
2.3195,4.89394239290329
2.3196,4.89535187749951
2.3197,4.89676189180195
2.3198,4.89817243603479
2.3199,4.89958351042234
2.32,4.90099511518897
2.3201,4.9024072505592
2.3202,4.90381991675764
2.3203,4.90523311400899
2.3204,4.90664684253808
2.3205,4.90806110256985
2.3206,4.90947589432931
2.3207,4.91089121804162
2.3208,4.91230707393201
2.3209,4.91372346222585
2.321,4.91514038314858
2.3211,4.91655783692577
2.3212,4.91797582378311
2.3213,4.91939434394635
2.3214,4.9208133976414
2.3215,4.92223298509424
2.3216,4.92365310653098
2.3217,4.92507376217781
2.3218,4.92649495226106
2.3219,4.92791667700714
2.322,4.92933893664258
2.3221,4.93076173139402
2.3222,4.93218506148819
2.3223,4.93360892715195
2.3224,4.93503332861225
2.3225,4.93645826609615
2.3226,4.93788373983083
2.3227,4.93930975004356
2.3228,4.94073629696172
2.3229,4.94216338081282
2.323,4.94359100182445
2.3231,4.94501916022432
2.3232,4.94644785624025
2.3233,4.94787709010015
2.3234,4.94930686203207
2.3235,4.95073717226414
2.3236,4.95216802102461
2.3237,4.95359940854184
2.3238,4.95503133504429
2.3239,4.95646380076052
2.324,4.95789680591923
2.3241,4.9593303507492
2.3242,4.96076443547932
2.3243,4.9621990603386
2.3244,4.96363422555615
2.3245,4.9650699313612
2.3246,4.96650617798306
2.3247,4.96794296565119
2.3248,4.96938029459513
2.3249,4.97081816504454
2.325,4.97225657722917
2.3251,4.97369553137891
2.3252,4.97513502772373
2.3253,4.97657506649373
2.3254,4.9780156479191
2.3255,4.97945677223016
2.3256,4.98089843965732
2.3257,4.98234065043111
2.3258,4.98378340478217
2.3259,4.98522670294124
2.326,4.98667054513918
2.3261,4.98811493160695
2.3262,4.98955986257562
2.3263,4.99100533827638
2.3264,4.99245135894052
2.3265,4.99389792479943
2.3266,4.99534503608465
2.3267,4.99679269302777
2.3268,4.99824089586054
2.3269,4.9996896448148
2.327,5.0011389401225
2.3271,5.00258878201569
2.3272,5.00403917072654
2.3273,5.00549010648735
2.3274,5.00694158953049
2.3275,5.00839362008847
2.3276,5.00984619839391
2.3277,5.01129932467951
2.3278,5.01275299917812
2.3279,5.01420722212267
2.328,5.01566199374622
2.3281,5.01711731428193
2.3282,5.01857318396307
2.3283,5.02002960302302
2.3284,5.02148657169529
2.3285,5.02294409021347
2.3286,5.02440215881128
2.3287,5.02586077772255
2.3288,5.02731994718121
2.3289,5.02877966742131
2.329,5.03023993867703
2.3291,5.03170076118261
2.3292,5.03316213517245
2.3293,5.03462406088104
2.3294,5.03608653854298
2.3295,5.03754956839299
2.3296,5.03901315066589
2.3297,5.04047728559662
2.3298,5.04194197342023
2.3299,5.04340721437189
2.33,5.04487300868685
2.3301,5.04633935660051
2.3302,5.04780625834837
2.3303,5.04927371416602
2.3304,5.0507417242892
2.3305,5.05221028895372
2.3306,5.05367940839553
2.3307,5.0551490828507
2.3308,5.05661931255537
2.3309,5.05809009774584
2.331,5.0595614386585
2.3311,5.06103333552984
2.3312,5.06250578859649
2.3313,5.06397879809516
2.3314,5.06545236426271
2.3315,5.06692648733607
2.3316,5.06840116755233
2.3317,5.06987640514865
2.3318,5.07135220036232
2.3319,5.07282855343075
2.332,5.07430546459145
2.3321,5.07578293408206
2.3322,5.07726096214031
2.3323,5.07873954900406
2.3324,5.08021869491127
2.3325,5.08169840010002
2.3326,5.08317866480851
2.3327,5.08465948927504
2.3328,5.08614087373804
2.3329,5.08762281843603
2.333,5.08910532360766
2.3331,5.09058838949169
2.3332,5.09207201632699
2.3333,5.09355620435255
2.3334,5.09504095380747
2.3335,5.09652626493096
2.3336,5.09801213796234
2.3337,5.09949857314106
2.3338,5.10098557070667
2.3339,5.10247313089884
2.334,5.10396125395734
2.3341,5.10544994012209
2.3342,5.10693918963308
2.3343,5.10842900273044
2.3344,5.10991937965441
2.3345,5.11141032064534
2.3346,5.11290182594369
2.3347,5.11439389579006
2.3348,5.11588653042512
2.3349,5.1173797300897
2.335,5.11887349502471
2.3351,5.1203678254712
2.3352,5.12186272167031
2.3353,5.12335818386332
2.3354,5.12485421229161
2.3355,5.12635080719667
2.3356,5.12784796882011
2.3357,5.12934569740367
2.3358,5.13084399318919
2.3359,5.13234285641861
2.336,5.13384228733402
2.3361,5.13534228617761
2.3362,5.13684285319166
2.3363,5.1383439886186
2.3364,5.13984569270097
2.3365,5.1413479656814
2.3366,5.14285080780267
2.3367,5.14435421930765
2.3368,5.14585820043933
2.3369,5.14736275144084
2.337,5.14886787255538
2.3371,5.15037356402631
2.3372,5.15187982609709
2.3373,5.15338665901127
2.3374,5.15489406301256
2.3375,5.15640203834476
2.3376,5.15791058525179
2.3377,5.15941970397768
2.3378,5.16092939476659
2.3379,5.16243965786279
2.338,5.16395049351067
2.3381,5.16546190195472
2.3382,5.16697388343956
2.3383,5.16848643820993
2.3384,5.16999956651069
2.3385,5.17151326858678
2.3386,5.17302754468331
2.3387,5.17454239504548
2.3388,5.17605781991859
2.3389,5.17757381954809
2.339,5.17909039417952
2.3391,5.18060754405855
2.3392,5.18212526943098
2.3393,5.1836435705427
2.3394,5.18516244763972
2.3395,5.1866819009682
2.3396,5.18820193077437
2.3397,5.18972253730462
2.3398,5.19124372080543
2.3399,5.19276548152341
2.34,5.19428781970527
2.3401,5.19581073559787
2.3402,5.19733422944816
2.3403,5.19885830150321
2.3404,5.20038295201022
2.3405,5.20190818121651
2.3406,5.20343398936949
2.3407,5.20496037671672
2.3408,5.20648734350586
2.3409,5.20801488998469
2.341,5.20954301640113
2.3411,5.21107172300318
2.3412,5.21260101003898
2.3413,5.21413087775679
2.3414,5.21566132640499
2.3415,5.21719235623207
2.3416,5.21872396748663
2.3417,5.22025616041741
2.3418,5.22178893527325
2.3419,5.22332229230312
2.342,5.22485623175611
2.3421,5.22639075388142
2.3422,5.22792585892837
2.3423,5.2294615471464
2.3424,5.23099781878508
2.3425,5.23253467409408
2.3426,5.23407211332321
2.3427,5.23561013672238
2.3428,5.23714874454162
2.3429,5.23868793703111
2.343,5.2402277144411
2.3431,5.241768077022
2.3432,5.24330902502432
2.3433,5.24485055869869
2.3434,5.24639267829587
2.3435,5.24793538406674
2.3436,5.24947867626227
2.3437,5.25102255513359
2.3438,5.25256702093193
2.3439,5.25411207390864
2.344,5.2556577143152
2.3441,5.25720394240318
2.3442,5.25875075842431
2.3443,5.26029816263042
2.3444,5.26184615527346
2.3445,5.2633947366055
2.3446,5.26494390687874
2.3447,5.26649366634548
2.3448,5.26804401525817
2.3449,5.26959495386936
2.345,5.27114648243171
2.3451,5.27269860119803
2.3452,5.27425131042124
2.3453,5.27580461035436
2.3454,5.27735850125056
2.3455,5.27891298336311
2.3456,5.28046805694542
2.3457,5.28202372225099
2.3458,5.28357997953349
2.3459,5.28513682904666
2.346,5.2866942710444
2.3461,5.2882523057807
2.3462,5.28981093350969
2.3463,5.29137015448562
2.3464,5.29292996896286
2.3465,5.2944903771959
2.3466,5.29605137943935
2.3467,5.29761297594794
2.3468,5.29917516697653
2.3469,5.30073795278009
2.347,5.30230133361373
2.3471,5.30386530973267
2.3472,5.30542988139225
2.3473,5.30699504884792
2.3474,5.30856081235529
2.3475,5.31012717217005
2.3476,5.31169412854805
2.3477,5.31326168174522
2.3478,5.31482983201765
2.3479,5.31639857962153
2.348,5.31796792481318
2.3481,5.31953786784905
2.3482,5.32110840898571
2.3483,5.32267954847983
2.3484,5.32425128658823
2.3485,5.32582362356785
2.3486,5.32739655967573
2.3487,5.32897009516907
2.3488,5.33054423030515
2.3489,5.33211896534142
2.349,5.3336943005354
2.3491,5.33527023614478
2.3492,5.33684677242735
2.3493,5.33842390964103
2.3494,5.34000164804385
2.3495,5.34157998789399
2.3496,5.34315892944973
2.3497,5.34473847296947
2.3498,5.34631861871177
2.3499,5.34789936693527
2.35,5.34948071789876
2.3501,5.35106267186114
2.3502,5.35264522908145
2.3503,5.35422838981883
2.3504,5.35581215433257
2.3505,5.35739652288206
2.3506,5.35898149572683
2.3507,5.36056707312654
2.3508,5.36215325534096
2.3509,5.36374004262998
2.351,5.36532743525362
2.3511,5.36691543347205
2.3512,5.36850403754552
2.3513,5.37009324773444
2.3514,5.37168306429932
2.3515,5.37327348750081
2.3516,5.37486451759968
2.3517,5.37645615485683
2.3518,5.37804839953328
2.3519,5.37964125189016
2.352,5.38123471218876
2.3521,5.38282878069046
2.3522,5.3844234576568
2.3523,5.3860187433494
2.3524,5.38761463803004
2.3525,5.38921114196063
2.3526,5.39080825540317
2.3527,5.39240597861983
2.3528,5.39400431187286
2.3529,5.39560325542467
2.353,5.39720280953778
2.3531,5.39880297447484
2.3532,5.40040375049863
2.3533,5.40200513787204
2.3534,5.40360713685811
2.3535,5.40520974771999
2.3536,5.40681297072095
2.3537,5.4084168061244
2.3538,5.41002125419388
2.3539,5.41162631519303
2.354,5.41323198938565
2.3541,5.41483827703565
2.3542,5.41644517840705
2.3543,5.41805269376403
2.3544,5.41966082337086
2.3545,5.42126956749198
2.3546,5.42287892639192
2.3547,5.42448890033535
2.3548,5.42609948958707
2.3549,5.42771069441201
2.355,5.42932251507521
2.3551,5.43093495184185
2.3552,5.43254800497723
2.3553,5.43416167474679
2.3554,5.43577596141609
2.3555,5.43739086525081
2.3556,5.43900638651677
2.3557,5.4406225254799
2.3558,5.44223928240628
2.3559,5.4438566575621
2.356,5.44547465121369
2.3561,5.44709326362749
2.3562,5.44871249507009
2.3563,5.45033234580819
2.3564,5.45195281610864
2.3565,5.45357390623838
2.3566,5.45519561646452
2.3567,5.45681794705427
2.3568,5.45844089827498
2.3569,5.46006447039413
2.357,5.46168866367932
2.3571,5.46331347839828
2.3572,5.46493891481887
2.3573,5.46656497320908
2.3574,5.46819165383703
2.3575,5.46981895697097
2.3576,5.47144688287926
2.3577,5.47307543183042
2.3578,5.47470460409308
2.3579,5.476334399936
2.358,5.47796481962806
2.3581,5.47959586343829
2.3582,5.48122753163585
2.3583,5.48285982448999
2.3584,5.48449274227014
2.3585,5.48612628524583
2.3586,5.48776045368672
2.3587,5.48939524786261
2.3588,5.49103066804343
2.3589,5.49266671449922
2.359,5.49430338750018
2.3591,5.49594068731662
2.3592,5.49757861421897
2.3593,5.49921716847782
2.3594,5.50085635036387
2.3595,5.50249616014794
2.3596,5.50413659810101
2.3597,5.50577766449416
2.3598,5.50741935959862
2.3599,5.50906168368574
2.36,5.51070463702701
2.3601,5.51234821989403
2.3602,5.51399243255856
2.3603,5.51563727529247
2.3604,5.51728274836777
2.3605,5.5189288520566
2.3606,5.52057558663121
2.3607,5.52222295236401
2.3608,5.52387094952754
2.3609,5.52551957839444
2.361,5.5271688392375
2.3611,5.52881873232967
2.3612,5.53046925794397
2.3613,5.53212041635361
2.3614,5.53377220783189
2.3615,5.53542463265227
2.3616,5.53707769108831
2.3617,5.53873138341373
2.3618,5.54038570990238
2.3619,5.54204067082822
2.362,5.54369626646536
2.3621,5.54535249708803
2.3622,5.54700936297061
2.3623,5.5486668643876
2.3624,5.55032500161362
2.3625,5.55198377492344
2.3626,5.55364318459196
2.3627,5.55530323089421
2.3628,5.55696391410534
2.3629,5.55862523450065
2.363,5.56028719235556
2.3631,5.56194978794564
2.3632,5.56361302154658
2.3633,5.56527689343419
2.3634,5.56694140388443
2.3635,5.56860655317339
2.3636,5.57027234157728
2.3637,5.57193876937248
2.3638,5.57360583683546
2.3639,5.57527354424283
2.364,5.57694189187136
2.3641,5.57861087999794
2.3642,5.58028050889957
2.3643,5.58195077885341
2.3644,5.58362169013676
2.3645,5.58529324302702
2.3646,5.58696543780175
2.3647,5.58863827473864
2.3648,5.59031175411551
2.3649,5.59198587621031
2.365,5.59366064130112
2.3651,5.59533604966618
2.3652,5.59701210158383
2.3653,5.59868879733257
2.3654,5.60036613719101
2.3655,5.60204412143792
2.3656,5.60372275035218
2.3657,5.60540202421282
2.3658,5.607081943299
2.3659,5.60876250789002
2.366,5.61044371826531
2.3661,5.61212557470442
2.3662,5.61380807748705
2.3663,5.61549122689305
2.3664,5.61717502320238
2.3665,5.61885946669513
2.3666,5.62054455765155
2.3667,5.622230296352
2.3668,5.623916683077
2.3669,5.62560371810719
2.367,5.62729140172334
2.3671,5.62897973420637
2.3672,5.63066871583733
2.3673,5.6323583468974
2.3674,5.6340486276679
2.3675,5.63573955843029
2.3676,5.63743113946614
2.3677,5.63912337105719
2.3678,5.6408162534853
2.3679,5.64250978703247
2.368,5.64420397198083
2.3681,5.64589880861264
2.3682,5.64759429721032
2.3683,5.6492904380564
2.3684,5.65098723143356
2.3685,5.65268467762462
2.3686,5.65438277691252
2.3687,5.65608152958036
2.3688,5.65778093591134
2.3689,5.65948099618884
2.369,5.66118171069635
2.3691,5.6628830797175
2.3692,5.66458510353606
2.3693,5.66628778243594
2.3694,5.66799111670118
2.3695,5.66969510661595
2.3696,5.67139975246459
2.3697,5.67310505453153
2.3698,5.67481101310137
2.3699,5.67651762845884
2.37,5.67822490088881
2.3701,5.67993283067627
2.3702,5.68164141810636
2.3703,5.68335066346438
2.3704,5.68506056703572
2.3705,5.68677112910594
2.3706,5.68848234996074
2.3707,5.69019422988594
2.3708,5.69190676916752
2.3709,5.69361996809157
2.371,5.69533382694434
2.3711,5.6970483460122
2.3712,5.69876352558168
2.3713,5.70047936593943
2.3714,5.70219586737225
2.3715,5.70391303016707
2.3716,5.70563085461097
2.3717,5.70734934099115
2.3718,5.70906848959497
2.3719,5.7107883007099
2.372,5.71250877462359
2.3721,5.7142299116238
2.3722,5.71595171199843
2.3723,5.71767417603552
2.3724,5.71939730402325
2.3725,5.72112109624996
2.3726,5.72284555300409
2.3727,5.72457067457425
2.3728,5.72629646124918
2.3729,5.72802291331776
2.373,5.729750031069
2.3731,5.73147781479207
2.3732,5.73320626477626
2.3733,5.734935381311
2.3734,5.73666516468589
2.3735,5.73839561519062
2.3736,5.74012673311506
2.3737,5.74185851874921
2.3738,5.7435909723832
2.3739,5.74532409430731
2.374,5.74705788481196
2.3741,5.7487923441877
2.3742,5.75052747272523
2.3743,5.75226327071539
2.3744,5.75399973844917
2.3745,5.75573687621766
2.3746,5.75747468431215
2.3747,5.75921316302403
2.3748,5.76095231264484
2.3749,5.76269213346626
2.375,5.76443262578012
2.3751,5.76617378987837
2.3752,5.76791562605313
2.3753,5.76965813459665
2.3754,5.7714013158013
2.3755,5.77314516995963
2.3756,5.77488969736429
2.3757,5.77663489830811
2.3758,5.77838077308403
2.3759,5.78012732198516
2.376,5.78187454530472
2.3761,5.78362244333611
2.3762,5.78537101637283
2.3763,5.78712026470855
2.3764,5.78887018863708
2.3765,5.79062078845236
2.3766,5.79237206444848
2.3767,5.79412401691967
2.3768,5.7958766461603
2.3769,5.79762995246489
2.377,5.7993839361281
2.3771,5.80113859744472
2.3772,5.80289393670971
2.3773,5.80464995421814
2.3774,5.80640665026525
2.3775,5.80816402514641
2.3776,5.80992207915712
2.3777,5.81168081259305
2.3778,5.81344022574999
2.3779,5.8152003189239
2.378,5.81696109241085
2.3781,5.81872254650707
2.3782,5.82048468150895
2.3783,5.82224749771299
2.3784,5.82401099541586
2.3785,5.82577517491435
2.3786,5.82754003650542
2.3787,5.82930558048616
2.3788,5.8310718071538
2.3789,5.83283871680571
2.379,5.83460630973943
2.3791,5.83637458625262
2.3792,5.83814354664308
2.3793,5.83991319120878
2.3794,5.84168352024781
2.3795,5.84345453405841
2.3796,5.84522623293898
2.3797,5.84699861718804
2.3798,5.84877168710428
2.3799,5.8505454429865
2.38,5.85231988513369
2.3801,5.85409501384494
2.3802,5.85587082941952
2.3803,5.85764733215682
2.3804,5.8594245223564
2.3805,5.86120240031793
2.3806,5.86298096634127
2.3807,5.86476022072638
2.3808,5.86654016377339
2.3809,5.86832079578258
2.381,5.87010211705436
2.3811,5.8718841278893
2.3812,5.8736668285881
2.3813,5.87545021945161
2.3814,5.87723430078084
2.3815,5.87901907287694
2.3816,5.88080453604118
2.3817,5.88259069057502
2.3818,5.88437753678004
2.3819,5.88616507495795
2.382,5.88795330541065
2.3821,5.88974222844015
2.3822,5.89153184434862
2.3823,5.89332215343838
2.3824,5.89511315601188
2.3825,5.89690485237174
2.3826,5.89869724282071
2.3827,5.90049032766169
2.3828,5.90228410719774
2.3829,5.90407858173204
2.383,5.90587375156794
2.3831,5.90766961700893
2.3832,5.90946617835864
2.3833,5.91126343592087
2.3834,5.91306138999953
2.3835,5.91486004089871
2.3836,5.91665938892263
2.3837,5.91845943437567
2.3838,5.92026017756235
2.3839,5.92206161878734
2.384,5.92386375835545
2.3841,5.92566659657166
2.3842,5.92747013374106
2.3843,5.92927437016893
2.3844,5.93107930616066
2.3845,5.93288494202182
2.3846,5.93469127805812
2.3847,5.93649831457539
2.3848,5.93830605187966
2.3849,5.94011449027705
2.385,5.94192363007389
2.3851,5.9437334715766
2.3852,5.94554401509179
2.3853,5.94735526092621
2.3854,5.94916720938674
2.3855,5.95097986078043
2.3856,5.95279321541448
2.3857,5.95460727359621
2.3858,5.95642203563313
2.3859,5.95823750183286
2.386,5.96005367250321
2.3861,5.9618705479521
2.3862,5.96368812848762
2.3863,5.96550641441801
2.3864,5.96732540605166
2.3865,5.96914510369711
2.3866,5.97096550766303
2.3867,5.97278661825827
2.3868,5.9746084357918
2.3869,5.97643096057278
2.387,5.97825419291047
2.3871,5.98007813311433
2.3872,5.98190278149393
2.3873,5.98372813835901
2.3874,5.98555420401947
2.3875,5.98738097878533
2.3876,5.98920846296679
2.3877,5.99103665687418
2.3878,5.992865560818
2.3879,5.99469517510889
2.388,5.99652550005764
2.3881,5.99835653597519
2.3882,6.00018828317263
2.3883,6.00202074196121
2.3884,6.00385391265233
2.3885,6.00568779555753
2.3886,6.00752239098852
2.3887,6.00935769925713
2.3888,6.01119372067538
2.3889,6.01303045555542
2.389,6.01486790420955
2.3891,6.01670606695023
2.3892,6.01854494409006
2.3893,6.02038453594181
2.3894,6.0222248428184
2.3895,6.02406586503288
2.3896,6.02590760289848
2.3897,6.02775005672856
2.3898,6.02959322683665
2.3899,6.03143711353642
2.39,6.03328171714169
2.3901,6.03512703796645
2.3902,6.03697307632483
2.3903,6.03881983253112
2.3904,6.04066730689974
2.3905,6.04251549974529
2.3906,6.04436441138252
2.3907,6.04621404212632
2.3908,6.04806439229174
2.3909,6.04991546219398
2.391,6.05176725214841
2.3911,6.05361976247052
2.3912,6.05547299347599
2.3913,6.05732694548063
2.3914,6.05918161880041
2.3915,6.06103701375145
2.3916,6.06289313065004
2.3917,6.06474996981261
2.3918,6.06660753155573
2.3919,6.06846581619616
2.392,6.07032482405078
2.3921,6.07218455543664
2.3922,6.07404501067095
2.3923,6.07590619007106
2.3924,6.07776809395448
2.3925,6.07963072263888
2.3926,6.08149407644208
2.3927,6.08335815568205
2.3928,6.08522296067693
2.3929,6.087088491745
2.393,6.0889547492047
2.3931,6.09082173337462
2.3932,6.09268944457352
2.3933,6.09455788312029
2.3934,6.09642704933401
2.3935,6.09829694353388
2.3936,6.10016756603927
2.3937,6.10203891716972
2.3938,6.10391099724491
2.3939,6.10578380658468
2.394,6.10765734550901
2.3941,6.10953161433805
2.3942,6.11140661339213
2.3943,6.11328234299168
2.3944,6.11515880345734
2.3945,6.11703599510988
2.3946,6.11891391827022
2.3947,6.12079257325945
2.3948,6.12267196039882
2.3949,6.12455208000973
2.395,6.12643293241373
2.3951,6.12831451793254
2.3952,6.13019683688802
2.3953,6.13207988960219
2.3954,6.13396367639726
2.3955,6.13584819759554
2.3956,6.13773345351955
2.3957,6.13961944449194
2.3958,6.14150617083551
2.3959,6.14339363287324
2.396,6.14528183092825
2.3961,6.14717076532382
2.3962,6.14906043638341
2.3963,6.1509508444306
2.3964,6.15284198978916
2.3965,6.154733872783
2.3966,6.15662649373619
2.3967,6.15851985297297
2.3968,6.16041395081772
2.3969,6.16230878759499
2.397,6.16420436362948
2.3971,6.16610067924606
2.3972,6.16799773476975
2.3973,6.16989553052573
2.3974,6.17179406683934
2.3975,6.17369334403608
2.3976,6.1755933624416
2.3977,6.17749412238173
2.3978,6.17939562418243
2.3979,6.18129786816983
2.398,6.18320085467024
2.3981,6.1851045840101
2.3982,6.18700905651603
2.3983,6.18891427251479
2.3984,6.19082023233331
2.3985,6.19272693629869
2.3986,6.19463438473816
2.3987,6.19654257797915
2.3988,6.19845151634921
2.3989,6.20036120017608
2.399,6.20227162978764
2.3991,6.20418280551196
2.3992,6.20609472767722
2.3993,6.2080073966118
2.3994,6.20992081264423
2.3995,6.21183497610319
2.3996,6.21374988731754
2.3997,6.21566554661629
2.3998,6.2175819543286
2.3999,6.21949911078381
2.4,6.22141701631142
2.4001,6.22333567124107
2.4002,6.22525507590257
2.4003,6.22717523062591
2.4004,6.22909613574123
2.4005,6.23101779157881
2.4006,6.23294019846911
2.4007,6.23486335674276
2.4008,6.23678726673054
2.4009,6.23871192876339
2.401,6.24063734317241
2.4011,6.24256351028888
2.4012,6.24449043044421
2.4013,6.24641810397
2.4014,6.248346531198
2.4015,6.25027571246013
2.4016,6.25220564808846
2.4017,6.25413633841523
2.4018,6.25606778377285
2.4019,6.25799998449388
2.402,6.25993294091103
2.4021,6.26186665335721
2.4022,6.26380112216547
2.4023,6.265736347669
2.4024,6.2676723302012
2.4025,6.26960907009561
2.4026,6.27154656768592
2.4027,6.27348482330599
2.4028,6.27542383728987
2.4029,6.27736360997174
2.403,6.27930414168596
2.4031,6.28124543276705
2.4032,6.28318748354969
2.4033,6.28513029436872
2.4034,6.28707386555916
2.4035,6.28901819745618
2.4036,6.29096329039511
2.4037,6.29290914471146
2.4038,6.2948557607409
2.4039,6.29680313881926
2.404,6.29875127928252
2.4041,6.30070018246684
2.4042,6.30264984870856
2.4043,6.30460027834415
2.4044,6.30655147171027
2.4045,6.30850342914373
2.4046,6.31045615098152
2.4047,6.31240963756079
2.4048,6.31436388921883
2.4049,6.31631890629314
2.405,6.31827468912134
2.4051,6.32023123804125
2.4052,6.32218855339084
2.4053,6.32414663550825
2.4054,6.32610548473178
2.4055,6.32806510139989
2.4056,6.33002548585122
2.4057,6.33198663842458
2.4058,6.33394855945891
2.4059,6.33591124929336
2.406,6.33787470826721
2.4061,6.33983893671995
2.4062,6.34180393499119
2.4063,6.34376970342073
2.4064,6.34573624234853
2.4065,6.34770355211473
2.4066,6.3496716330596
2.4067,6.35164048552363
2.4068,6.35361010984743
2.4069,6.3555805063718
2.407,6.3575516754377
2.4071,6.35952361738626
2.4072,6.36149633255877
2.4073,6.3634698212967
2.4074,6.36544408394168
2.4075,6.36741912083551
2.4076,6.36939493232015
2.4077,6.37137151873773
2.4078,6.37334888043055
2.4079,6.37532701774109
2.408,6.37730593101197
2.4081,6.37928562058599
2.4082,6.38126608680614
2.4083,6.38324733001554
2.4084,6.38522935055751
2.4085,6.38721214877552
2.4086,6.38919572501321
2.4087,6.3911800796144
2.4088,6.39316521292307
2.4089,6.39515112528336
2.409,6.3971378170396
2.4091,6.39912528853627
2.4092,6.40111354011803
2.4093,6.4031025721297
2.4094,6.40509238491627
2.4095,6.40708297882291
2.4096,6.40907435419494
2.4097,6.41106651137787
2.4098,6.41305945071737
2.4099,6.41505317255928
2.41,6.4170476772496
2.4101,6.41904296513452
2.4102,6.42103903656038
2.4103,6.4230358918737
2.4104,6.42503353142117
2.4105,6.42703195554965
2.4106,6.42903116460617
2.4107,6.43103115893792
2.4108,6.43303193889228
2.4109,6.43503350481678
2.411,6.43703585705913
2.4111,6.43903899596722
2.4112,6.44104292188908
2.4113,6.44304763517295
2.4114,6.44505313616722
2.4115,6.44705942522045
2.4116,6.44906650268137
2.4117,6.45107436889888
2.4118,6.45308302422208
2.4119,6.45509246900019
2.412,6.45710270358265
2.4121,6.45911372831903
2.4122,6.46112554355911
2.4123,6.46313814965282
2.4124,6.46515154695026
2.4125,6.46716573580171
2.4126,6.46918071655762
2.4127,6.47119648956861
2.4128,6.47321305518547
2.4129,6.47523041375917
2.413,6.47724856564085
2.4131,6.47926751118181
2.4132,6.48128725073355
2.4133,6.4833077846477
2.4134,6.48532911327611
2.4135,6.48735123697077
2.4136,6.48937415608385
2.4137,6.4913978709677
2.4138,6.49342238197484
2.4139,6.49544768945796
2.414,6.49747379376994
2.4141,6.49950069526379
2.4142,6.50152839429275
2.4143,6.50355689121018
2.4144,6.50558618636966
2.4145,6.50761628012491
2.4146,6.50964717282985
2.4147,6.51167886483854
2.4148,6.51371135650526
2.4149,6.51574464818441
2.415,6.51777874023061
2.4151,6.51981363299864
2.4152,6.52184932684343
2.4153,6.52388582212012
2.4154,6.52592311918402
2.4155,6.52796121839058
2.4156,6.53000012009546
2.4157,6.53203982465449
2.4158,6.53408033242367
2.4159,6.53612164375916
2.416,6.53816375901731
2.4161,6.54020667855466
2.4162,6.54225040272789
2.4163,6.54429493189389
2.4164,6.5463402664097
2.4165,6.54838640663254
2.4166,6.55043335291983
2.4167,6.55248110562913
2.4168,6.5545296651182
2.4169,6.55657903174496
2.417,6.55862920586752
2.4171,6.56068018784416
2.4172,6.56273197803333
2.4173,6.56478457679368
2.4174,6.566837984484
2.4175,6.56889220146328
2.4176,6.57094722809069
2.4177,6.57300306472556
2.4178,6.5750597117274
2.4179,6.57711716945592
2.418,6.57917543827097
2.4181,6.58123451853261
2.4182,6.58329441060105
2.4183,6.58535511483671
2.4184,6.58741663160015
2.4185,6.58947896125213
2.4186,6.59154210415359
2.4187,6.59360606066564
2.4188,6.59567083114955
2.4189,6.5977364159668
2.419,6.59980281547904
2.4191,6.60187003004807
2.4192,6.6039380600359
2.4193,6.60600690580471
2.4194,6.60807656771686
2.4195,6.61014704613488
2.4196,6.61221834142148
2.4197,6.61429045393955
2.4198,6.61636338405216
2.4199,6.61843713212256
2.42,6.62051169851418
2.4201,6.62258708359063
2.4202,6.62466328771568
2.4203,6.62674031125331
2.4204,6.62881815456766
2.4205,6.63089681802304
2.4206,6.63297630198397
2.4207,6.63505660681512
2.4208,6.63713773288136
2.4209,6.63921968054772
2.421,6.64130245017943
2.4211,6.64338604214189
2.4212,6.64547045680067
2.4213,6.64755569452155
2.4214,6.64964175567045
2.4215,6.6517286406135
2.4216,6.653816349717
2.4217,6.65590488334744
2.4218,6.65799424187147
2.4219,6.66008442565594
2.422,6.66217543506787
2.4221,6.66426727047447
2.4222,6.66635993224312
2.4223,6.66845342074139
2.4224,6.67054773633703
2.4225,6.67264287939796
2.4226,6.67473885029229
2.4227,6.67683564938832
2.4228,6.67893327705452
2.4229,6.68103173365955
2.423,6.68313101957223
2.4231,6.68523113516159
2.4232,6.68733208079682
2.4233,6.68943385684732
2.4234,6.69153646368264
2.4235,6.69363990167253
2.4236,6.69574417118692
2.4237,6.69784927259592
2.4238,6.69995520626982
2.4239,6.70206197257911
2.424,6.70416957189443
2.4241,6.70627800458663
2.4242,6.70838727102673
2.4243,6.71049737158595
2.4244,6.71260830663566
2.4245,6.71472007654745
2.4246,6.71683268169307
2.4247,6.71894612244446
2.4248,6.72106039917375
2.4249,6.72317551225325
2.425,6.72529146205543
2.4251,6.72740824895298
2.4252,6.72952587331876
2.4253,6.73164433552581
2.4254,6.73376363594735
2.4255,6.73588377495679
2.4256,6.73800475292773
2.4257,6.74012657023395
2.4258,6.74224922724941
2.4259,6.74437272434826
2.426,6.74649706190484
2.4261,6.74862224029365
2.4262,6.75074825988941
2.4263,6.752875121067
2.4264,6.75500282420149
2.4265,6.75713136966814
2.4266,6.75926075784239
2.4267,6.76139098909988
2.4268,6.76352206381641
2.4269,6.76565398236797
2.427,6.76778674513077
2.4271,6.76992035248115
2.4272,6.77205480479569
2.4273,6.77419010245113
2.4274,6.77632624582438
2.4275,6.77846323529258
2.4276,6.780601071233
2.4277,6.78273975402315
2.4278,6.7848792840407
2.4279,6.7870196616635
2.428,6.7891608872696
2.4281,6.79130296123724
2.4282,6.79344588394484
2.4283,6.79558965577099
2.4284,6.7977342770945
2.4285,6.79987974829434
2.4286,6.80202606974969
2.4287,6.8041732418399
2.4288,6.80632126494451
2.4289,6.80847013944325
2.429,6.81061986571604
2.4291,6.81277044414299
2.4292,6.81492187510438
2.4293,6.81707415898071
2.4294,6.81922729615264
2.4295,6.82138128700102
2.4296,6.82353613190691
2.4297,6.82569183125153
2.4298,6.8278483854163
2.4299,6.83000579478285
2.43,6.83216405973297
2.4301,6.83432318064865
2.4302,6.83648315791207
2.4303,6.83864399190559
2.4304,6.84080568301176
2.4305,6.84296823161334
2.4306,6.84513163809325
2.4307,6.84729590283461
2.4308,6.84946102622075
2.4309,6.85162700863516
2.431,6.85379385046154
2.4311,6.85596155208376
2.4312,6.8581301138859
2.4313,6.86029953625221
2.4314,6.86246981956715
2.4315,6.86464096421536
2.4316,6.86681297058167
2.4317,6.8689858390511
2.4318,6.87115957000887
2.4319,6.87333416384037
2.432,6.87550962093121
2.4321,6.87768594166716
2.4322,6.8798631264342
2.4323,6.88204117561849
2.4324,6.8842200896064
2.4325,6.88639986878447
2.4326,6.88858051353944
2.4327,6.89076202425824
2.4328,6.892944401328
2.4329,6.89512764513602
2.433,6.89731175606981
2.4331,6.89949673451708
2.4332,6.90168258086571
2.4333,6.90386929550378
2.4334,6.90605687881956
2.4335,6.90824533120153
2.4336,6.91043465303833
2.4337,6.91262484471883
2.4338,6.91481590663206
2.4339,6.91700783916726
2.434,6.91920064271386
2.4341,6.92139431766147
2.4342,6.92358886439991
2.4343,6.9257842833192
2.4344,6.92798057480952
2.4345,6.93017773926127
2.4346,6.93237577706504
2.4347,6.93457468861161
2.4348,6.93677447429196
2.4349,6.93897513449724
2.435,6.94117666961882
2.4351,6.94337908004826
2.4352,6.94558236617731
2.4353,6.9477865283979
2.4354,6.94999156710218
2.4355,6.95219748268248
2.4356,6.95440427553132
2.4357,6.95661194604142
2.4358,6.9588204946057
2.4359,6.96102992161726
2.436,6.96324022746941
2.4361,6.96545141255566
2.4362,6.96766347726969
2.4363,6.96987642200539
2.4364,6.97209024715685
2.4365,6.97430495311834
2.4366,6.97652054028435
2.4367,6.97873700904955
2.4368,6.98095435980879
2.4369,6.98317259295715
2.437,6.98539170888988
2.4371,6.98761170800243
2.4372,6.98983259069046
2.4373,6.9920543573498
2.4374,6.99427700837651
2.4375,6.99650054416682
2.4376,6.99872496511716
2.4377,7.00095027162417
2.4378,7.00317646408468
2.4379,7.00540354289571
2.438,7.00763150845448
2.4381,7.00986036115842
2.4382,7.01209010140514
2.4383,7.01432072959245
2.4384,7.01655224611837
2.4385,7.0187846513811
2.4386,7.02101794577905
2.4387,7.02325212971082
2.4388,7.02548720357521
2.4389,7.02772316777122
2.439,7.02996002269805
2.4391,7.0321977687551
2.4392,7.03443640634195
2.4393,7.0366759358584
2.4394,7.03891635770444
2.4395,7.04115767228025
2.4396,7.04339987998622
2.4397,7.04564298122295
2.4398,7.0478869763912
2.4399,7.05013186589198
2.44,7.05237765012645
2.4401,7.05462432949601
2.4402,7.05687190440223
2.4403,7.05912037524688
2.4404,7.06136974243196
2.4405,7.06362000635964
2.4406,7.0658711674323
2.4407,7.06812322605251
2.4408,7.07037618262306
2.4409,7.07263003754692
2.441,7.07488479122728
2.4411,7.0771404440675
2.4412,7.07939699647118
2.4413,7.08165444884209
2.4414,7.0839128015842
2.4415,7.08617205510171
2.4416,7.08843220979899
2.4417,7.09069326608062
2.4418,7.0929552243514
2.4419,7.09521808501629
2.442,7.09748184848049
2.4421,7.09974651514939
2.4422,7.10201208542856
2.4423,7.10427855972381
2.4424,7.10654593844112
2.4425,7.10881422198668
2.4426,7.11108341076688
2.4427,7.11335350518834
2.4428,7.11562450565784
2.4429,7.11789641258238
2.443,7.12016922636917
2.4431,7.12244294742562
2.4432,7.12471757615933
2.4433,7.1269931129781
2.4434,7.12926955828997
2.4435,7.13154691250313
2.4436,7.13382517602602
2.4437,7.13610434926725
2.4438,7.13838443263565
2.4439,7.14066542654024
2.444,7.14294733139026
2.4441,7.14523014759514
2.4442,7.14751387556452
2.4443,7.14979851570825
2.4444,7.15208406843636
2.4445,7.15437053415911
2.4446,7.15665791328696
2.4447,7.15894620623056
2.4448,7.16123541340077
2.4449,7.16352553520866
2.445,7.1658165720655
2.4451,7.16810852438277
2.4452,7.17040139257215
2.4453,7.17269517704552
2.4454,7.17498987821498
2.4455,7.17728549649281
2.4456,7.17958203229153
2.4457,7.18187948602382
2.4458,7.18417785810261
2.4459,7.18647714894102
2.446,7.18877735895235
2.4461,7.19107848855015
2.4462,7.19338053814813
2.4463,7.19568350816026
2.4464,7.19798739900065
2.4465,7.20029221108368
2.4466,7.20259794482389
2.4467,7.20490460063604
2.4468,7.20721217893512
2.4469,7.20952068013629
2.447,7.21183010465494
2.4471,7.21414045290666
2.4472,7.21645172530724
2.4473,7.21876392227269
2.4474,7.22107704421923
2.4475,7.22339109156326
2.4476,7.22570606472142
2.4477,7.22802196411054
2.4478,7.23033879014765
2.4479,7.23265654325002
2.448,7.23497522383508
2.4481,7.23729483232052
2.4482,7.23961536912419
2.4483,7.24193683466418
2.4484,7.24425922935878
2.4485,7.24658255362649
2.4486,7.248906807886
2.4487,7.25123199255623
2.4488,7.25355810805631
2.4489,7.25588515480557
2.449,7.25821313322354
2.4491,7.26054204372998
2.4492,7.26287188674484
2.4493,7.2652026626883
2.4494,7.26753437198072
2.4495,7.2698670150427
2.4496,7.27220059229502
2.4497,7.2745351041587
2.4498,7.27687055105496
2.4499,7.27920693340521
2.45,7.28154425163109
2.4501,7.28388250615444
2.4502,7.28622169739733
2.4503,7.28856182578202
2.4504,7.29090289173098
2.4505,7.2932448956669
2.4506,7.29558783801268
2.4507,7.29793171919143
2.4508,7.30027653962647
2.4509,7.30262229974132
2.451,7.30496899995974
2.4511,7.30731664070567
2.4512,7.30966522240327
2.4513,7.31201474547693
2.4514,7.31436521035123
2.4515,7.31671661745097
2.4516,7.31906896720116
2.4517,7.32142226002703
2.4518,7.32377649635401
2.4519,7.32613167660774
2.452,7.3284878012141
2.4521,7.33084487059914
2.4522,7.33320288518916
2.4523,7.33556184541064
2.4524,7.33792175169031
2.4525,7.34028260445508
2.4526,7.3426444041321
2.4527,7.3450071511487
2.4528,7.34737084593246
2.4529,7.34973548891115
2.453,7.35210108051275
2.4531,7.35446762116547
2.4532,7.35683511129772
2.4533,7.35920355133814
2.4534,7.36157294171558
2.4535,7.36394328285908
2.4536,7.36631457519792
2.4537,7.36868681916159
2.4538,7.37106001517979
2.4539,7.37343416368243
2.454,7.37580926509965
2.4541,7.37818531986179
2.4542,7.38056232839941
2.4543,7.38294029114328
2.4544,7.3853192085244
2.4545,7.38769908097396
2.4546,7.39007990892339
2.4547,7.39246169280432
2.4548,7.39484443304861
2.4549,7.39722813008832
2.455,7.39961278435574
2.4551,7.40199839628336
2.4552,7.4043849663039
2.4553,7.40677249485028
2.4554,7.40916098235566
2.4555,7.4115504292534
2.4556,7.41394083597708
2.4557,7.4163322029605
2.4558,7.41872453063766
2.4559,7.4211178194428
2.456,7.42351206981037
2.4561,7.42590728217503
2.4562,7.42830345697165
2.4563,7.43070059463535
2.4564,7.43309869560143
2.4565,7.43549776030543
2.4566,7.4378977891831
2.4567,7.44029878267041
2.4568,7.44270074120355
2.4569,7.44510366521891
2.457,7.44750755515313
2.4571,7.44991241144304
2.4572,7.4523182345257
2.4573,7.4547250248384
2.4574,7.45713278281862
2.4575,7.45954150890409
2.4576,7.46195120353273
2.4577,7.4643618671427
2.4578,7.46677350017237
2.4579,7.46918610306034
2.458,7.47159967624541
2.4581,7.47401422016662
2.4582,7.47642973526321
2.4583,7.47884622197465
2.4584,7.48126368074062
2.4585,7.48368211200105
2.4586,7.48610151619606
2.4587,7.48852189376599
2.4588,7.49094324515142
2.4589,7.49336557079314
2.459,7.49578887113215
2.4591,7.49821314660969
2.4592,7.50063839766721
2.4593,7.50306462474638
2.4594,7.5054918282891
2.4595,7.50792000873747
2.4596,7.51034916653384
2.4597,7.51277930212076
2.4598,7.51521041594102
2.4599,7.5176425084376
2.46,7.52007558005374
2.4601,7.52250963123287
2.4602,7.52494466241867
2.4603,7.52738067405501
2.4604,7.52981766658602
2.4605,7.53225564045601
2.4606,7.53469459610955
2.4607,7.53713453399142
2.4608,7.5395754545466
2.4609,7.54201735822033
2.461,7.54446024545805
2.4611,7.54690411670542
2.4612,7.54934897240834
2.4613,7.55179481301293
2.4614,7.55424163896552
2.4615,7.55668945071267
2.4616,7.55913824870117
2.4617,7.56158803337804
2.4618,7.56403880519049
2.4619,7.56649056458599
2.462,7.56894331201222
2.4621,7.57139704791708
2.4622,7.5738517727487
2.4623,7.57630748695545
2.4624,7.57876419098589
2.4625,7.58122188528884
2.4626,7.58368057031331
2.4627,7.58614024650856
2.4628,7.58860091432407
2.4629,7.59106257420954
2.463,7.59352522661489
2.4631,7.5959888719903
2.4632,7.59845351078613
2.4633,7.60091914345299
2.4634,7.60338577044172
2.4635,7.60585339220336
2.4636,7.60832200918921
2.4637,7.61079162185076
2.4638,7.61326223063977
2.4639,7.61573383600818
2.464,7.61820643840819
2.4641,7.62068003829222
2.4642,7.62315463611291
2.4643,7.62563023232312
2.4644,7.62810682737595
2.4645,7.63058442172473
2.4646,7.63306301582301
2.4647,7.63554261012457
2.4648,7.6380232050834
2.4649,7.64050480115375
2.465,7.64298739879007
2.4651,7.64547099844705
2.4652,7.64795560057962
2.4653,7.65044120564291
2.4654,7.6529278140923
2.4655,7.65541542638339
2.4656,7.657904042972
2.4657,7.66039366431422
2.4658,7.66288429086631
2.4659,7.66537592308479
2.466,7.66786856142642
2.4661,7.67036220634815
2.4662,7.67285685830721
2.4663,7.67535251776103
2.4664,7.67784918516726
2.4665,7.68034686098379
2.4666,7.68284554566876
2.4667,7.68534523968052
2.4668,7.68784594347763
2.4669,7.69034765751893
2.467,7.69285038226345
2.4671,7.69535411817047
2.4672,7.69785886569948
2.4673,7.70036462531022
2.4674,7.70287139746266
2.4675,7.70537918261699
2.4676,7.70788798123365
2.4677,7.71039779377328
2.4678,7.71290862069679
2.4679,7.71542046246528
2.468,7.71793331954011
2.4681,7.72044719238288
2.4682,7.72296208145538
2.4683,7.72547798721968
2.4684,7.72799491013805
2.4685,7.73051285067299
2.4686,7.73303180928727
2.4687,7.73555178644384
2.4688,7.73807278260593
2.4689,7.74059479823697
2.469,7.74311783380064
2.4691,7.74564188976084
2.4692,7.74816696658173
2.4693,7.75069306472766
2.4694,7.75322018466325
2.4695,7.75574832685334
2.4696,7.758277491763
2.4697,7.76080767985754
2.4698,7.7633388916025
2.4699,7.76587112746366
2.47,7.76840438790702
2.4701,7.77093867339884
2.4702,7.77347398440558
2.4703,7.77601032139396
2.4704,7.77854768483093
2.4705,7.78108607518366
2.4706,7.78362549291958
2.4707,7.78616593850634
2.4708,7.78870741241181
2.4709,7.79124991510413
2.471,7.79379344705165
2.4711,7.79633800872297
2.4712,7.7988836005869
2.4713,7.80143022311252
2.4714,7.80397787676912
2.4715,7.80652656202624
2.4716,7.80907627935366
2.4717,7.81162702922137
2.4718,7.81417881209963
2.4719,7.81673162845892
2.472,7.81928547876994
2.4721,7.82184036350366
2.4722,7.82439628313127
2.4723,7.82695323812419
2.4724,7.82951122895409
2.4725,7.83207025609287
2.4726,7.83463032001267
2.4727,7.83719142118588
2.4728,7.8397535600851
2.4729,7.84231673718318
2.473,7.84488095295322
2.4731,7.84744620786855
2.4732,7.85001250240273
2.4733,7.85257983702956
2.4734,7.8551482122231
2.4735,7.85771762845762
2.4736,7.86028808620765
2.4737,7.86285958594794
2.4738,7.8654321281535
2.4739,7.86800571329955
2.474,7.87058034186158
2.4741,7.8731560143153
2.4742,7.87573273113667
2.4743,7.87831049280188
2.4744,7.88088929978738
2.4745,7.88346915256983
2.4746,7.88605005162614
2.4747,7.88863199743347
2.4748,7.89121499046923
2.4749,7.89379903121103
2.475,7.89638412013677
2.4751,7.89897025772455
2.4752,7.90155744445273
2.4753,7.90414568079992
2.4754,7.90673496724494
2.4755,7.90932530426689
2.4756,7.91191669234508
2.4757,7.91450913195908
2.4758,7.91710262358868
2.4759,7.91969716771395
2.476,7.92229276481516
2.4761,7.92488941537285
2.4762,7.92748711986779
2.4763,7.930085878781
2.4764,7.93268569259372
2.4765,7.93528656178746
2.4766,7.93788848684397
2.4767,7.94049146824522
2.4768,7.94309550647345
2.4769,7.94570060201113
2.477,7.94830675534096
2.4771,7.95091396694591
2.4772,7.95352223730917
2.4773,7.9561315669142
2.4774,7.95874195624467
2.4775,7.96135340578452
2.4776,7.96396591601793
2.4777,7.96657948742932
2.4778,7.96919412050334
2.4779,7.97180981572491
2.478,7.97442657357918
2.4781,7.97704439455154
2.4782,7.97966327912763
2.4783,7.98228322779335
2.4784,7.98490424103482
2.4785,7.98752631933843
2.4786,7.99014946319079
2.4787,7.99277367307877
2.4788,7.99539894948949
2.4789,7.9980252929103
2.479,8.00065270382881
2.4791,8.00328118273287
2.4792,8.00591073011058
2.4793,8.00854134645027
2.4794,8.01117303224055
2.4795,8.01380578797023
2.4796,8.01643961412841
2.4797,8.01907451120442
2.4798,8.02171047968782
2.4799,8.02434752006845
2.48,8.02698563283638
2.4801,8.02962481848192
2.4802,8.03226507749563
2.4803,8.03490641036833
2.4804,8.03754881759108
2.4805,8.04019229965519
2.4806,8.04283685705222
2.4807,8.04548249027395
2.4808,8.04812919981246
2.4809,8.05077698616004
2.481,8.05342584980924
2.4811,8.05607579125285
2.4812,8.05872681098393
2.4813,8.06137890949576
2.4814,8.06403208728189
2.4815,8.06668634483613
2.4816,8.0693416826525
2.4817,8.07199810122531
2.4818,8.0746556010491
2.4819,8.07731418261864
2.482,8.079973846429
2.4821,8.08263459297545
2.4822,8.08529642275354
2.4823,8.08795933625907
2.4824,8.09062333398807
2.4825,8.09328841643684
2.4826,8.09595458410192
2.4827,8.0986218374801
2.4828,8.10129017706844
2.4829,8.10395960336423
2.483,8.10663011686501
2.4831,8.10930171806859
2.4832,8.11197440747302
2.4833,8.11464818557659
2.4834,8.11732305287787
2.4835,8.11999900987565
2.4836,8.122676057069
2.4837,8.12535419495723
2.4838,8.12803342403989
2.4839,8.13071374481681
2.484,8.13339515778805
2.4841,8.13607766345393
2.4842,8.13876126231503
2.4843,8.14144595487217
2.4844,8.14413174162643
2.4845,8.14681862307915
2.4846,8.14950659973191
2.4847,8.15219567208656
2.4848,8.15488584064517
2.4849,8.15757710591012
2.485,8.16026946838398
2.4851,8.16296292856963
2.4852,8.16565748697017
2.4853,8.16835314408897
2.4854,8.17104990042963
2.4855,8.17374775649605
2.4856,8.17644671279234
2.4857,8.17914676982289
2.4858,8.18184792809234
2.4859,8.18455018810558
2.486,8.18725355036776
2.4861,8.18995801538428
2.4862,8.1926635836608
2.4863,8.19537025570324
2.4864,8.19807803201778
2.4865,8.20078691311083
2.4866,8.20349689948909
2.4867,8.20620799165949
2.4868,8.20892019012924
2.4869,8.21163349540578
2.487,8.21434790799684
2.4871,8.21706342841036
2.4872,8.21978005715459
2.4873,8.222497794738
2.4874,8.22521664166934
2.4875,8.22793659845759
2.4876,8.23065766561202
2.4877,8.23337984364214
2.4878,8.2361031330577
2.4879,8.23882753436875
2.488,8.24155304808557
2.4881,8.2442796747187
2.4882,8.24700741477895
2.4883,8.24973626877738
2.4884,8.25246623722531
2.4885,8.25519732063432
2.4886,8.25792951951625
2.4887,8.26066283438319
2.4888,8.2633972657475
2.4889,8.26613281412181
2.489,8.26886948001898
2.4891,8.27160726395216
2.4892,8.27434616643473
2.4893,8.27708618798035
2.4894,8.27982732910295
2.4895,8.28256959031668
2.4896,8.285312972136
2.4897,8.28805747507559
2.4898,8.29080309965041
2.4899,8.2935498463757
2.49,8.29629771576692
2.4901,8.29904670833982
2.4902,8.3017968246104
2.4903,8.30454806509493
2.4904,8.30730043030992
2.4905,8.31005392077217
2.4906,8.31280853699873
2.4907,8.31556427950691
2.4908,8.31832114881428
2.4909,8.32107914543868
2.491,8.32383826989821
2.4911,8.32659852271123
2.4912,8.32935990439636
2.4913,8.33212241547248
2.4914,8.33488605645875
2.4915,8.33765082787458
2.4916,8.34041673023965
2.4917,8.3431837640739
2.4918,8.34595192989753
2.4919,8.34872122823101
2.492,8.35149165959506
2.4921,8.3542632245107
2.4922,8.35703592349916
2.4923,8.35980975708198
2.4924,8.36258472578094
2.4925,8.3653608301181
2.4926,8.36813807061578
2.4927,8.37091644779655
2.4928,8.37369596218327
2.4929,8.37647661429904
2.493,8.37925840466726
2.4931,8.38204133381156
2.4932,8.38482540225585
2.4933,8.38761061052431
2.4934,8.39039695914138
2.4935,8.39318444863177
2.4936,8.39597307952044
2.4937,8.39876285233264
2.4938,8.40155376759388
2.4939,8.40434582582992
2.494,8.40713902756681
2.4941,8.40993337333085
2.4942,8.41272886364863
2.4943,8.41552549904697
2.4944,8.41832328005299
2.4945,8.42112220719408
2.4946,8.42392228099786
2.4947,8.42672350199225
2.4948,8.42952587070543
2.4949,8.43232938766585
2.495,8.43513405340224
2.4951,8.43793986844356
2.4952,8.44074683331908
2.4953,8.44355494855831
2.4954,8.44636421469105
2.4955,8.44917463224736
2.4956,8.45198620175757
2.4957,8.45479892375227
2.4958,8.45761279876234
2.4959,8.4604278273189
2.496,8.46324400995337
2.4961,8.46606134719743
2.4962,8.46887983958302
2.4963,8.47169948764236
2.4964,8.47452029190794
2.4965,8.47734225291252
2.4966,8.48016537118913
2.4967,8.48298964727106
2.4968,8.48581508169189
2.4969,8.48864167498546
2.497,8.49146942768589
2.4971,8.49429834032755
2.4972,8.4971284134451
2.4973,8.49995964757348
2.4974,8.50279204324788
2.4975,8.50562560100377
2.4976,8.5084603213769
2.4977,8.51129620490328
2.4978,8.51413325211921
2.4979,8.51697146356123
2.498,8.5198108397662
2.4981,8.52265138127121
2.4982,8.52549308861365
2.4983,8.52833596233117
2.4984,8.5311800029617
2.4985,8.53402521104343
2.4986,8.53687158711484
2.4987,8.53971913171468
2.4988,8.54256784538197
2.4989,8.54541772865601
2.499,8.54826878207636
2.4991,8.55112100618287
2.4992,8.55397440151565
2.4993,8.55682896861511
2.4994,8.5596847080219
2.4995,8.56254162027697
2.4996,8.56539970592155
2.4997,8.56825896549712
2.4998,8.57111939954545
2.4999,8.57398100860859
2.5,8.57684379322887
2.5001,8.57970775394887
2.5002,8.58257289131148
2.5003,8.58543920585983
2.5004,8.58830669813736
2.5005,8.59117536868778
2.5006,8.59404521805504
2.5007,8.59691624678342
2.5008,8.59978845541745
2.5009,8.60266184450192
2.501,8.60553641458194
2.5011,8.60841216620286
2.5012,8.61128909991033
2.5013,8.61416721625026
2.5014,8.61704651576886
2.5015,8.6199269990126
2.5016,8.62280866652823
2.5017,8.62569151886278
2.5018,8.62857555656357
2.5019,8.63146078017818
2.502,8.63434719025448
2.5021,8.63723478734063
2.5022,8.64012357198504
2.5023,8.64301354473642
2.5024,8.64590470614376
2.5025,8.64879705675632
2.5026,8.65169059712364
2.5027,8.65458532779555
2.5028,8.65748124932216
2.5029,8.66037836225385
2.503,8.66327666714128
2.5031,8.66617616453539
2.5032,8.66907685498742
2.5033,8.67197873904887
2.5034,8.67488181727153
2.5035,8.67778609020747
2.5036,8.68069155840903
2.5037,8.68359822242886
2.5038,8.68650608281986
2.5039,8.68941514013522
2.504,8.69232539492844
2.5041,8.69523684775326
2.5042,8.69814949916373
2.5043,8.70106334971416
2.5044,8.70397839995917
2.5045,8.70689465045364
2.5046,8.70981210175275
2.5047,8.71273075441195
2.5048,8.71565060898697
2.5049,8.71857166603385
2.505,8.72149392610888
2.5051,8.72441738976865
2.5052,8.72734205757003
2.5053,8.73026793007018
2.5054,8.73319500782653
2.5055,8.73612329139683
2.5056,8.73905278133906
2.5057,8.74198347821153
2.5058,8.74491538257281
2.5059,8.74784849498176
2.506,8.75078281599754
2.5061,8.75371834617957
2.5062,8.75665508608757
2.5063,8.75959303628155
2.5064,8.76253219732179
2.5065,8.76547256976888
2.5066,8.76841415418367
2.5067,8.77135695112731
2.5068,8.77430096116123
2.5069,8.77724618484716
2.507,8.7801926227471
2.5071,8.78314027542334
2.5072,8.78608914343846
2.5073,8.78903922735534
2.5074,8.79199052773711
2.5075,8.79494304514724
2.5076,8.79789678014943
2.5077,8.80085173330772
2.5078,8.80380790518641
2.5079,8.80676529635009
2.508,8.80972390736364
2.5081,8.81268373879223
2.5082,8.81564479120133
2.5083,8.81860706515667
2.5084,8.8215705612243
2.5085,8.82453527997054
2.5086,8.827501221962
2.5087,8.83046838776559
2.5088,8.83343677794849
2.5089,8.8364063930782
2.509,8.83937723372248
2.5091,8.84234930044939
2.5092,8.84532259382729
2.5093,8.84829711442483
2.5094,8.85127286281092
2.5095,8.8542498395548
2.5096,8.85722804522598
2.5097,8.86020748039427
2.5098,8.86318814562976
2.5099,8.86617004150283
2.51,8.86915316858417
2.5101,8.87213752744475
2.5102,8.87512311865583
2.5103,8.87810994278895
2.5104,8.88109800041598
2.5105,8.88408729210905
2.5106,8.88707781844058
2.5107,8.8900695799833
2.5108,8.89306257731022
2.5109,8.89605681099467
2.511,8.89905228161022
2.5111,8.90204898973079
2.5112,8.90504693593055
2.5113,8.90804612078399
2.5114,8.91104654486588
2.5115,8.9140482087513
2.5116,8.9170511130156
2.5117,8.92005525823443
2.5118,8.92306064498376
2.5119,8.92606727383983
2.512,8.92907514537917
2.5121,8.93208426017863
2.5122,8.93509461881532
2.5123,8.93810622186669
2.5124,8.94111906991044
2.5125,8.9441331635246
2.5126,8.94714850328747
2.5127,8.95016508977767
2.5128,8.95318292357408
2.5129,8.95620200525592
2.513,8.95922233540269
2.5131,8.96224391459416
2.5132,8.96526674341043
2.5133,8.96829082243189
2.5134,8.97131615223921
2.5135,8.97434273341339
2.5136,8.97737056653568
2.5137,8.98039965218767
2.5138,8.98342999095123
2.5139,8.98646158340853
2.514,8.98949443014203
2.5141,8.99252853173449
2.5142,8.99556388876899
2.5143,8.99860050182888
2.5144,9.00163837149782
2.5145,9.00467749835977
2.5146,9.00771788299899
2.5147,9.01075952600004
2.5148,9.01380242794777
2.5149,9.01684658942734
2.515,9.0198920110242
2.5151,9.02293869332411
2.5152,9.02598663691313
2.5153,9.0290358423776
2.5154,9.03208631030418
2.5155,9.03513804127983
2.5156,9.0381910358918
2.5157,9.04124529472764
2.5158,9.04430081837523
2.5159,9.04735760742272
2.516,9.05041566245856
2.5161,9.05347498407151
2.5162,9.05653557285065
2.5163,9.05959742938532
2.5164,9.06266055426521
2.5165,9.06572494808027
2.5166,9.06879061142078
2.5167,9.07185754487731
2.5168,9.07492574904074
2.5169,9.07799522450225
2.517,9.0810659718533
2.5171,9.0841379916857
2.5172,9.08721128459152
2.5173,9.09028585116316
2.5174,9.09336169199331
2.5175,9.09643880767496
2.5176,9.09951719880142
2.5177,9.1025968659663
2.5178,9.1056778097635
2.5179,9.10876003078723
2.518,9.11184352963202
2.5181,9.1149283068927
2.5182,9.11801436316439
2.5183,9.12110169904251
2.5184,9.12419031512282
2.5185,9.12728021200135
2.5186,9.13037139027446
2.5187,9.1334638505388
2.5188,9.13655759339134
2.5189,9.13965261942934
2.519,9.14274892925038
2.5191,9.14584652345233
2.5192,9.14894540263338
2.5193,9.15204556739203
2.5194,9.15514701832707
2.5195,9.15824975603762
2.5196,9.16135378112308
2.5197,9.16445909418319
2.5198,9.16756569581796
2.5199,9.17067358662775
2.52,9.17378276721318
2.5201,9.17689323817523
2.5202,9.18000500011514
2.5203,9.18311805363449
2.5204,9.18623239933516
2.5205,9.18934803781934
2.5206,9.19246496968952
2.5207,9.1955831955485
2.5208,9.19870271599941
2.5209,9.20182353164567
2.521,9.20494564309101
2.5211,9.20806905093948
2.5212,9.21119375579543
2.5213,9.21431975826352
2.5214,9.21744705894874
2.5215,9.22057565845636
2.5216,9.22370555739199
2.5217,9.22683675636153
2.5218,9.2299692559712
2.5219,9.23310305682753
2.522,9.23623815953736
2.5221,9.23937456470784
2.5222,9.24251227294643
2.5223,9.24565128486092
2.5224,9.24879160105938
2.5225,9.25193322215022
2.5226,9.25507614874215
2.5227,9.2582203814442
2.5228,9.2613659208657
2.5229,9.2645127676163
2.523,9.26766092230598
2.5231,9.270810385545
2.5232,9.27396115794397
2.5233,9.27711324011377
2.5234,9.28026663266563
2.5235,9.28342133621108
2.5236,9.28657735136197
2.5237,9.28973467873045
2.5238,9.29289331892901
2.5239,9.29605327257044
2.524,9.29921454026783
2.5241,9.30237712263461
2.5242,9.30554102028452
2.5243,9.3087062338316
2.5244,9.31187276389022
2.5245,9.31504061107505
2.5246,9.31820977600111
2.5247,9.3213802592837
2.5248,9.32455206153845
2.5249,9.32772518338131
2.525,9.33089962542854
2.5251,9.33407538829672
2.5252,9.33725247260275
2.5253,9.34043087896383
2.5254,9.34361060799752
2.5255,9.34679166032164
2.5256,9.34997403655438
2.5257,9.3531577373142
2.5258,9.35634276321992
2.5259,9.35952911489066
2.526,9.36271679294584
2.5261,9.36590579800523
2.5262,9.36909613068891
2.5263,9.37228779161727
2.5264,9.37548078141103
2.5265,9.37867510069122
2.5266,9.38187075007918
2.5267,9.3850677301966
2.5268,9.38826604166546
2.5269,9.39146568510808
2.527,9.39466666114708
2.5271,9.39786897040543
2.5272,9.40107261350639
2.5273,9.40427759107356
2.5274,9.40748390373085
2.5275,9.41069155210251
2.5276,9.41390053681307
2.5277,9.41711085848743
2.5278,9.42032251775078
2.5279,9.42353551522865
2.528,9.42674985154687
2.5281,9.42996552733162
2.5282,9.43318254320938
2.5283,9.43640089980696
2.5284,9.4396205977515
2.5285,9.44284163767044
2.5286,9.44606402019158
2.5287,9.449287745943
2.5288,9.45251281555315
2.5289,9.45573922965076
2.529,9.45896698886491
2.5291,9.46219609382499
2.5292,9.46542654516073
2.5293,9.46865834350216
2.5294,9.47189148947967
2.5295,9.47512598372394
2.5296,9.47836182686599
2.5297,9.48159901953717
2.5298,9.48483756236914
2.5299,9.4880774559939
2.53,9.49131870104378
2.5301,9.4945612981514
2.5302,9.49780524794975
2.5303,9.50105055107213
2.5304,9.50429720815215
2.5305,9.50754521982377
2.5306,9.51079458672126
2.5307,9.51404530947922
2.5308,9.51729738873259
2.5309,9.52055082511663
2.531,9.52380561926692
2.5311,9.52706177181937
2.5312,9.53031928341022
2.5313,9.53357815467604
2.5314,9.53683838625374
2.5315,9.54009997878052
2.5316,9.54336293289395
2.5317,9.54662724923191
2.5318,9.5498929284326
2.5319,9.55315997113457
2.532,9.55642837797668
2.5321,9.55969814959813
2.5322,9.56296928663845
2.5323,9.5662417897375
2.5324,9.56951565953545
2.5325,9.57279089667284
2.5326,9.57606750179051
2.5327,9.57934547552962
2.5328,9.58262481853171
2.5329,9.58590553143859
2.533,9.58918761489246
2.5331,9.59247106953579
2.5332,9.59575589601144
2.5333,9.59904209496256
2.5334,9.60232966703265
2.5335,9.60561861286553
2.5336,9.60890893310538
2.5337,9.61220062839668
2.5338,9.61549369938425
2.5339,9.61878814671326
2.534,9.62208397102919
2.5341,9.62538117297786
2.5342,9.62867975320544
2.5343,9.63197971235842
2.5344,9.63528105108361
2.5345,9.63858377002818
2.5346,9.64188786983962
2.5347,9.64519335116575
2.5348,9.64850021465473
2.5349,9.65180846095506
2.535,9.65511809071557
2.5351,9.65842910458542
2.5352,9.66174150321411
2.5353,9.66505528725149
2.5354,9.6683704573477
2.5355,9.67168701415327
2.5356,9.67500495831903
2.5357,9.67832429049617
2.5358,9.68164501133619
2.5359,9.68496712149094
2.536,9.68829062161262
2.5361,9.69161551235374
2.5362,9.69494179436716
2.5363,9.69826946830609
2.5364,9.70159853482405
2.5365,9.70492899457492
2.5366,9.70826084821292
2.5367,9.71159409639258
2.5368,9.71492873976881
2.5369,9.71826477899682
2.537,9.72160221473217
2.5371,9.72494104763076
2.5372,9.72828127834885
2.5373,9.73162290754299
2.5374,9.73496593587013
2.5375,9.7383103639875
2.5376,9.74165619255271
2.5377,9.7450034222237
2.5378,9.74835205365875
2.5379,9.75170208751647
2.538,9.75505352445583
2.5381,9.75840636513611
2.5382,9.76176061021697
2.5383,9.76511626035837
2.5384,9.76847331622065
2.5385,9.77183177846446
2.5386,9.77519164775081
2.5387,9.77855292474104
2.5388,9.78191561009685
2.5389,9.78527970448026
2.539,9.78864520855364
2.5391,9.79201212297971
2.5392,9.79538044842153
2.5393,9.7987501855425
2.5394,9.80212133500636
2.5395,9.8054938974772
2.5396,9.80886787361944
2.5397,9.81224326409786
2.5398,9.81562006957757
2.5399,9.81899829072405
2.54,9.82237792820308
2.5401,9.82575898268083
2.5402,9.82914145482379
2.5403,9.8325253452988
2.5404,9.83591065477304
2.5405,9.83929738391403
2.5406,9.84268553338967
2.5407,9.84607510386816
2.5408,9.84946609601807
2.5409,9.85285851050831
2.541,9.85625234800814
2.5411,9.85964760918716
2.5412,9.86304429471532
2.5413,9.86644240526293
2.5414,9.86984194150062
2.5415,9.87324290409939
2.5416,9.87664529373058
2.5417,9.88004911106587
2.5418,9.8834543567773
2.5419,9.88686103153725
2.542,9.89026913601844
2.5421,9.89367867089396
2.5422,9.89708963683724
2.5423,9.90050203452204
2.5424,9.90391586462249
2.5425,9.90733112781305
2.5426,9.91074782476857
2.5427,9.91416595616419
2.5428,9.91758552267546
2.5429,9.92100652497823
2.543,9.92442896374873
2.5431,9.92785283966354
2.5432,9.93127815339956
2.5433,9.93470490563409
2.5434,9.93813309704472
2.5435,9.94156272830945
2.5436,9.94499380010659
2.5437,9.94842631311482
2.5438,9.95186026801317
2.5439,9.95529566548103
2.544,9.95873250619812
2.5441,9.96217079084452
2.5442,9.96561052010067
2.5443,9.96905169464736
2.5444,9.97249431516573
2.5445,9.97593838233728
2.5446,9.97938389684384
2.5447,9.98283085936763
2.5448,9.9862792705912
2.5449,9.98972913119746
2.545,9.99318044186966
2.5451,9.99663320329143
2.5452,10.0000874161467
2.5453,10.0035430811199
2.5454,10.0070001988956
2.5455,10.0104587701589
2.5456,10.0139187955951
2.5457,10.01738027589
2.5458,10.0208432117298
2.5459,10.0243076038008
2.546,10.0277734527899
2.5461,10.0312407593843
2.5462,10.0347095242714
2.5463,10.0381797481392
2.5464,10.0416514316758
2.5465,10.04512457557
2.5466,10.0485991805106
2.5467,10.0520752471869
2.5468,10.0555527762886
2.5469,10.0590317685058
2.547,10.0625122245289
2.5471,10.0659941450484
2.5472,10.0694775307557
2.5473,10.072962382342
2.5474,10.0764487004993
2.5475,10.0799364859197
2.5476,10.0834257392958
2.5477,10.0869164613203
2.5478,10.0904086526867
2.5479,10.0939023140885
2.548,10.0973974462196
2.5481,10.1008940497745
2.5482,10.1043921254478
2.5483,10.1078916739345
2.5484,10.1113926959301
2.5485,10.1148951921303
2.5486,10.1183991632313
2.5487,10.1219046099296
2.5488,10.1254115329221
2.5489,10.1289199329059
2.549,10.1324298105786
2.5491,10.1359411666382
2.5492,10.1394540017831
2.5493,10.1429683167118
2.5494,10.1464841121233
2.5495,10.1500013887172
2.5496,10.1535201471932
2.5497,10.1570403882513
2.5498,10.1605621125921
2.5499,10.1640853209164
2.55,10.1676100139254
2.5501,10.1711361923208
2.5502,10.1746638568044
2.5503,10.1781930080785
2.5504,10.1817236468459
2.5505,10.1852557738095
2.5506,10.1887893896728
2.5507,10.1923244951395
2.5508,10.1958610909138
2.5509,10.1993991777002
2.551,10.2029387562034
2.5511,10.2064798271289
2.5512,10.2100223911821
2.5513,10.213566449069
2.5514,10.217112001496
2.5515,10.2206590491697
2.5516,10.2242075927972
2.5517,10.227757633086
2.5518,10.2313091707438
2.5519,10.2348622064789
2.552,10.2384167409997
2.5521,10.2419727750151
2.5522,10.2455303092345
2.5523,10.2490893443675
2.5524,10.252649881124
2.5525,10.2562119202145
2.5526,10.2597754623497
2.5527,10.2633405082408
2.5528,10.2669070585992
2.5529,10.2704751141367
2.553,10.2740446755657
2.5531,10.2776157435987
2.5532,10.2811883189486
2.5533,10.2847624023289
2.5534,10.2883379944532
2.5535,10.2919150960356
2.5536,10.2954937077906
2.5537,10.2990738304329
2.5538,10.3026554646779
2.5539,10.306238611241
2.554,10.3098232708382
2.5541,10.3134094441858
2.5542,10.3169971320006
2.5543,10.3205863349995
2.5544,10.3241770538999
2.5545,10.3277692894198
2.5546,10.3313630422773
2.5547,10.3349583131909
2.5548,10.3385551028795
2.5549,10.3421534120626
2.555,10.3457532414596
2.5551,10.3493545917907
2.5552,10.3529574637764
2.5553,10.3565618581374
2.5554,10.3601677755948
2.5555,10.3637752168703
2.5556,10.3673841826857
2.5557,10.3709946737634
2.5558,10.3746066908261
2.5559,10.3782202345967
2.556,10.3818353057988
2.5561,10.3854519051561
2.5562,10.3890700333928
2.5563,10.3926896912335
2.5564,10.3963108794031
2.5565,10.3999335986269
2.5566,10.4035578496307
2.5567,10.4071836331405
2.5568,10.4108109498827
2.5569,10.4144398005842
2.557,10.4180701859722
2.5571,10.4217021067742
2.5572,10.4253355637183
2.5573,10.4289705575328
2.5574,10.4326070889463
2.5575,10.4362451586881
2.5576,10.4398847674875
2.5577,10.4435259160745
2.5578,10.4471686051793
2.5579,10.4508128355325
2.558,10.4544586078651
2.5581,10.4581059229085
2.5582,10.4617547813945
2.5583,10.4654051840552
2.5584,10.4690571316232
2.5585,10.4727106248313
2.5586,10.4763656644128
2.5587,10.4800222511015
2.5588,10.4836803856314
2.5589,10.4873400687369
2.559,10.4910013011528
2.5591,10.4946640836144
2.5592,10.4983284168572
2.5593,10.5019943016172
2.5594,10.5056617386308
2.5595,10.5093307286347
2.5596,10.5130012723661
2.5597,10.5166733705624
2.5598,10.5203470239615
2.5599,10.5240222333018
2.56,10.5276989993218
2.5601,10.5313773227606
2.5602,10.5350572043577
2.5603,10.5387386448529
2.5604,10.5424216449864
2.5605,10.5461062054988
2.5606,10.549792327131
2.5607,10.5534800106244
2.5608,10.5571692567208
2.5609,10.5608600661622
2.561,10.5645524396914
2.5611,10.568246378051
2.5612,10.5719418819845
2.5613,10.5756389522356
2.5614,10.5793375895482
2.5615,10.5830377946669
2.5616,10.5867395683366
2.5617,10.5904429113024
2.5618,10.59414782431
2.5619,10.5978543081054
2.562,10.6015623634351
2.5621,10.6052719910458
2.5622,10.6089831916847
2.5623,10.6126959660993
2.5624,10.6164103150378
2.5625,10.6201262392483
2.5626,10.6238437394798
2.5627,10.6275628164812
2.5628,10.6312834710022
2.5629,10.6350057037926
2.563,10.6387295156028
2.5631,10.6424549071835
2.5632,10.6461818792858
2.5633,10.6499104326612
2.5634,10.6536405680615
2.5635,10.6573722862391
2.5636,10.6611055879465
2.5637,10.6648404739369
2.5638,10.6685769449638
2.5639,10.6723150017809
2.564,10.6760546451425
2.5641,10.6797958758032
2.5642,10.6835386945181
2.5643,10.6872831020427
2.5644,10.6910290991326
2.5645,10.6947766865442
2.5646,10.698525865034
2.5647,10.7022766353591
2.5648,10.7060289982768
2.5649,10.709782954545
2.565,10.7135385049218
2.5651,10.7172956501658
2.5652,10.7210543910361
2.5653,10.7248147282919
2.5654,10.7285766626932
2.5655,10.7323401949999
2.5656,10.7361053259728
2.5657,10.7398720563728
2.5658,10.7436403869613
2.5659,10.7474103184999
2.566,10.751181851751
2.5661,10.754954987477
2.5662,10.7587297264409
2.5663,10.7625060694061
2.5664,10.7662840171364
2.5665,10.7700635703958
2.5666,10.773844729949
2.5667,10.7776274965609
2.5668,10.7814118709969
2.5669,10.7851978540227
2.567,10.7889854464045
2.5671,10.7927746489088
2.5672,10.7965654623027
2.5673,10.8003578873534
2.5674,10.8041519248288
2.5675,10.807947575497
2.5676,10.8117448401265
2.5677,10.8155437194864
2.5678,10.819344214346
2.5679,10.8231463254751
2.568,10.8269500536438
2.5681,10.8307553996228
2.5682,10.8345623641829
2.5683,10.8383709480957
2.5684,10.8421811521329
2.5685,10.8459929770667
2.5686,10.8498064236697
2.5687,10.8536214927148
2.5688,10.8574381849756
2.5689,10.8612565012258
2.569,10.8650764422396
2.5691,10.8688980087916
2.5692,10.8727212016569
2.5693,10.876546021611
2.5694,10.8803724694296
2.5695,10.8842005458889
2.5696,10.8880302517658
2.5697,10.8918615878371
2.5698,10.8956945548804
2.5699,10.8995291536736
2.57,10.9033653849948
2.5701,10.9072032496229
2.5702,10.9110427483369
2.5703,10.9148838819163
2.5704,10.918726651141
2.5705,10.9225710567914
2.5706,10.9264170996481
2.5707,10.9302647804924
2.5708,10.9341141001057
2.5709,10.9379650592699
2.571,10.9418176587676
2.5711,10.9456718993814
2.5712,10.9495277818946
2.5713,10.9533853070907
2.5714,10.9572444757537
2.5715,10.9611052886681
2.5716,10.9649677466187
2.5717,10.9688318503907
2.5718,10.9726976007697
2.5719,10.9765649985419
2.572,10.9804340444937
2.5721,10.9843047394121
2.5722,10.9881770840842
2.5723,10.9920510792978
2.5724,10.9959267258411
2.5725,10.9998040245025
2.5726,11.003682976071
2.5727,11.0075635813361
2.5728,11.0114458410874
2.5729,11.0153297561152
2.573,11.01921532721
2.5731,11.0231025551629
2.5732,11.0269914407654
2.5733,11.0308819848092
2.5734,11.0347741880867
2.5735,11.0386680513905
2.5736,11.0425635755137
2.5737,11.0464607612499
2.5738,11.0503596093929
2.5739,11.0542601207372
2.574,11.0581622960774
2.5741,11.0620661362088
2.5742,11.0659716419269
2.5743,11.0698788140279
2.5744,11.073787653308
2.5745,11.0776981605641
2.5746,11.0816103365936
2.5747,11.0855241821941
2.5748,11.0894396981636
2.5749,11.0933568853008
2.575,11.0972757444046
2.5751,11.1011962762744
2.5752,11.1051184817098
2.5753,11.1090423615112
2.5754,11.1129679164791
2.5755,11.1168951474145
2.5756,11.1208240551191
2.5757,11.1247546403945
2.5758,11.1286869040432
2.5759,11.1326208468678
2.576,11.1365564696715
2.5761,11.1404937732579
2.5762,11.1444327584309
2.5763,11.148373425995
2.5764,11.152315776755
2.5765,11.1562598115161
2.5766,11.1602055310841
2.5767,11.164152936265
2.5768,11.1681020278653
2.5769,11.1720528066921
2.577,11.1760052735526
2.5771,11.1799594292547
2.5772,11.1839152746066
2.5773,11.187872810417
2.5774,11.1918320374949
2.5775,11.1957929566497
2.5776,11.1997555686915
2.5777,11.2037198744306
2.5778,11.2076858746777
2.5779,11.2116535702441
2.578,11.2156229619413
2.5781,11.2195940505814
2.5782,11.2235668369769
2.5783,11.2275413219407
2.5784,11.2315175062862
2.5785,11.235495390827
2.5786,11.2394749763774
2.5787,11.2434562637519
2.5788,11.2474392537657
2.5789,11.2514239472342
2.579,11.2554103449732
2.5791,11.2593984477992
2.5792,11.2633882565289
2.5793,11.2673797719794
2.5794,11.2713729949684
2.5795,11.2753679263139
2.5796,11.2793645668344
2.5797,11.2833629173488
2.5798,11.2873629786765
2.5799,11.2913647516371
2.58,11.295368237051
2.5801,11.2993734357386
2.5802,11.3033803485212
2.5803,11.3073889762202
2.5804,11.3113993196574
2.5805,11.3154113796554
2.5806,11.3194251570367
2.5807,11.3234406526248
2.5808,11.3274578672432
2.5809,11.331476801716
2.581,11.3354974568677
2.5811,11.3395198335234
2.5812,11.3435439325083
2.5813,11.3475697546484
2.5814,11.3515973007698
2.5815,11.3556265716993
2.5816,11.3596575682639
2.5817,11.3636902912913
2.5818,11.3677247416095
2.5819,11.3717609200469
2.582,11.3757988274323
2.5821,11.379838464595
2.5822,11.3838798323649
2.5823,11.3879229315721
2.5824,11.3919677630471
2.5825,11.3960143276212
2.5826,11.4000626261256
2.5827,11.4041126593925
2.5828,11.4081644282541
2.5829,11.4122179335432
2.583,11.4162731760931
2.5831,11.4203301567375
2.5832,11.4243888763105
2.5833,11.4284493356466
2.5834,11.4325115355809
2.5835,11.4365754769487
2.5836,11.4406411605861
2.5837,11.4447085873292
2.5838,11.4487777580149
2.5839,11.4528486734803
2.584,11.4569213345631
2.5841,11.4609957421014
2.5842,11.4650718969337
2.5843,11.469149799899
2.5844,11.4732294518366
2.5845,11.4773108535865
2.5846,11.4813940059888
2.5847,11.4854789098844
2.5848,11.4895655661145
2.5849,11.4936539755205
2.585,11.4977441389447
2.5851,11.5018360572296
2.5852,11.5059297312179
2.5853,11.5100251617533
2.5854,11.5141223496794
2.5855,11.5182212958407
2.5856,11.5223220010818
2.5857,11.5264244662479
2.5858,11.5305286921846
2.5859,11.5346346797379
2.586,11.5387424297545
2.5861,11.5428519430813
2.5862,11.5469632205656
2.5863,11.5510762630553
2.5864,11.5551910713988
2.5865,11.5593076464447
2.5866,11.5634259890423
2.5867,11.5675461000411
2.5868,11.5716679802914
2.5869,11.5757916306436
2.587,11.5799170519486
2.5871,11.5840442450581
2.5872,11.5881732108237
2.5873,11.592303950098
2.5874,11.5964364637336
2.5875,11.6005707525837
2.5876,11.6047068175022
2.5877,11.608844659343
2.5878,11.6129842789608
2.5879,11.6171256772106
2.588,11.6212688549479
2.5881,11.6254138130287
2.5882,11.6295605523093
2.5883,11.6337090736466
2.5884,11.6378593778978
2.5885,11.6420114659207
2.5886,11.6461653385735
2.5887,11.6503209967149
2.5888,11.654478441204
2.5889,11.6586376729002
2.589,11.6627986926637
2.5891,11.6669615013549
2.5892,11.6711260998346
2.5893,11.6752924889644
2.5894,11.6794606696059
2.5895,11.6836306426216
2.5896,11.687802408874
2.5897,11.6919759692265
2.5898,11.6961513245426
2.5899,11.7003284756866
2.59,11.7045074235228
2.5901,11.7086881689164
2.5902,11.7128707127329
2.5903,11.7170550558381
2.5904,11.7212411990984
2.5905,11.7254291433807
2.5906,11.7296188895523
2.5907,11.733810438481
2.5908,11.738003791035
2.5909,11.7421989480829
2.591,11.7463959104939
2.5911,11.7505946791376
2.5912,11.754795254884
2.5913,11.7589976386037
2.5914,11.7632018311676
2.5915,11.7674078334472
2.5916,11.7716156463144
2.5917,11.7758252706415
2.5918,11.7800367073014
2.5919,11.7842499571672
2.592,11.7884650211129
2.5921,11.7926819000125
2.5922,11.7969005947407
2.5923,11.8011211061727
2.5924,11.805343435184
2.5925,11.8095675826507
2.5926,11.8137935494494
2.5927,11.8180213364569
2.5928,11.8222509445507
2.5929,11.8264823746088
2.593,11.8307156275095
2.5931,11.8349507041316
2.5932,11.8391876053545
2.5933,11.8434263320578
2.5934,11.8476668851219
2.5935,11.8519092654274
2.5936,11.8561534738554
2.5937,11.8603995112877
2.5938,11.8646473786063
2.5939,11.8688970766937
2.594,11.873148606433
2.5941,11.8774019687077
2.5942,11.8816571644017
2.5943,11.8859141943994
2.5944,11.8901730595858
2.5945,11.8944337608462
2.5946,11.8986962990665
2.5947,11.9029606751329
2.5948,11.9072268899322
2.5949,11.9114949443517
2.595,11.915764839279
2.5951,11.9200365756023
2.5952,11.9243101542104
2.5953,11.9285855759922
2.5954,11.9328628418374
2.5955,11.937141952636
2.5956,11.9414229092787
2.5957,11.9457057126562
2.5958,11.9499903636603
2.5959,11.9542768631827
2.596,11.9585652121159
2.5961,11.9628554113527
2.5962,11.9671474617867
2.5963,11.9714413643115
2.5964,11.9757371198215
2.5965,11.9800347292114
2.5966,11.9843341933766
2.5967,11.9886355132128
2.5968,11.9929386896161
2.5969,11.9972437234832
2.597,12.0015506157112
2.5971,12.0058593671979
2.5972,12.0101699788413
2.5973,12.01448245154
2.5974,12.018796786193
2.5975,12.0231129836999
2.5976,12.0274310449607
2.5977,12.0317509708758
2.5978,12.0360727623462
2.5979,12.0403964202734
2.598,12.0447219455592
2.5981,12.0490493391061
2.5982,12.053378601817
2.5983,12.0577097345951
2.5984,12.0620427383443
2.5985,12.0663776139689
2.5986,12.0707143623737
2.5987,12.0750529844639
2.5988,12.0793934811454
2.5989,12.0837358533243
2.599,12.0880801019073
2.5991,12.0924262278016
2.5992,12.0967742319149
2.5993,12.1011241151554
2.5994,12.1054758784315
2.5995,12.1098295226526
2.5996,12.1141850487281
2.5997,12.1185424575681
2.5998,12.1229017500833
2.5999,12.1272629271845
2.6,12.1316259897834
2.6001,12.1359909387919
2.6002,12.1403577751226
2.6003,12.1447264996884
2.6004,12.1490971134027
2.6005,12.1534696171796
2.6006,12.1578440119334
2.6007,12.162220298579
2.6008,12.1665984780319
2.6009,12.1709785512079
2.601,12.1753605190234
2.6011,12.1797443823952
2.6012,12.1841301422407
2.6013,12.1885177994777
2.6014,12.1929073550245
2.6015,12.1972988098
2.6016,12.2016921647234
2.6017,12.2060874207144
2.6018,12.2104845786934
2.6019,12.2148836395811
2.602,12.2192846042987
2.6021,12.223687473768
2.6022,12.2280922489111
2.6023,12.2324989306509
2.6024,12.2369075199104
2.6025,12.2413180176134
2.6026,12.2457304246841
2.6027,12.2501447420471
2.6028,12.2545609706275
2.6029,12.2589791113511
2.603,12.2633991651439
2.6031,12.2678211329326
2.6032,12.2722450156444
2.6033,12.2766708142068
2.6034,12.2810985295479
2.6035,12.2855281625964
2.6036,12.2899597142813
2.6037,12.2943931855322
2.6038,12.2988285772793
2.6039,12.303265890453
2.604,12.3077051259845
2.6041,12.3121462848054
2.6042,12.3165893678476
2.6043,12.3210343760437
2.6044,12.3254813103268
2.6045,12.3299301716304
2.6046,12.3343809608886
2.6047,12.3388336790359
2.6048,12.3432883270074
2.6049,12.3477449057385
2.605,12.3522034161653
2.6051,12.3566638592243
2.6052,12.3611262358526
2.6053,12.3655905469876
2.6054,12.3700567935674
2.6055,12.3745249765305
2.6056,12.3789950968159
2.6057,12.3834671553631
2.6058,12.3879411531122
2.6059,12.3924170910036
2.606,12.3968949699783
2.6061,12.401374790978
2.6062,12.4058565549445
2.6063,12.4103402628204
2.6064,12.4148259155487
2.6065,12.419313514073
2.6066,12.4238030593372
2.6067,12.4282945522859
2.6068,12.4327879938641
2.6069,12.4372833850173
2.607,12.4417807266915
2.6071,12.4462800198333
2.6072,12.4507812653897
2.6073,12.4552844643083
2.6074,12.459789617537
2.6075,12.4642967260244
2.6076,12.4688057907197
2.6077,12.4733168125722
2.6078,12.4778297925322
2.6079,12.4823447315501
2.608,12.486861630577
2.6081,12.4913804905645
2.6082,12.4959013124647
2.6083,12.5004240972302
2.6084,12.504948845814
2.6085,12.5094755591698
2.6086,12.5140042382517
2.6087,12.5185348840142
2.6088,12.5230674974126
2.6089,12.5276020794024
2.609,12.5321386309398
2.6091,12.5366771529815
2.6092,12.5412176464846
2.6093,12.5457601124067
2.6094,12.5503045517061
2.6095,12.5548509653414
2.6096,12.5593993542719
2.6097,12.5639497194572
2.6098,12.5685020618576
2.6099,12.5730563824338
2.61,12.577612682147
2.6101,12.5821709619591
2.6102,12.5867312228322
2.6103,12.5912934657291
2.6104,12.5958576916132
2.6105,12.6004239014482
2.6106,12.6049920961985
2.6107,12.6095622768289
2.6108,12.6141344443047
2.6109,12.6187085995918
2.611,12.6232847436566
2.6111,12.627862877466
2.6112,12.6324430019873
2.6113,12.6370251181885
2.6114,12.641609227038
2.6115,12.6461953295047
2.6116,12.6507834265582
2.6117,12.6553735191685
2.6118,12.6599656083059
2.6119,12.6645596949416
2.612,12.669155780047
2.6121,12.6737538645942
2.6122,12.6783539495559
2.6123,12.682956035905
2.6124,12.6875601246152
2.6125,12.6921662166605
2.6126,12.6967743130158
2.6127,12.701384414656
2.6128,12.705996522557
2.6129,12.7106106376948
2.613,12.7152267610463
2.6131,12.7198448935886
2.6132,12.7244650362996
2.6133,12.7290871901575
2.6134,12.7337113561411
2.6135,12.7383375352298
2.6136,12.7429657284034
2.6137,12.7475959366422
2.6138,12.7522281609272
2.6139,12.7568624022399
2.614,12.761498661562
2.6141,12.7661369398762
2.6142,12.7707772381654
2.6143,12.7754195574131
2.6144,12.7800638986033
2.6145,12.7847102627207
2.6146,12.7893586507503
2.6147,12.7940090636776
2.6148,12.798661502489
2.6149,12.803315968171
2.615,12.8079724617108
2.6151,12.8126309840961
2.6152,12.8172915363152
2.6153,12.8219541193569
2.6154,12.8266187342105
2.6155,12.8312853818658
2.6156,12.8359540633131
2.6157,12.8406247795433
2.6158,12.8452975315479
2.6159,12.8499723203188
2.616,12.8546491468484
2.6161,12.8593280121298
2.6162,12.8640089171566
2.6163,12.8686918629226
2.6164,12.8733768504227
2.6165,12.8780638806518
2.6166,12.8827529546057
2.6167,12.8874440732804
2.6168,12.8921372376729
2.6169,12.8968324487802
2.617,12.9015297076002
2.6171,12.9062290151312
2.6172,12.9109303723721
2.6173,12.9156337803222
2.6174,12.9203392399814
2.6175,12.9250467523502
2.6176,12.9297563184296
2.6177,12.934467939221
2.6178,12.9391816157267
2.6179,12.943897348949
2.618,12.9486151398913
2.6181,12.953334989557
2.6182,12.9580568989505
2.6183,12.9627808690764
2.6184,12.9675069009401
2.6185,12.9722349955473
2.6186,12.9769651539043
2.6187,12.9816973770181
2.6188,12.9864316658961
2.6189,12.9911680215462
2.619,12.9959064449769
2.6191,13.0006469371973
2.6192,13.0053894992169
2.6193,13.0101341320459
2.6194,13.0148808366948
2.6195,13.019629614175
2.6196,13.0243804654981
2.6197,13.0291333916764
2.6198,13.0338883937227
2.6199,13.0386454726505
2.62,13.0434046294734
2.6201,13.0481658652061
2.6202,13.0529291808635
2.6203,13.0576945774612
2.6204,13.0624620560151
2.6205,13.067231617542
2.6206,13.0720032630589
2.6207,13.0767769935835
2.6208,13.0815528101342
2.6209,13.0863307137297
2.621,13.0911107053893
2.6211,13.0958927861329
2.6212,13.1006769569809
2.6213,13.1054632189544
2.6214,13.1102515730747
2.6215,13.1150420203641
2.6216,13.119834561845
2.6217,13.1246291985407
2.6218,13.1294259314748
2.6219,13.1342247616716
2.622,13.1390256901559
2.6221,13.143828717953
2.6222,13.1486338460888
2.6223,13.1534410755899
2.6224,13.1582504074831
2.6225,13.163061842796
2.6226,13.1678753825568
2.6227,13.172691027794
2.6228,13.1775087795368
2.6229,13.182328638815
2.623,13.1871506066589
2.6231,13.1919746840994
2.6232,13.1968008721678
2.6233,13.201629171896
2.6234,13.2064595843167
2.6235,13.2112921104627
2.6236,13.2161267513679
2.6237,13.2209635080662
2.6238,13.2258023815925
2.6239,13.2306433729819
2.624,13.2354864832704
2.6241,13.2403317134943
2.6242,13.2451790646905
2.6243,13.2500285378965
2.6244,13.2548801341504
2.6245,13.2597338544908
2.6246,13.2645896999567
2.6247,13.269447671588
2.6248,13.274307770425
2.6249,13.2791699975083
2.625,13.2840343538795
2.6251,13.2889008405804
2.6252,13.2937694586536
2.6253,13.2986402091421
2.6254,13.3035130930896
2.6255,13.3083881115401
2.6256,13.3132652655386
2.6257,13.3181445561301
2.6258,13.3230259843607
2.6259,13.3279095512767
2.626,13.3327952579251
2.6261,13.3376831053534
2.6262,13.3425730946098
2.6263,13.3474652267429
2.6264,13.3523595028019
2.6265,13.3572559238366
2.6266,13.3621544908973
2.6267,13.3670552050351
2.6268,13.3719580673012
2.6269,13.3768630787479
2.627,13.3817702404277
2.6271,13.3866795533937
2.6272,13.3915910186997
2.6273,13.3965046374
2.6274,13.4014204105494
2.6275,13.4063383392034
2.6276,13.411258424418
2.6277,13.4161806672497
2.6278,13.4211050687557
2.6279,13.4260316299936
2.628,13.4309603520217
2.6281,13.4358912358988
2.6282,13.4408242826844
2.6283,13.4457594934384
2.6284,13.4506968692213
2.6285,13.4556364110942
2.6286,13.4605781201188
2.6287,13.4655219973574
2.6288,13.4704680438727
2.6289,13.4754162607282
2.629,13.4803666489878
2.6291,13.4853192097159
2.6292,13.4902739439778
2.6293,13.495230852839
2.6294,13.5001899373658
2.6295,13.5051511986251
2.6296,13.5101146376841
2.6297,13.5150802556109
2.6298,13.520048053474
2.6299,13.5250180323424
2.63,13.5299901932859
2.6301,13.5349645373746
2.6302,13.5399410656795
2.6303,13.5449197792719
2.6304,13.5499006792238
2.6305,13.5548837666078
2.6306,13.5598690424969
2.6307,13.5648565079649
2.6308,13.569846164086
2.6309,13.5748380119351
2.631,13.5798320525877
2.6311,13.5848282871196
2.6312,13.5898267166077
2.6313,13.5948273421289
2.6314,13.599830164761
2.6315,13.6048351855824
2.6316,13.6098424056719
2.6317,13.6148518261091
2.6318,13.619863447974
2.6319,13.6248772723472
2.632,13.62989330031
2.6321,13.6349115329441
2.6322,13.639931971332
2.6323,13.6449546165566
2.6324,13.6499794697015
2.6325,13.6550065318507
2.6326,13.660035804089
2.6327,13.6650672875018
2.6328,13.6701009831748
2.6329,13.6751368921945
2.633,13.680175015648
2.6331,13.6852153546229
2.6332,13.6902579102075
2.6333,13.6953026834904
2.6334,13.7003496755612
2.6335,13.7053988875097
2.6336,13.7104503204265
2.6337,13.7155039754028
2.6338,13.7205598535303
2.6339,13.7256179559014
2.634,13.7306782836088
2.6341,13.7357408377461
2.6342,13.7408056194074
2.6343,13.7458726296874
2.6344,13.7509418696812
2.6345,13.7560133404848
2.6346,13.7610870431946
2.6347,13.7661629789076
2.6348,13.7712411487214
2.6349,13.7763215537342
2.635,13.7814041950448
2.6351,13.7864890737526
2.6352,13.7915761909576
2.6353,13.7966655477603
2.6354,13.8017571452619
2.6355,13.8068509845642
2.6356,13.8119470667695
2.6357,13.8170453929807
2.6358,13.8221459643013
2.6359,13.8272487818356
2.636,13.8323538466882
2.6361,13.8374611599644
2.6362,13.8425707227701
2.6363,13.8476825362118
2.6364,13.8527966013967
2.6365,13.8579129194325
2.6366,13.8630314914273
2.6367,13.8681523184901
2.6368,13.8732754017305
2.6369,13.8784007422584
2.637,13.8835283411846
2.6371,13.8886581996203
2.6372,13.8937903186774
2.6373,13.8989246994684
2.6374,13.9040613431063
2.6375,13.9092002507049
2.6376,13.9143414233784
2.6377,13.9194848622416
2.6378,13.9246305684101
2.6379,13.9297785429999
2.638,13.9349287871276
2.6381,13.9400813019107
2.6382,13.9452360884669
2.6383,13.9503931479147
2.6384,13.9555524813732
2.6385,13.9607140899621
2.6386,13.9658779748016
2.6387,13.9710441370127
2.6388,13.9762125777169
2.6389,13.9813832980363
2.639,13.9865562990935
2.6391,13.9917315820119
2.6392,13.9969091479153
2.6393,14.0020889979284
2.6394,14.0072711331762
2.6395,14.0124555547844
2.6396,14.0176422638795
2.6397,14.0228312615883
2.6398,14.0280225490384
2.6399,14.0332161273579
2.64,14.0384119976757
2.6401,14.043610161121
2.6402,14.048810618824
2.6403,14.0540133719151
2.6404,14.0592184215256
2.6405,14.0644257687873
2.6406,14.0696354148326
2.6407,14.0748473607945
2.6408,14.0800616078068
2.6409,14.0852781570036
2.641,14.0904970095199
2.6411,14.095718166491
2.6412,14.1009416290531
2.6413,14.106167398343
2.6414,14.1113954754978
2.6415,14.1166258616556
2.6416,14.1218585579549
2.6417,14.1270935655348
2.6418,14.1323308855351
2.6419,14.1375705190963
2.642,14.1428124673593
2.6421,14.1480567314657
2.6422,14.1533033125577
2.6423,14.1585522117783
2.6424,14.1638034302709
2.6425,14.1690569691795
2.6426,14.174312829649
2.6427,14.1795710128245
2.6428,14.184831519852
2.6429,14.1900943518781
2.643,14.19535951005
2.6431,14.2006269955154
2.6432,14.2058968094228
2.6433,14.2111689529211
2.6434,14.2164434271601
2.6435,14.2217202332901
2.6436,14.2269993724618
2.6437,14.2322808458269
2.6438,14.2375646545374
2.6439,14.2428507997462
2.644,14.2481392826065
2.6441,14.2534301042725
2.6442,14.2587232658987
2.6443,14.2640187686404
2.6444,14.2693166136534
2.6445,14.2746168020943
2.6446,14.2799193351202
2.6447,14.2852242138888
2.6448,14.2905314395585
2.6449,14.2958410132884
2.645,14.3011529362379
2.6451,14.3064672095674
2.6452,14.3117838344378
2.6453,14.3171028120105
2.6454,14.3224241434477
2.6455,14.3277478299121
2.6456,14.3330738725672
2.6457,14.3384022725769
2.6458,14.3437330311059
2.6459,14.3490661493195
2.646,14.3544016283836
2.6461,14.3597394694646
2.6462,14.3650796737298
2.6463,14.370422242347
2.6464,14.3757671764846
2.6465,14.3811144773117
2.6466,14.3864641459978
2.6467,14.3918161837135
2.6468,14.3971705916295
2.6469,14.4025273709176
2.647,14.4078865227498
2.6471,14.4132480482991
2.6472,14.418611948739
2.6473,14.4239782252436
2.6474,14.4293468789876
2.6475,14.4347179111464
2.6476,14.4400913228961
2.6477,14.4454671154133
2.6478,14.4508452898753
2.6479,14.4562258474601
2.648,14.4616087893462
2.6481,14.4669941167128
2.6482,14.4723818307398
2.6483,14.4777719326077
2.6484,14.4831644234976
2.6485,14.4885593045912
2.6486,14.493956577071
2.6487,14.49935624212
2.6488,14.5047583009219
2.6489,14.510162754661
2.649,14.5155696045222
2.6491,14.5209788516912
2.6492,14.5263904973542
2.6493,14.5318045426982
2.6494,14.5372209889105
2.6495,14.5426398371795
2.6496,14.5480610886939
2.6497,14.5534847446431
2.6498,14.5589108062174
2.6499,14.5643392746073
2.65,14.5697701510044
2.6501,14.5752034366006
2.6502,14.5806391325887
2.6503,14.5860772401619
2.6504,14.5915177605142
2.6505,14.5969606948403
2.6506,14.6024060443354
2.6507,14.6078538101954
2.6508,14.6133039936169
2.6509,14.618756595797
2.651,14.6242116179337
2.6511,14.6296690612255
2.6512,14.6351289268715
2.6513,14.6405912160714
2.6514,14.6460559300258
2.6515,14.6515230699358
2.6516,14.656992637003
2.6517,14.66246463243
2.6518,14.6679390574197
2.6519,14.6734159131759
2.652,14.6788952009029
2.6521,14.6843769218058
2.6522,14.6898610770901
2.6523,14.6953476679623
2.6524,14.7008366956292
2.6525,14.7063281612985
2.6526,14.7118220661785
2.6527,14.7173184114782
2.6528,14.722817198407
2.6529,14.7283184281753
2.653,14.7338221019939
2.6531,14.7393282210744
2.6532,14.744836786629
2.6533,14.7503477998706
2.6534,14.7558612620127
2.6535,14.7613771742695
2.6536,14.7668955378558
2.6537,14.7724163539871
2.6538,14.7779396238796
2.6539,14.7834653487501
2.654,14.7889935298161
2.6541,14.7945241682956
2.6542,14.8000572654076
2.6543,14.8055928223715
2.6544,14.8111308404073
2.6545,14.8166713207359
2.6546,14.8222142645787
2.6547,14.8277596731578
2.6548,14.833307547696
2.6549,14.8388578894168
2.655,14.8444106995441
2.6551,14.8499659793028
2.6552,14.8555237299182
2.6553,14.8610839526166
2.6554,14.8666466486245
2.6555,14.8722118191696
2.6556,14.8777794654797
2.6557,14.8833495887837
2.6558,14.888922190311
2.6559,14.8944972712917
2.656,14.9000748329565
2.6561,14.9056548765369
2.6562,14.9112374032649
2.6563,14.9168224143733
2.6564,14.9224099110955
2.6565,14.9279998946656
2.6566,14.9335923663184
2.6567,14.9391873272892
2.6568,14.9447847788143
2.6569,14.9503847221304
2.657,14.9559871584748
2.6571,14.9615920890858
2.6572,14.9671995152022
2.6573,14.9728094380633
2.6574,14.9784218589094
2.6575,14.9840367789811
2.6576,14.9896541995201
2.6577,14.9952741217685
2.6578,15.000896546969
2.6579,15.0065214763653
2.658,15.0121489112014
2.6581,15.0177788527223
2.6582,15.0234113021735
2.6583,15.0290462608011
2.6584,15.034683729852
2.6585,15.0403237105739
2.6586,15.045966204215
2.6587,15.0516112120241
2.6588,15.0572587352509
2.6589,15.0629087751456
2.659,15.0685613329592
2.6591,15.0742164099434
2.6592,15.0798740073504
2.6593,15.0855341264332
2.6594,15.0911967684456
2.6595,15.0968619346418
2.6596,15.1025296262769
2.6597,15.1081998446066
2.6598,15.1138725908874
2.6599,15.1195478663762
2.66,15.125225672331
2.6601,15.13090601001
2.6602,15.1365888806725
2.6603,15.1422742855783
2.6604,15.1479622259879
2.6605,15.1536527031624
2.6606,15.1593457183637
2.6607,15.1650412728545
2.6608,15.1707393678979
2.6609,15.1764400047579
2.661,15.182143184699
2.6611,15.1878489089867
2.6612,15.1935571788869
2.6613,15.1992679956662
2.6614,15.2049813605922
2.6615,15.2106972749327
2.6616,15.2164157399566
2.6617,15.2221367569333
2.6618,15.2278603271329
2.6619,15.2335864518263
2.662,15.239315132285
2.6621,15.2450463697811
2.6622,15.2507801655877
2.6623,15.2565165209782
2.6624,15.2622554372269
2.6625,15.2679969156089
2.6626,15.2737409573997
2.6627,15.2794875638759
2.6628,15.2852367363143
2.6629,15.2909884759928
2.663,15.2967427841898
2.6631,15.3024996621844
2.6632,15.3082591112566
2.6633,15.3140211326867
2.6634,15.3197857277561
2.6635,15.3255528977468
2.6636,15.3313226439412
2.6637,15.3370949676228
2.6638,15.3428698700755
2.6639,15.3486473525841
2.664,15.354427416434
2.6641,15.3602100629114
2.6642,15.365995293303
2.6643,15.3717831088963
2.6644,15.3775735109797
2.6645,15.3833665008419
2.6646,15.3891620797728
2.6647,15.3949602490624
2.6648,15.400761010002
2.6649,15.4065643638833
2.665,15.4123703119986
2.6651,15.4181788556411
2.6652,15.4239899961047
2.6653,15.4298037346839
2.6654,15.4356200726739
2.6655,15.4414390113708
2.6656,15.4472605520712
2.6657,15.4530846960724
2.6658,15.4589114446726
2.6659,15.4647407991705
2.666,15.4705727608657
2.6661,15.4764073310582
2.6662,15.4822445110491
2.6663,15.48808430214
2.6664,15.4939267056331
2.6665,15.4997717228315
2.6666,15.505619355039
2.6667,15.5114696035601
2.6668,15.5173224696998
2.6669,15.5231779547641
2.667,15.5290360600596
2.6671,15.5348967868935
2.6672,15.540760136574
2.6673,15.5466261104096
2.6674,15.55249470971
2.6675,15.5583659357851
2.6676,15.564239789946
2.6677,15.5701162735041
2.6678,15.5759953877718
2.6679,15.5818771340621
2.668,15.5877615136887
2.6681,15.593648527966
2.6682,15.5995381782094
2.6683,15.6054304657345
2.6684,15.6113253918581
2.6685,15.6172229578974
2.6686,15.6231231651704
2.6687,15.629026014996
2.6688,15.6349315086936
2.6689,15.6408396475834
2.669,15.6467504329863
2.6691,15.652663866224
2.6692,15.6585799486187
2.6693,15.6644986814936
2.6694,15.6704200661725
2.6695,15.6763441039799
2.6696,15.682270796241
2.6697,15.6882001442818
2.6698,15.694132149429
2.6699,15.7000668130101
2.67,15.706004136353
2.6701,15.7119441207868
2.6702,15.717886767641
2.6703,15.7238320782458
2.6704,15.7297800539325
2.6705,15.7357306960326
2.6706,15.7416840058787
2.6707,15.7476399848041
2.6708,15.7535986341427
2.6709,15.759559955229
2.671,15.7655239493987
2.6711,15.7714906179877
2.6712,15.777459962333
2.6713,15.7834319837721
2.6714,15.7894066836434
2.6715,15.7953840632859
2.6716,15.8013641240394
2.6717,15.8073468672445
2.6718,15.8133322942423
2.6719,15.8193204063749
2.672,15.8253112049849
2.6721,15.8313046914159
2.6722,15.8373008670119
2.6723,15.843299733118
2.6724,15.8493012910797
2.6725,15.8553055422434
2.6726,15.8613124879564
2.6727,15.8673221295663
2.6728,15.8733344684219
2.6729,15.8793495058724
2.673,15.8853672432679
2.6731,15.8913876819592
2.6732,15.8974108232979
2.6733,15.9034366686362
2.6734,15.9094652193272
2.6735,15.9154964767246
2.6736,15.9215304421829
2.6737,15.9275671170574
2.6738,15.933606502704
2.6739,15.9396486004794
2.674,15.9456934117412
2.6741,15.9517409378475
2.6742,15.9577911801572
2.6743,15.9638441400301
2.6744,15.9698998188266
2.6745,15.9759582179078
2.6746,15.9820193386357
2.6747,15.988083182373
2.6748,15.994149750483
2.6749,16.00021904433
2.675,16.0062910652787
2.6751,16.012365814695
2.6752,16.018443293945
2.6753,16.0245235043961
2.6754,16.0306064474161
2.6755,16.0366921243736
2.6756,16.042780536638
2.6757,16.0488716855795
2.6758,16.0549655725688
2.6759,16.0610621989778
2.676,16.0671615661787
2.6761,16.0732636755447
2.6762,16.0793685284496
2.6763,16.0854761262682
2.6764,16.0915864703758
2.6765,16.0976995621485
2.6766,16.1038154029633
2.6767,16.1099339941977
2.6768,16.1160553372303
2.6769,16.1221794334401
2.677,16.128306284207
2.6771,16.1344358909118
2.6772,16.1405682549359
2.6773,16.1467033776613
2.6774,16.1528412604711
2.6775,16.158981904749
2.6776,16.1651253118794
2.6777,16.1712714832475
2.6778,16.1774204202393
2.6779,16.1835721242415
2.678,16.1897265966415
2.6781,16.1958838388278
2.6782,16.2020438521891
2.6783,16.2082066381153
2.6784,16.214372197997
2.6785,16.2205405332254
2.6786,16.2267116451926
2.6787,16.2328855352913
2.6788,16.2390622049151
2.6789,16.2452416554585
2.679,16.2514238883164
2.6791,16.2576089048848
2.6792,16.2637967065602
2.6793,16.2699872947402
2.6794,16.2761806708227
2.6795,16.2823768362068
2.6796,16.2885757922921
2.6797,16.2947775404792
2.6798,16.3009820821691
2.6799,16.307189418764
2.68,16.3133995516666
2.6801,16.3196124822804
2.6802,16.3258282120097
2.6803,16.3320467422596
2.6804,16.3382680744359
2.6805,16.3444922099452
2.6806,16.3507191501949
2.6807,16.3569488965932
2.6808,16.363181450549
2.6809,16.3694168134719
2.681,16.3756549867725
2.6811,16.381895971862
2.6812,16.3881397701524
2.6813,16.3943863830564
2.6814,16.4006358119878
2.6815,16.4068880583607
2.6816,16.4131431235903
2.6817,16.4194010090925
2.6818,16.425661716284
2.6819,16.4319252465822
2.682,16.4381916014054
2.6821,16.4444607821724
2.6822,16.4507327903032
2.6823,16.4570076272182
2.6824,16.4632852943388
2.6825,16.4695657930871
2.6826,16.475849124886
2.6827,16.4821352911592
2.6828,16.4884242933311
2.6829,16.494716132827
2.683,16.5010108110728
2.6831,16.5073083294954
2.6832,16.5136086895224
2.6833,16.5199118925821
2.6834,16.5262179401037
2.6835,16.5325268335171
2.6836,16.538838574253
2.6837,16.545153163743
2.6838,16.5514706034193
2.6839,16.557790894715
2.684,16.564114039064
2.6841,16.5704400379009
2.6842,16.5767688926612
2.6843,16.583100604781
2.6844,16.5894351756974
2.6845,16.5957726068482
2.6846,16.602112899672
2.6847,16.6084560556082
2.6848,16.6148020760969
2.6849,16.6211509625791
2.685,16.6275027164965
2.6851,16.6338573392918
2.6852,16.6402148324082
2.6853,16.6465751972898
2.6854,16.6529384353816
2.6855,16.6593045481294
2.6856,16.6656735369795
2.6857,16.6720454033793
2.6858,16.678420148777
2.6859,16.6847977746213
2.686,16.6911782823621
2.6861,16.6975616734497
2.6862,16.7039479493356
2.6863,16.7103371114716
2.6864,16.7167291613108
2.6865,16.7231241003068
2.6866,16.729521929914
2.6867,16.7359226515878
2.6868,16.7423262667842
2.6869,16.7487327769602
2.687,16.7551421835733
2.6871,16.761554488082
2.6872,16.7679696919457
2.6873,16.7743877966243
2.6874,16.7808088035789
2.6875,16.787232714271
2.6876,16.7936595301632
2.6877,16.8000892527187
2.6878,16.8065218834017
2.6879,16.812957423677
2.688,16.8193958750104
2.6881,16.8258372388683
2.6882,16.8322815167181
2.6883,16.8387287100279
2.6884,16.8451788202666
2.6885,16.851631848904
2.6886,16.8580877974107
2.6887,16.8645466672579
2.6888,16.8710084599179
2.6889,16.8774731768635
2.689,16.8839408195687
2.6891,16.890411389508
2.6892,16.8968848881568
2.6893,16.9033613169913
2.6894,16.9098406774886
2.6895,16.9163229711265
2.6896,16.9228081993836
2.6897,16.9292963637394
2.6898,16.9357874656742
2.6899,16.9422815066692
2.69,16.9487784882061
2.6901,16.9552784117678
2.6902,16.9617812788377
2.6903,16.9682870909003
2.6904,16.9747958494407
2.6905,16.981307555945
2.6906,16.9878222118998
2.6907,16.9943398187929
2.6908,17.0008603781127
2.6909,17.0073838913484
2.691,17.0139103599902
2.6911,17.020439785529
2.6912,17.0269721694565
2.6913,17.0335075132652
2.6914,17.0400458184485
2.6915,17.0465870865006
2.6916,17.0531313189165
2.6917,17.0596785171921
2.6918,17.0662286828239
2.6919,17.0727818173096
2.692,17.0793379221474
2.6921,17.0858969988365
2.6922,17.0924590488768
2.6923,17.0990240737691
2.6924,17.1055920750149
2.6925,17.1121630541169
2.6926,17.1187370125781
2.6927,17.1253139519028
2.6928,17.1318938735958
2.6929,17.1384767791629
2.693,17.1450626701107
2.6931,17.1516515479465
2.6932,17.1582434141787
2.6933,17.1648382703164
2.6934,17.1714361178693
2.6935,17.1780369583483
2.6936,17.1846407932649
2.6937,17.1912476241315
2.6938,17.1978574524614
2.6939,17.2044702797686
2.694,17.2110861075681
2.6941,17.2177049373755
2.6942,17.2243267707075
2.6943,17.2309516090814
2.6944,17.2375794540155
2.6945,17.244210307029
2.6946,17.2508441696416
2.6947,17.2574810433742
2.6948,17.2641209297484
2.6949,17.2707638302866
2.695,17.2774097465121
2.6951,17.2840586799489
2.6952,17.2907106321222
2.6953,17.2973656045575
2.6954,17.3040235987817
2.6955,17.3106846163221
2.6956,17.3173486587071
2.6957,17.3240157274659
2.6958,17.3306858241284
2.6959,17.3373589502256
2.696,17.344035107289
2.6961,17.3507142968513
2.6962,17.3573965204458
2.6963,17.3640817796069
2.6964,17.3707700758694
2.6965,17.3774614107694
2.6966,17.3841557858437
2.6967,17.3908532026298
2.6968,17.3975536626663
2.6969,17.4042571674924
2.697,17.4109637186484
2.6971,17.4176733176751
2.6972,17.4243859661146
2.6973,17.4311016655095
2.6974,17.4378204174034
2.6975,17.4445422233407
2.6976,17.4512670848667
2.6977,17.4579950035275
2.6978,17.46472598087
2.6979,17.4714600184422
2.698,17.4781971177928
2.6981,17.4849372804711
2.6982,17.4916805080277
2.6983,17.4984268020139
2.6984,17.5051761639816
2.6985,17.511928595484
2.6986,17.5186840980747
2.6987,17.5254426733085
2.6988,17.532204322741
2.6989,17.5389690479285
2.699,17.5457368504283
2.6991,17.5525077317985
2.6992,17.5592816935981
2.6993,17.5660587373869
2.6994,17.5728388647257
2.6995,17.579622077176
2.6996,17.5864083763002
2.6997,17.5931977636616
2.6998,17.5999902408244
2.6999,17.6067858093536
2.7,17.6135844708151
2.7001,17.6203862267756
2.7002,17.6271910788027
2.7003,17.6339990284649
2.7004,17.6408100773317
2.7005,17.647624226973
2.7006,17.6544414789602
2.7007,17.661261834865
2.7008,17.6680852962604
2.7009,17.67491186472
2.701,17.6817415418183
2.7011,17.6885743291308
2.7012,17.6954102282339
2.7013,17.7022492407045
2.7014,17.7090913681209
2.7015,17.7159366120619
2.7016,17.7227849741073
2.7017,17.7296364558378
2.7018,17.7364910588348
2.7019,17.7433487846809
2.702,17.7502096349592
2.7021,17.757073611254
2.7022,17.7639407151502
2.7023,17.7708109482339
2.7024,17.7776843120917
2.7025,17.7845608083113
2.7026,17.7914404384813
2.7027,17.7983232041911
2.7028,17.805209107031
2.7029,17.8120981485922
2.703,17.8189903304667
2.7031,17.8258856542475
2.7032,17.8327841215285
2.7033,17.8396857339042
2.7034,17.8465904929703
2.7035,17.8534984003232
2.7036,17.8604094575604
2.7037,17.86732366628
2.7038,17.8742410280812
2.7039,17.881161544564
2.704,17.8880852173292
2.7041,17.8950120479787
2.7042,17.901942038115
2.7043,17.9088751893419
2.7044,17.9158115032636
2.7045,17.9227509814855
2.7046,17.9296936256138
2.7047,17.9366394372557
2.7048,17.943588418019
2.7049,17.9505405695128
2.705,17.9574958933468
2.7051,17.9644543911315
2.7052,17.9714160644787
2.7053,17.9783809150007
2.7054,17.9853489443109
2.7055,17.9923201540235
2.7056,17.9992945457537
2.7057,18.0062721211174
2.7058,18.0132528817316
2.7059,18.0202368292141
2.706,18.0272239651836
2.7061,18.0342142912597
2.7062,18.0412078090629
2.7063,18.0482045202146
2.7064,18.0552044263371
2.7065,18.0622075290536
2.7066,18.0692138299882
2.7067,18.0762233307659
2.7068,18.0832360330126
2.7069,18.0902519383551
2.707,18.097271048421
2.7071,18.104293364839
2.7072,18.1113188892386
2.7073,18.1183476232501
2.7074,18.125379568505
2.7075,18.1324147266353
2.7076,18.1394530992743
2.7077,18.1464946880559
2.7078,18.1535394946151
2.7079,18.1605875205877
2.708,18.1676387676104
2.7081,18.1746932373209
2.7082,18.1817509313577
2.7083,18.1888118513603
2.7084,18.1958759989692
2.7085,18.2029433758254
2.7086,18.2100139835713
2.7087,18.21708782385
2.7088,18.2241648983054
2.7089,18.2312452085825
2.709,18.2383287563272
2.7091,18.2454155431861
2.7092,18.2525055708069
2.7093,18.2595988408382
2.7094,18.2666953549296
2.7095,18.2737951147313
2.7096,18.2808981218948
2.7097,18.2880043780722
2.7098,18.2951138849168
2.7099,18.3022266440825
2.71,18.3093426572244
2.7101,18.3164619259984
2.7102,18.3235844520612
2.7103,18.3307102370707
2.7104,18.3378392826855
2.7105,18.3449715905652
2.7106,18.3521071623703
2.7107,18.3592459997622
2.7108,18.3663881044033
2.7109,18.3735334779568
2.711,18.380682122087
2.7111,18.3878340384588
2.7112,18.3949892287385
2.7113,18.4021476945929
2.7114,18.4093094376899
2.7115,18.4164744596984
2.7116,18.4236427622881
2.7117,18.4308143471296
2.7118,18.4379892158946
2.7119,18.4451673702556
2.712,18.452348811886
2.7121,18.4595335424603
2.7122,18.4667215636537
2.7123,18.4739128771425
2.7124,18.4811074846038
2.7125,18.4883053877158
2.7126,18.4955065881575
2.7127,18.5027110876088
2.7128,18.5099188877507
2.7129,18.517129990265
2.713,18.5243443968345
2.7131,18.5315621091428
2.7132,18.5387831288747
2.7133,18.5460074577156
2.7134,18.5532350973521
2.7135,18.5604660494717
2.7136,18.5677003157627
2.7137,18.5749378979144
2.7138,18.5821787976172
2.7139,18.5894230165622
2.714,18.5966705564415
2.7141,18.6039214189482
2.7142,18.6111756057765
2.7143,18.6184331186211
2.7144,18.6256939591781
2.7145,18.6329581291442
2.7146,18.6402256302173
2.7147,18.6474964640961
2.7148,18.6547706324803
2.7149,18.6620481370705
2.715,18.6693289795682
2.7151,18.6766131616761
2.7152,18.6839006850975
2.7153,18.6911915515368
2.7154,18.6984857626995
2.7155,18.7057833202917
2.7156,18.7130842260208
2.7157,18.720388481595
2.7158,18.7276960887235
2.7159,18.7350070491162
2.716,18.7423213644843
2.7161,18.7496390365398
2.7162,18.7569600669956
2.7163,18.7642844575657
2.7164,18.7716122099648
2.7165,18.7789433259089
2.7166,18.7862778071146
2.7167,18.7936156552998
2.7168,18.8009568721831
2.7169,18.8083014594841
2.717,18.8156494189234
2.7171,18.8230007522226
2.7172,18.8303554611042
2.7173,18.8377135472917
2.7174,18.8450750125094
2.7175,18.8524398584828
2.7176,18.8598080869382
2.7177,18.867179699603
2.7178,18.8745546982053
2.7179,18.8819330844744
2.718,18.8893148601406
2.7181,18.8967000269349
2.7182,18.9040885865894
2.7183,18.9114805408374
2.7184,18.9188758914127
2.7185,18.9262746400505
2.7186,18.9336767884867
2.7187,18.9410823384583
2.7188,18.9484912917031
2.7189,18.95590364996
2.719,18.9633194149689
2.7191,18.9707385884706
2.7192,18.9781611722069
2.7193,18.9855871679206
2.7194,18.9930165773553
2.7195,19.0004494022558
2.7196,19.0078856443678
2.7197,19.0153253054378
2.7198,19.0227683872134
2.7199,19.0302148914434
2.72,19.0376648198772
2.7201,19.0451181742654
2.7202,19.0525749563595
2.7203,19.0600351679119
2.7204,19.0674988106762
2.7205,19.0749658864067
2.7206,19.0824363968589
2.7207,19.0899103437892
2.7208,19.097387728955
2.7209,19.1048685541146
2.721,19.1123528210273
2.7211,19.1198405314535
2.7212,19.1273316871544
2.7213,19.1348262898924
2.7214,19.1423243414307
2.7215,19.1498258435334
2.7216,19.157330797966
2.7217,19.1648392064945
2.7218,19.1723510708861
2.7219,19.1798663929091
2.722,19.1873851743326
2.7221,19.1949074169267
2.7222,19.2024331224625
2.7223,19.2099622927123
2.7224,19.2174949294491
2.7225,19.225031034447
2.7226,19.2325706094812
2.7227,19.2401136563276
2.7228,19.2476601767633
2.7229,19.2552101725665
2.723,19.2627636455161
2.7231,19.2703205973923
2.7232,19.277881029976
2.7233,19.2854449450493
2.7234,19.2930123443952
2.7235,19.3005832297977
2.7236,19.3081576030419
2.7237,19.3157354659137
2.7238,19.3233168202002
2.7239,19.3309016676894
2.724,19.3384900101702
2.7241,19.3460818494327
2.7242,19.3536771872678
2.7243,19.3612760254676
2.7244,19.3688783658251
2.7245,19.3764842101342
2.7246,19.38409356019
2.7247,19.3917064177885
2.7248,19.3993227847266
2.7249,19.4069426628023
2.725,19.4145660538148
2.7251,19.422192959564
2.7252,19.4298233818508
2.7253,19.4374573224774
2.7254,19.4450947832468
2.7255,19.452735765963
2.7256,19.460380272431
2.7257,19.4680283044569
2.7258,19.4756798638478
2.7259,19.4833349524117
2.726,19.4909935719577
2.7261,19.4986557242959
2.7262,19.5063214112374
2.7263,19.5139906345943
2.7264,19.5216633961798
2.7265,19.5293396978079
2.7266,19.5370195412938
2.7267,19.5447029284537
2.7268,19.5523898611048
2.7269,19.5600803410652
2.727,19.5677743701542
2.7271,19.5754719501919
2.7272,19.5831730829997
2.7273,19.5908777703997
2.7274,19.5985860142153
2.7275,19.6062978162708
2.7276,19.6140131783914
2.7277,19.6217321024036
2.7278,19.6294545901345
2.7279,19.6371806434128
2.728,19.6449102640676
2.7281,19.6526434539295
2.7282,19.6603802148299
2.7283,19.6681205486013
2.7284,19.6758644570771
2.7285,19.6836119420919
2.7286,19.6913630054812
2.7287,19.6991176490816
2.7288,19.7068758747306
2.7289,19.714637684267
2.729,19.7224030795303
2.7291,19.7301720623612
2.7292,19.7379446346015
2.7293,19.7457207980938
2.7294,19.7535005546819
2.7295,19.7612839062107
2.7296,19.769070854526
2.7297,19.7768614014746
2.7298,19.7846555489044
2.7299,19.7924532986643
2.73,19.8002546526044
2.7301,19.8080596125756
2.7302,19.81586818043
2.7303,19.8236803580205
2.7304,19.8314961472014
2.7305,19.8393155498277
2.7306,19.8471385677557
2.7307,19.8549652028425
2.7308,19.8627954569465
2.7309,19.8706293319269
2.731,19.878466829644
2.7311,19.8863079519593
2.7312,19.8941527007351
2.7313,19.9020010778349
2.7314,19.9098530851233
2.7315,19.9177087244657
2.7316,19.9255679977288
2.7317,19.9334309067802
2.7318,19.9412974534886
2.7319,19.9491676397237
2.732,19.9570414673563
2.7321,19.9649189382582
2.7322,19.9728000543023
2.7323,19.9806848173625
2.7324,19.9885732293138
2.7325,19.9964652920322
2.7326,20.0043610073947
2.7327,20.0122603772795
2.7328,20.0201634035658
2.7329,20.0280700881337
2.733,20.0359804328646
2.7331,20.0438944396408
2.7332,20.0518121103457
2.7333,20.0597334468636
2.7334,20.0676584510802
2.7335,20.0755871248819
2.7336,20.0835194701564
2.7337,20.0914554887923
2.7338,20.0993951826793
2.7339,20.1073385537083
2.734,20.115285603771
2.7341,20.1232363347604
2.7342,20.1311907485705
2.7343,20.1391488470962
2.7344,20.1471106322336
2.7345,20.1550761058798
2.7346,20.1630452699332
2.7347,20.1710181262929
2.7348,20.1789946768594
2.7349,20.1869749235339
2.735,20.194958868219
2.7351,20.2029465128182
2.7352,20.2109378592362
2.7353,20.2189329093784
2.7354,20.2269316651518
2.7355,20.2349341284641
2.7356,20.2429403012242
2.7357,20.2509501853421
2.7358,20.2589637827287
2.7359,20.2669810952961
2.736,20.2750021249575
2.7361,20.2830268736272
2.7362,20.2910553432204
2.7363,20.2990875356535
2.7364,20.307123452844
2.7365,20.3151630967104
2.7366,20.3232064691723
2.7367,20.3312535721504
2.7368,20.3393044075665
2.7369,20.3473589773433
2.737,20.3554172834049
2.7371,20.3634793276761
2.7372,20.3715451120831
2.7373,20.3796146385531
2.7374,20.3876879090142
2.7375,20.3957649253958
2.7376,20.4038456896283
2.7377,20.4119302036431
2.7378,20.4200184693729
2.7379,20.4281104887512
2.738,20.4362062637129
2.7381,20.4443057961938
2.7382,20.4524090881307
2.7383,20.4605161414616
2.7384,20.4686269581257
2.7385,20.476741540063
2.7386,20.484859889215
2.7387,20.4929820075239
2.7388,20.5011078969331
2.7389,20.5092375593872
2.739,20.5173709968319
2.7391,20.5255082112138
2.7392,20.5336492044807
2.7393,20.5417939785815
2.7394,20.5499425354663
2.7395,20.5580948770862
2.7396,20.5662510053932
2.7397,20.5744109223407
2.7398,20.5825746298832
2.7399,20.5907421299759
2.74,20.5989134245757
2.7401,20.60708851564
2.7402,20.6152674051277
2.7403,20.6234500949987
2.7404,20.6316365872139
2.7405,20.6398268837354
2.7406,20.6480209865264
2.7407,20.6562188975512
2.7408,20.6644206187751
2.7409,20.6726261521647
2.741,20.6808354996875
2.7411,20.6890486633122
2.7412,20.6972656450087
2.7413,20.7054864467479
2.7414,20.7137110705017
2.7415,20.7219395182434
2.7416,20.7301717919471
2.7417,20.7384078935881
2.7418,20.7466478251431
2.7419,20.7548915885894
2.742,20.7631391859059
2.7421,20.7713906190722
2.7422,20.7796458900694
2.7423,20.7879050008793
2.7424,20.7961679534852
2.7425,20.8044347498713
2.7426,20.812705392023
2.7427,20.8209798819266
2.7428,20.8292582215699
2.7429,20.8375404129416
2.743,20.8458264580314
2.7431,20.8541163588304
2.7432,20.8624101173305
2.7433,20.8707077355251
2.7434,20.8790092154083
2.7435,20.8873145589757
2.7436,20.8956237682237
2.7437,20.9039368451501
2.7438,20.9122537917537
2.7439,20.9205746100344
2.744,20.9288993019932
2.7441,20.9372278696324
2.7442,20.9455603149551
2.7443,20.9538966399659
2.7444,20.9622368466704
2.7445,20.9705809370751
2.7446,20.9789289131879
2.7447,20.9872807770178
2.7448,20.9956365305748
2.7449,21.0039961758702
2.745,21.0123597149163
2.7451,21.0207271497265
2.7452,21.0290984823154
2.7453,21.0374737146989
2.7454,21.0458528488937
2.7455,21.0542358869179
2.7456,21.0626228307906
2.7457,21.0710136825321
2.7458,21.0794084441639
2.7459,21.0878071177084
2.746,21.0962097051893
2.7461,21.1046162086316
2.7462,21.1130266300612
2.7463,21.1214409715051
2.7464,21.1298592349917
2.7465,21.1382814225504
2.7466,21.1467075362116
2.7467,21.1551375780071
2.7468,21.1635715499697
2.7469,21.1720094541334
2.747,21.1804512925333
2.7471,21.1888970672056
2.7472,21.1973467801878
2.7473,21.2058004335185
2.7474,21.2142580292372
2.7475,21.222719569385
2.7476,21.2311850560038
2.7477,21.2396544911368
2.7478,21.2481278768282
2.7479,21.2566052151235
2.748,21.2650865080694
2.7481,21.2735717577136
2.7482,21.2820609661051
2.7483,21.2905541352938
2.7484,21.2990512673311
2.7485,21.3075523642693
2.7486,21.316057428162
2.7487,21.3245664610638
2.7488,21.3330794650307
2.7489,21.3415964421195
2.749,21.3501173943887
2.7491,21.3586423238973
2.7492,21.3671712327061
2.7493,21.3757041228765
2.7494,21.3842409964715
2.7495,21.392781855555
2.7496,21.4013267021921
2.7497,21.4098755384493
2.7498,21.4184283663939
2.7499,21.4269851880946
2.75,21.4355460056212
2.7501,21.4441108210447
2.7502,21.4526796364373
2.7503,21.4612524538722
2.7504,21.469829275424
2.7505,21.4784101031682
2.7506,21.4869949391818
2.7507,21.4955837855426
2.7508,21.50417664433
2.7509,21.5127735176241
2.751,21.5213744075066
2.7511,21.5299793160601
2.7512,21.5385882453685
2.7513,21.5472011975169
2.7514,21.5558181745913
2.7515,21.5644391786793
2.7516,21.5730642118695
2.7517,21.5816932762514
2.7518,21.5903263739162
2.7519,21.5989635069559
2.752,21.6076046774637
2.7521,21.6162498875342
2.7522,21.624899139263
2.7523,21.633552434747
2.7524,21.6422097760841
2.7525,21.6508711653736
2.7526,21.6595366047159
2.7527,21.6682060962125
2.7528,21.6768796419662
2.7529,21.685557244081
2.753,21.694238904662
2.7531,21.7029246258154
2.7532,21.7116144096489
2.7533,21.7203082582712
2.7534,21.729006173792
2.7535,21.7377081583226
2.7536,21.7464142139752
2.7537,21.7551243428632
2.7538,21.7638385471014
2.7539,21.7725568288055
2.754,21.7812791900927
2.7541,21.7900056330812
2.7542,21.7987361598905
2.7543,21.8074707726411
2.7544,21.816209473455
2.7545,21.8249522644552
2.7546,21.8336991477659
2.7547,21.8424501255126
2.7548,21.8512051998218
2.7549,21.8599643728216
2.755,21.8687276466407
2.7551,21.8774950234097
2.7552,21.8862665052598
2.7553,21.8950420943238
2.7554,21.9038217927356
2.7555,21.9126056026301
2.7556,21.9213935261437
2.7557,21.9301855654138
2.7558,21.9389817225792
2.7559,21.9477819997797
2.756,21.9565863991565
2.7561,21.9653949228519
2.7562,21.9742075730093
2.7563,21.9830243517737
2.7564,21.9918452612908
2.7565,22.0006703037079
2.7566,22.0094994811734
2.7567,22.0183327958368
2.7568,22.027170249849
2.7569,22.036011845362
2.757,22.044857584529
2.7571,22.0537074695046
2.7572,22.0625615024444
2.7573,22.0714196855054
2.7574,22.0802820208455
2.7575,22.0891485106242
2.7576,22.0980191570021
2.7577,22.1068939621409
2.7578,22.1157729282037
2.7579,22.1246560573546
2.758,22.1335433517592
2.7581,22.1424348135841
2.7582,22.1513304449973
2.7583,22.1602302481678
2.7584,22.169134225266
2.7585,22.1780423784636
2.7586,22.1869547099334
2.7587,22.1958712218493
2.7588,22.2047919163868
2.7589,22.2137167957222
2.759,22.2226458620334
2.7591,22.2315791174993
2.7592,22.2405165643001
2.7593,22.2494582046173
2.7594,22.2584040406336
2.7595,22.2673540745328
2.7596,22.2763083085002
2.7597,22.2852667447221
2.7598,22.2942293853862
2.7599,22.3031962326812
2.76,22.3121672887974
2.7601,22.321142555926
2.7602,22.3301220362597
2.7603,22.3391057319923
2.7604,22.3480936453188
2.7605,22.3570857784356
2.7606,22.3660821335402
2.7607,22.3750827128314
2.7608,22.3840875185093
2.7609,22.3930965527752
2.761,22.4021098178315
2.7611,22.4111273158822
2.7612,22.4201490491322
2.7613,22.4291750197878
2.7614,22.4382052300566
2.7615,22.4472396821473
2.7616,22.45627837827
2.7617,22.465321320636
2.7618,22.4743685114578
2.7619,22.4834199529492
2.762,22.4924756473252
2.7621,22.5015355968023
2.7622,22.5105998035978
2.7623,22.5196682699308
2.7624,22.5287409980211
2.7625,22.5378179900902
2.7626,22.5468992483607
2.7627,22.5559847750565
2.7628,22.5650745724025
2.7629,22.5741686426253
2.763,22.5832669879525
2.7631,22.5923696106129
2.7632,22.6014765128367
2.7633,22.6105876968554
2.7634,22.6197031649017
2.7635,22.6288229192095
2.7636,22.637946962014
2.7637,22.6470752955518
2.7638,22.6562079220606
2.7639,22.6653448437794
2.764,22.6744860629486
2.7641,22.6836315818097
2.7642,22.6927814026056
2.7643,22.7019355275804
2.7644,22.7110939589794
2.7645,22.7202566990494
2.7646,22.7294237500383
2.7647,22.7385951141954
2.7648,22.747770793771
2.7649,22.756950791017
2.765,22.7661351081864
2.7651,22.7753237475335
2.7652,22.784516711314
2.7653,22.7937140017847
2.7654,22.8029156212038
2.7655,22.8121215718307
2.7656,22.8213318559261
2.7657,22.8305464757522
2.7658,22.8397654335721
2.7659,22.8489887316504
2.766,22.8582163722531
2.7661,22.8674483576472
2.7662,22.8766846901013
2.7663,22.8859253718849
2.7664,22.8951704052692
2.7665,22.9044197925265
2.7666,22.9136735359303
2.7667,22.9229316377556
2.7668,22.9321941002784
2.7669,22.9414609257763
2.767,22.9507321165281
2.7671,22.9600076748138
2.7672,22.9692876029147
2.7673,22.9785719031135
2.7674,22.9878605776942
2.7675,22.9971536289419
2.7676,23.0064510591433
2.7677,23.0157528705861
2.7678,23.0250590655596
2.7679,23.034369646354
2.768,23.0436846152613
2.7681,23.0530039745743
2.7682,23.0623277265875
2.7683,23.0716558735966
2.7684,23.0809884178983
2.7685,23.0903253617912
2.7686,23.0996667075745
2.7687,23.1090124575494
2.7688,23.1183626140179
2.7689,23.1277171792834
2.769,23.1370761556509
2.7691,23.1464395454264
2.7692,23.1558073509174
2.7693,23.1651795744325
2.7694,23.1745562182817
2.7695,23.1839372847766
2.7696,23.1933227762296
2.7697,23.2027126949549
2.7698,23.2121070432676
2.7699,23.2215058234845
2.77,23.2309090379234
2.7701,23.2403166889036
2.7702,23.2497287787456
2.7703,23.2591453097714
2.7704,23.2685662843041
2.7705,23.2779917046683
2.7706,23.2874215731899
2.7707,23.2968558921959
2.7708,23.3062946640149
2.7709,23.3157378909768
2.771,23.3251855754126
2.7711,23.3346377196549
2.7712,23.3440943260374
2.7713,23.3535553968952
2.7714,23.3630209345649
2.7715,23.3724909413842
2.7716,23.3819654196922
2.7717,23.3914443718293
2.7718,23.4009278001374
2.7719,23.4104157069595
2.772,23.4199080946402
2.7721,23.4294049655251
2.7722,23.4389063219614
2.7723,23.4484121662975
2.7724,23.4579225008832
2.7725,23.4674373280697
2.7726,23.4769566502093
2.7727,23.486480469656
2.7728,23.4960087887648
2.7729,23.5055416098922
2.773,23.515078935396
2.7731,23.5246207676354
2.7732,23.5341671089709
2.7733,23.5437179617644
2.7734,23.553273328379
2.7735,23.5628332111793
2.7736,23.5723976125312
2.7737,23.5819665348019
2.7738,23.59153998036
2.7739,23.6011179515754
2.774,23.6107004508193
2.7741,23.6202874804646
2.7742,23.629879042885
2.7743,23.6394751404559
2.7744,23.6490757755541
2.7745,23.6586809505576
2.7746,23.6682906678458
2.7747,23.6779049297993
2.7748,23.6875237388004
2.7749,23.6971470972325
2.775,23.7067750074804
2.7751,23.7164074719303
2.7752,23.7260444929697
2.7753,23.7356860729876
2.7754,23.7453322143741
2.7755,23.754982919521
2.7756,23.7646381908212
2.7757,23.7742980306691
2.7758,23.7839624414603
2.7759,23.793631425592
2.776,23.8033049854626
2.7761,23.812983123472
2.7762,23.8226658420213
2.7763,23.832353143513
2.7764,23.8420450303511
2.7765,23.8517415049409
2.7766,23.861442569689
2.7767,23.8711482270035
2.7768,23.8808584792937
2.7769,23.8905733289706
2.777,23.9002927784461
2.7771,23.9100168301339
2.7772,23.9197454864489
2.7773,23.9294787498073
2.7774,23.9392166226268
2.7775,23.9489591073264
2.7776,23.9587062063266
2.7777,23.9684579220492
2.7778,23.9782142569174
2.7779,23.9879752133557
2.778,23.99774079379
2.7781,24.0075110006478
2.7782,24.0172858363577
2.7783,24.0270653033498
2.7784,24.0368494040556
2.7785,24.046638140908
2.7786,24.0564315163412
2.7787,24.066229532791
2.7788,24.0760321926943
2.7789,24.0858394984896
2.779,24.0956514526167
2.7791,24.1054680575169
2.7792,24.1152893156327
2.7793,24.1251152294082
2.7794,24.1349458012887
2.7795,24.1447810337211
2.7796,24.1546209291535
2.7797,24.1644654900356
2.7798,24.1743147188182
2.7799,24.1841686179539
2.78,24.1940271898964
2.7801,24.2038904371009
2.7802,24.213758362024
2.7803,24.2236309671236
2.7804,24.2335082548592
2.7805,24.2433902276916
2.7806,24.253276888083
2.7807,24.263168238497
2.7808,24.2730642813986
2.7809,24.2829650192542
2.781,24.2928704545317
2.7811,24.3027805897003
2.7812,24.3126954272308
2.7813,24.322614969595
2.7814,24.3325392192666
2.7815,24.3424681787204
2.7816,24.3524018504327
2.7817,24.3623402368813
2.7818,24.3722833405453
2.7819,24.3822311639052
2.782,24.392183709443
2.7821,24.4021409796422
2.7822,24.4121029769874
2.7823,24.422069703965
2.7824,24.4320411630626
2.7825,24.4420173567692
2.7826,24.4519982875753
2.7827,24.461983957973
2.7828,24.4719743704554
2.7829,24.4819695275174
2.783,24.4919694316552
2.7831,24.5019740853664
2.7832,24.51198349115
2.7833,24.5219976515064
2.7834,24.5320165689378
2.7835,24.5420402459472
2.7836,24.5520686850396
2.7837,24.5621018887211
2.7838,24.5721398594993
2.7839,24.5821825998833
2.784,24.5922301123837
2.7841,24.6022823995123
2.7842,24.6123394637825
2.7843,24.6224013077091
2.7844,24.6324679338084
2.7845,24.642539344598
2.7846,24.6526155425972
2.7847,24.6626965303264
2.7848,24.6727823103077
2.7849,24.6828728850645
2.785,24.6929682571217
2.7851,24.7030684290057
2.7852,24.7131734032442
2.7853,24.7232831823665
2.7854,24.7333977689033
2.7855,24.7435171653867
2.7856,24.7536413743502
2.7857,24.7637703983289
2.7858,24.7739042398593
2.7859,24.7840429014793
2.786,24.7941863857282
2.7861,24.804334695147
2.7862,24.8144878322779
2.7863,24.8246457996646
2.7864,24.8348085998523
2.7865,24.8449762353878
2.7866,24.8551487088191
2.7867,24.8653260226958
2.7868,24.875508179569
2.7869,24.885695181991
2.787,24.895887032516
2.7871,24.9060837336992
2.7872,24.9162852880976
2.7873,24.9264916982695
2.7874,24.9367029667748
2.7875,24.9469190961747
2.7876,24.9571400890319
2.7877,24.9673659479107
2.7878,24.9775966753767
2.7879,24.9878322739972
2.788,24.9980727463406
2.7881,25.0083180949771
2.7882,25.0185683224784
2.7883,25.0288234314173
2.7884,25.0390834243684
2.7885,25.0493483039077
2.7886,25.0596180726126
2.7887,25.0698927330622
2.7888,25.0801722878367
2.7889,25.0904567395182
2.789,25.1007460906899
2.7891,25.1110403439368
2.7892,25.1213395018451
2.7893,25.1316435670027
2.7894,25.1419525419989
2.7895,25.1522664294244
2.7896,25.1625852318716
2.7897,25.1729089519341
2.7898,25.1832375922073
2.7899,25.1935711552878
2.79,25.2039096437739
2.7901,25.2142530602653
2.7902,25.2246014073632
2.7903,25.2349546876703
2.7904,25.2453129037907
2.7905,25.2556760583301
2.7906,25.2660441538957
2.7907,25.2764171930961
2.7908,25.2867951785416
2.7909,25.2971781128438
2.791,25.3075659986158
2.7911,25.3179588384723
2.7912,25.3283566350294
2.7913,25.3387593909048
2.7914,25.3491671087176
2.7915,25.3595797910886
2.7916,25.3699974406398
2.7917,25.3804200599949
2.7918,25.3908476517791
2.7919,25.4012802186191
2.792,25.411717763143
2.7921,25.4221602879806
2.7922,25.432607795763
2.7923,25.443060289123
2.7924,25.4535177706947
2.7925,25.463980243114
2.7926,25.4744477090179
2.7927,25.4849201710454
2.7928,25.4953976318366
2.7929,25.5058800940335
2.793,25.5163675602791
2.7931,25.5268600332185
2.7932,25.5373575154979
2.7933,25.5478600097651
2.7934,25.5583675186696
2.7935,25.5688800448623
2.7936,25.5793975909956
2.7937,25.5899201597233
2.7938,25.6004477537011
2.7939,25.6109803755858
2.794,25.6215180280361
2.7941,25.6320607137119
2.7942,25.6426084352748
2.7943,25.6531611953879
2.7944,25.6637189967158
2.7945,25.6742818419248
2.7946,25.6848497336824
2.7947,25.695422674658
2.7948,25.7060006675222
2.7949,25.7165837149474
2.795,25.7271718196074
2.7951,25.7377649841776
2.7952,25.7483632113348
2.7953,25.7589665037574
2.7954,25.7695748641256
2.7955,25.7801882951207
2.7956,25.7908067994259
2.7957,25.8014303797256
2.7958,25.8120590387062
2.7959,25.8226927790552
2.796,25.8333316034618
2.7961,25.8439755146169
2.7962,25.8546245152128
2.7963,25.8652786079433
2.7964,25.8759377955039
2.7965,25.8866020805915
2.7966,25.8972714659046
2.7967,25.9079459541433
2.7968,25.9186255480093
2.7969,25.9293102502056
2.797,25.9400000634371
2.7971,25.9506949904099
2.7972,25.961395033832
2.7973,25.9721001964127
2.7974,25.982810480863
2.7975,25.9935258898953
2.7976,26.0042464262238
2.7977,26.0149720925642
2.7978,26.0257028916334
2.7979,26.0364388261505
2.798,26.0471798988355
2.7981,26.0579261124106
2.7982,26.068677469599
2.7983,26.0794339731258
2.7984,26.0901956257176
2.7985,26.1009624301026
2.7986,26.1117343890104
2.7987,26.1225115051723
2.7988,26.1332937813213
2.7989,26.1440812201917
2.799,26.1548738245195
2.7991,26.1656715970424
2.7992,26.1764745404995
2.7993,26.1872826576316
2.7994,26.1980959511808
2.7995,26.2089144238913
2.7996,26.2197380785083
2.7997,26.2305669177789
2.7998,26.2414009444519
2.7999,26.2522401612773
2.8,26.263084571007
2.8001,26.2739341763944
2.8002,26.2847889801944
2.8003,26.2956489851636
2.8004,26.3065141940601
2.8005,26.3173846096437
2.8006,26.3282602346756
2.8007,26.3391410719188
2.8008,26.3500271241377
2.8009,26.3609183940985
2.801,26.3718148845688
2.8011,26.3827165983179
2.8012,26.3936235381166
2.8013,26.4045357067375
2.8014,26.4154531069546
2.8015,26.4263757415436
2.8016,26.4373036132816
2.8017,26.4482367249476
2.8018,26.459175079322
2.8019,26.4701186791869
2.802,26.481067527326
2.8021,26.4920216265244
2.8022,26.5029809795691
2.8023,26.5139455892486
2.8024,26.5249154583529
2.8025,26.5358905896737
2.8026,26.5468709860044
2.8027,26.5578566501398
2.8028,26.5688475848764
2.8029,26.5798437930125
2.803,26.5908452773476
2.8031,26.6018520406833
2.8032,26.6128640858224
2.8033,26.6238814155695
2.8034,26.6349040327309
2.8035,26.6459319401143
2.8036,26.6569651405293
2.8037,26.6680036367868
2.8038,26.6790474316996
2.8039,26.6900965280819
2.804,26.7011509287497
2.8041,26.7122106365206
2.8042,26.7232756542136
2.8043,26.7343459846496
2.8044,26.745421630651
2.8045,26.7565025950419
2.8046,26.767588880648
2.8047,26.7786804902965
2.8048,26.7897774268164
2.8049,26.8008796930383
2.805,26.8119872917944
2.8051,26.8231002259185
2.8052,26.8342184982461
2.8053,26.8453421116144
2.8054,26.8564710688619
2.8055,26.8676053728292
2.8056,26.8787450263583
2.8057,26.8898900322928
2.8058,26.901040393478
2.8059,26.9121961127609
2.806,26.92335719299
2.8061,26.9345236370157
2.8062,26.9456954476897
2.8063,26.9568726278655
2.8064,26.9680551803985
2.8065,26.9792431081453
2.8066,26.9904364139644
2.8067,27.001635100716
2.8068,27.0128391712619
2.8069,27.0240486284654
2.807,27.0352634751915
2.8071,27.0464837143072
2.8072,27.0577093486806
2.8073,27.0689403811819
2.8074,27.0801768146827
2.8075,27.0914186520564
2.8076,27.102665896178
2.8077,27.1139185499243
2.8078,27.1251766161734
2.8079,27.1364400978054
2.808,27.147708997702
2.8081,27.1589833187464
2.8082,27.1702630638238
2.8083,27.1815482358206
2.8084,27.1928388376253
2.8085,27.2041348721278
2.8086,27.2154363422198
2.8087,27.2267432507947
2.8088,27.2380556007473
2.8089,27.2493733949745
2.809,27.2606966363745
2.8091,27.2720253278473
2.8092,27.2833594722947
2.8093,27.29469907262
2.8094,27.3060441317283
2.8095,27.3173946525263
2.8096,27.3287506379224
2.8097,27.3401120908267
2.8098,27.351479014151
2.8099,27.3628514108087
2.81,27.3742292837149
2.8101,27.3856126357866
2.8102,27.3970014699422
2.8103,27.4083957891018
2.8104,27.4197955961875
2.8105,27.4312008941226
2.8106,27.4426116858326
2.8107,27.4540279742444
2.8108,27.4654497622866
2.8109,27.4768770528895
2.811,27.4883098489853
2.8111,27.4997481535075
2.8112,27.5111919693917
2.8113,27.5226412995749
2.8114,27.5340961469961
2.8115,27.5455565145956
2.8116,27.5570224053158
2.8117,27.5684938221006
2.8118,27.5799707678956
2.8119,27.591453245648
2.812,27.602941258307
2.8121,27.6144348088234
2.8122,27.6259339001495
2.8123,27.6374385352395
2.8124,27.6489487170492
2.8125,27.6604644485363
2.8126,27.6719857326601
2.8127,27.6835125723814
2.8128,27.6950449706631
2.8129,27.7065829304696
2.813,27.7181264547671
2.8131,27.7296755465232
2.8132,27.7412302087078
2.8133,27.752790444292
2.8134,27.7643562562488
2.8135,27.7759276475531
2.8136,27.7875046211812
2.8137,27.7990871801114
2.8138,27.8106753273235
2.8139,27.8222690657992
2.814,27.8338683985218
2.8141,27.8454733284764
2.8142,27.8570838586499
2.8143,27.8686999920307
2.8144,27.8803217316092
2.8145,27.8919490803773
2.8146,27.9035820413288
2.8147,27.9152206174592
2.8148,27.9268648117655
2.8149,27.9385146272469
2.815,27.9501700669039
2.8151,27.961831133739
2.8152,27.9734978307564
2.8153,27.9851701609618
2.8154,27.9968481273631
2.8155,28.0085317329694
2.8156,28.020220980792
2.8157,28.0319158738438
2.8158,28.0436164151393
2.8159,28.0553226076949
2.816,28.0670344545286
2.8161,28.0787519586605
2.8162,28.0904751231119
2.8163,28.1022039509064
2.8164,28.113938445069
2.8165,28.1256786086266
2.8166,28.1374244446077
2.8167,28.1491759560428
2.8168,28.160933145964
2.8169,28.1726960174051
2.817,28.1844645734019
2.8171,28.1962388169917
2.8172,28.2080187512136
2.8173,28.2198043791086
2.8174,28.2315957037194
2.8175,28.2433927280904
2.8176,28.2551954552679
2.8177,28.2670038882998
2.8178,28.2788180302358
2.8179,28.2906378841275
2.818,28.3024634530283
2.8181,28.314294739993
2.8182,28.3261317480786
2.8183,28.3379744803437
2.8184,28.3498229398486
2.8185,28.3616771296556
2.8186,28.3735370528284
2.8187,28.3854027124328
2.8188,28.3972741115364
2.8189,28.4091512532083
2.819,28.4210341405197
2.8191,28.4329227765432
2.8192,28.4448171643536
2.8193,28.4567173070272
2.8194,28.4686232076423
2.8195,28.4805348692787
2.8196,28.4924522950182
2.8197,28.5043754879444
2.8198,28.5163044511425
2.8199,28.5282391876997
2.82,28.540179700705
2.8201,28.5521259932489
2.8202,28.564078068424
2.8203,28.5760359293246
2.8204,28.5879995790468
2.8205,28.5999690206884
2.8206,28.6119442573492
2.8207,28.6239252921306
2.8208,28.6359121281359
2.8209,28.6479047684702
2.821,28.6599032162403
2.8211,28.671907474555
2.8212,28.6839175465247
2.8213,28.6959334352618
2.8214,28.7079551438804
2.8215,28.7199826754963
2.8216,28.7320160332274
2.8217,28.744055220193
2.8218,28.7561002395147
2.8219,28.7681510943155
2.822,28.7802077877204
2.8221,28.7922703228562
2.8222,28.8043387028515
2.8223,28.8164129308368
2.8224,28.8284930099443
2.8225,28.840578943308
2.8226,28.8526707340639
2.8227,28.8647683853496
2.8228,28.8768719003047
2.8229,28.8889812820704
2.823,28.9010965337901
2.8231,28.9132176586087
2.8232,28.925344659673
2.8233,28.9374775401317
2.8234,28.9496163031352
2.8235,28.961760951836
2.8236,28.9739114893881
2.8237,28.9860679189476
2.8238,28.9982302436722
2.8239,29.0103984667217
2.824,29.0225725912574
2.8241,29.0347526204428
2.8242,29.046938557443
2.8243,29.059130405425
2.8244,29.0713281675577
2.8245,29.0835318470118
2.8246,29.0957414469597
2.8247,29.107956970576
2.8248,29.1201784210367
2.8249,29.1324058015201
2.825,29.144639115206
2.8251,29.1568783652761
2.8252,29.1691235549141
2.8253,29.1813746873056
2.8254,29.1936317656377
2.8255,29.2058947930998
2.8256,29.2181637728828
2.8257,29.2304387081796
2.8258,29.2427196021849
2.8259,29.2550064580955
2.826,29.2672992791097
2.8261,29.2795980684279
2.8262,29.2919028292522
2.8263,29.3042135647868
2.8264,29.3165302782376
2.8265,29.3288529728122
2.8266,29.3411816517204
2.8267,29.3535163181738
2.8268,29.3658569753856
2.8269,29.3782036265711
2.827,29.3905562749475
2.8271,29.4029149237338
2.8272,29.4152795761509
2.8273,29.4276502354214
2.8274,29.4400269047701
2.8275,29.4524095874234
2.8276,29.4647982866097
2.8277,29.4771930055593
2.8278,29.4895937475043
2.8279,29.5020005156787
2.828,29.5144133133185
2.8281,29.5268321436615
2.8282,29.5392570099472
2.8283,29.5516879154173
2.8284,29.5641248633153
2.8285,29.5765678568864
2.8286,29.5890168993779
2.8287,29.601471994039
2.8288,29.6139331441206
2.8289,29.6264003528756
2.829,29.6388736235589
2.8291,29.6513529594271
2.8292,29.6638383637388
2.8293,29.6763298397546
2.8294,29.6888273907368
2.8295,29.7013310199497
2.8296,29.7138407306595
2.8297,29.7263565261343
2.8298,29.7388784096441
2.8299,29.7514063844609
2.83,29.7639404538584
2.8301,29.7764806211123
2.8302,29.7890268895003
2.8303,29.801579262302
2.8304,29.8141377427987
2.8305,29.8267023342739
2.8306,29.8392730400129
2.8307,29.8518498633027
2.8308,29.8644328074326
2.8309,29.8770218756936
2.831,29.8896170713785
2.8311,29.9022183977824
2.8312,29.9148258582019
2.8313,29.9274394559358
2.8314,29.9400591942847
2.8315,29.9526850765511
2.8316,29.9653171060396
2.8317,29.9779552860566
2.8318,29.9905996199104
2.8319,30.0032501109113
2.832,30.0159067623714
2.8321,30.0285695776049
2.8322,30.0412385599279
2.8323,30.0539137126584
2.8324,30.0665950391162
2.8325,30.0792825426234
2.8326,30.0919762265035
2.8327,30.1046760940825
2.8328,30.1173821486881
2.8329,30.1300943936497
2.833,30.1428128322991
2.8331,30.1555374679696
2.8332,30.1682683039969
2.8333,30.1810053437182
2.8334,30.1937485904729
2.8335,30.2064980476024
2.8336,30.2192537184499
2.8337,30.2320156063606
2.8338,30.2447837146816
2.8339,30.2575580467621
2.834,30.2703386059531
2.8341,30.2831253956077
2.8342,30.2959184190808
2.8343,30.3087176797293
2.8344,30.3215231809122
2.8345,30.3343349259904
2.8346,30.3471529183265
2.8347,30.3599771612855
2.8348,30.372807658234
2.8349,30.3856444125408
2.835,30.3984874275766
2.8351,30.411336706714
2.8352,30.4241922533276
2.8353,30.437054070794
2.8354,30.4499221624917
2.8355,30.4627965318014
2.8356,30.4756771821055
2.8357,30.4885641167885
2.8358,30.5014573392369
2.8359,30.514356852839
2.836,30.5272626609854
2.8361,30.5401747670684
2.8362,30.5530931744824
2.8363,30.5660178866237
2.8364,30.5789489068907
2.8365,30.5918862386838
2.8366,30.6048298854053
2.8367,30.6177798504595
2.8368,30.6307361372526
2.8369,30.643698749193
2.837,30.6566676896909
2.8371,30.6696429621587
2.8372,30.6826245700105
2.8373,30.6956125166627
2.8374,30.7086068055335
2.8375,30.7216074400432
2.8376,30.734614423614
2.8377,30.7476277596702
2.8378,30.760647451638
2.8379,30.7736735029458
2.838,30.7867059170237
2.8381,30.799744697304
2.8382,30.8127898472212
2.8383,30.8258413702113
2.8384,30.8388992697127
2.8385,30.8519635491658
2.8386,30.8650342120128
2.8387,30.8781112616981
2.8388,30.891194701668
2.8389,30.904284535371
2.839,30.9173807662572
2.8391,30.9304833977793
2.8392,30.9435924333915
2.8393,30.9567078765504
2.8394,30.9698297307143
2.8395,30.9829579993439
2.8396,30.9960926859014
2.8397,31.0092337938516
2.8398,31.022381326661
2.8399,31.0355352877981
2.84,31.0486956807336
2.8401,31.0618625089402
2.8402,31.0750357758924
2.8403,31.0882154850671
2.8404,31.1014016399429
2.8405,31.1145942440007
2.8406,31.1277933007233
2.8407,31.1409988135955
2.8408,31.1542107861043
2.8409,31.1674292217386
2.841,31.1806541239893
2.8411,31.1938854963495
2.8412,31.2071233423143
2.8413,31.2203676653808
2.8414,31.2336184690482
2.8415,31.2468757568176
2.8416,31.2601395321923
2.8417,31.2734097986777
2.8418,31.2866865597811
2.8419,31.299969819012
2.842,31.3132595798818
2.8421,31.326555845904
2.8422,31.3398586205944
2.8423,31.3531679074704
2.8424,31.3664837100518
2.8425,31.3798060318604
2.8426,31.39313487642
2.8427,31.4064702472566
2.8428,31.419812147898
2.8429,31.4331605818743
2.843,31.4465155527177
2.8431,31.4598770639622
2.8432,31.4732451191442
2.8433,31.4866197218019
2.8434,31.5000008754757
2.8435,31.5133885837081
2.8436,31.5267828500437
2.8437,31.5401836780289
2.8438,31.5535910712127
2.8439,31.5670050331456
2.844,31.5804255673805
2.8441,31.5938526774724
2.8442,31.6072863669783
2.8443,31.6207266394573
2.8444,31.6341734984706
2.8445,31.6476269475814
2.8446,31.6610869903552
2.8447,31.6745536303594
2.8448,31.6880268711635
2.8449,31.7015067163391
2.845,31.7149931694601
2.8451,31.7284862341023
2.8452,31.7419859138435
2.8453,31.7554922122637
2.8454,31.7690051329452
2.8455,31.7825246794721
2.8456,31.7960508554308
2.8457,31.8095836644097
2.8458,31.8231231099993
2.8459,31.8366691957923
2.846,31.8502219253834
2.8461,31.8637813023694
2.8462,31.8773473303494
2.8463,31.8909200129244
2.8464,31.9044993536977
2.8465,31.9180853562744
2.8466,31.9316780242621
2.8467,31.9452773612702
2.8468,31.9588833709105
2.8469,31.9724960567966
2.847,31.9861154225446
2.8471,31.9997414717724
2.8472,32.0133742081001
2.8473,32.02701363515
2.8474,32.0406597565465
2.8475,32.0543125759162
2.8476,32.0679720968876
2.8477,32.0816383230915
2.8478,32.0953112581609
2.8479,32.1089909057308
2.848,32.1226772694384
2.8481,32.1363703529229
2.8482,32.1500701598258
2.8483,32.1637766937907
2.8484,32.1774899584633
2.8485,32.1912099574916
2.8486,32.2049366945254
2.8487,32.2186701732169
2.8488,32.2324103972204
2.8489,32.2461573701924
2.849,32.2599110957915
2.8491,32.2736715776783
2.8492,32.2874388195158
2.8493,32.301212824969
2.8494,32.3149935977051
2.8495,32.3287811413935
2.8496,32.3425754597056
2.8497,32.356376556315
2.8498,32.3701844348977
2.8499,32.3839990991315
2.85,32.3978205526967
2.8501,32.4116487992754
2.8502,32.4254838425522
2.8503,32.4393256862138
2.8504,32.4531743339488
2.8505,32.4670297894482
2.8506,32.4808920564053
2.8507,32.4947611385152
2.8508,32.5086370394754
2.8509,32.5225197629856
2.851,32.5364093127477
2.8511,32.5503056924655
2.8512,32.5642089058453
2.8513,32.5781189565954
2.8514,32.5920358484264
2.8515,32.6059595850509
2.8516,32.6198901701839
2.8517,32.6338276075425
2.8518,32.6477719008458
2.8519,32.6617230538154
2.852,32.6756810701748
2.8521,32.68964595365
2.8522,32.7036177079689
2.8523,32.7175963368617
2.8524,32.731581844061
2.8525,32.7455742333011
2.8526,32.7595735083191
2.8527,32.7735796728537
2.8528,32.7875927306463
2.8529,32.8016126854402
2.853,32.8156395409811
2.8531,32.8296733010167
2.8532,32.843713969297
2.8533,32.8577615495743
2.8534,32.8718160456029
2.8535,32.8858774611395
2.8536,32.899945799943
2.8537,32.9140210657743
2.8538,32.9281032623968
2.8539,32.9421923935759
2.854,32.9562884630793
2.8541,32.9703914746769
2.8542,32.9845014321409
2.8543,32.9986183392456
2.8544,33.0127421997676
2.8545,33.0268730174856
2.8546,33.0410107961807
2.8547,33.0551555396362
2.8548,33.0693072516375
2.8549,33.0834659359722
2.855,33.0976315964304
2.8551,33.1118042368043
2.8552,33.125983860888
2.8553,33.1401704724785
2.8554,33.1543640753744
2.8555,33.1685646733768
2.8556,33.1827722702892
2.8557,33.1969868699172
2.8558,33.2112084760684
2.8559,33.2254370925531
2.856,33.2396727231834
2.8561,33.2539153717739
2.8562,33.2681650421415
2.8563,33.2824217381052
2.8564,33.2966854634863
2.8565,33.3109562221083
2.8566,33.325234017797
2.8567,33.3395188543806
2.8568,33.3538107356892
2.8569,33.3681096655554
2.857,33.3824156478142
2.8571,33.3967286863025
2.8572,33.4110487848598
2.8573,33.4253759473276
2.8574,33.4397101775497
2.8575,33.4540514793724
2.8576,33.4683998566441
2.8577,33.4827553132153
2.8578,33.4971178529391
2.8579,33.5114874796707
2.858,33.5258641972675
2.8581,33.5402480095893
2.8582,33.5546389204982
2.8583,33.5690369338584
2.8584,33.5834420535365
2.8585,33.5978542834015
2.8586,33.6122736273244
2.8587,33.6267000891787
2.8588,33.6411336728401
2.8589,33.6555743821866
2.859,33.6700222210986
2.8591,33.6844771934585
2.8592,33.6989393031512
2.8593,33.7134085540639
2.8594,33.7278849500861
2.8595,33.7423684951095
2.8596,33.7568591930281
2.8597,33.7713570477382
2.8598,33.7858620631386
2.8599,33.8003742431301
2.86,33.8148935916159
2.8601,33.8294201125017
2.8602,33.8439538096952
2.8603,33.8584946871067
2.8604,33.8730427486485
2.8605,33.8875979982354
2.8606,33.9021604397845
2.8607,33.9167300772152
2.8608,33.9313069144492
2.8609,33.9458909554104
2.861,33.9604822040253
2.8611,33.9750806642225
2.8612,33.9896863399329
2.8613,34.0042992350899
2.8614,34.0189193536289
2.8615,34.033546699488
2.8616,34.0481812766075
2.8617,34.0628230889298
2.8618,34.0774721403999
2.8619,34.0921284349651
2.862,34.1067919765749
2.8621,34.1214627691812
2.8622,34.1361408167382
2.8623,34.1508261232026
2.8624,34.1655186925332
2.8625,34.1802185286912
2.8626,34.1949256356403
2.8627,34.2096400173464
2.8628,34.2243616777777
2.8629,34.2390906209048
2.863,34.2538268507008
2.8631,34.2685703711408
2.8632,34.2833211862026
2.8633,34.2980792998661
2.8634,34.3128447161138
2.8635,34.3276174389302
2.8636,34.3423974723026
2.8637,34.3571848202202
2.8638,34.3719794866748
2.8639,34.3867814756606
2.864,34.4015907911741
2.8641,34.4164074372141
2.8642,34.4312314177818
2.8643,34.4460627368809
2.8644,34.4609013985172
2.8645,34.475747406699
2.8646,34.4906007654371
2.8647,34.5054614787445
2.8648,34.5203295506365
2.8649,34.5352049851311
2.865,34.5500877862484
2.8651,34.564977958011
2.8652,34.5798755044437
2.8653,34.5947804295739
2.8654,34.6096927374312
2.8655,34.6246124320478
2.8656,34.639539517458
2.8657,34.6544739976988
2.8658,34.6694158768094
2.8659,34.6843651588313
2.866,34.6993218478085
2.8661,34.7142859477876
2.8662,34.7292574628172
2.8663,34.7442363969486
2.8664,34.7592227542352
2.8665,34.7742165387332
2.8666,34.7892177545009
2.8667,34.804226405599
2.8668,34.8192424960908
2.8669,34.8342660300418
2.867,34.8492970115201
2.8671,34.8643354445959
2.8672,34.8793813333422
2.8673,34.8944346818342
2.8674,34.9094954941494
2.8675,34.924563774368
2.8676,34.9396395265723
2.8677,34.9547227548472
2.8678,34.9698134632801
2.8679,34.9849116559606
2.868,35.0000173369808
2.8681,35.0151305104354
2.8682,35.0302511804212
2.8683,35.0453793510377
2.8684,35.0605150263868
2.8685,35.0756582105726
2.8686,35.0908089077018
2.8687,35.1059671218836
2.8688,35.1211328572295
2.8689,35.1363061178535
2.869,35.151486907872
2.8691,35.1666752314038
2.8692,35.1818710925704
2.8693,35.1970744954953
2.8694,35.2122854443048
2.8695,35.2275039431275
2.8696,35.2427299960944
2.8697,35.2579636073391
2.8698,35.2732047809975
2.8699,35.2884535212081
2.87,35.3037098321117
2.8701,35.3189737178516
2.8702,35.3342451825736
2.8703,35.3495242304259
2.8704,35.3648108655592
2.8705,35.3801050921267
2.8706,35.3954069142839
2.8707,35.4107163361889
2.8708,35.4260333620022
2.8709,35.4413579958868
2.871,35.4566902420083
2.8711,35.4720301045344
2.8712,35.4873775876357
2.8713,35.502732695485
2.8714,35.5180954322577
2.8715,35.5334658021315
2.8716,35.5488438092867
2.8717,35.5642294579062
2.8718,35.5796227521752
2.8719,35.5950236962814
2.872,35.610432294415
2.8721,35.6258485507688
2.8722,35.641272469538
2.8723,35.6567040549201
2.8724,35.6721433111154
2.8725,35.6875902423265
2.8726,35.7030448527587
2.8727,35.7185071466194
2.8728,35.7339771281188
2.8729,35.7494548014697
2.873,35.764940170887
2.8731,35.7804332405885
2.8732,35.7959340147943
2.8733,35.8114424977269
2.8734,35.8269586936116
2.8735,35.842482606676
2.8736,35.8580142411503
2.8737,35.8735536012671
2.8738,35.8891006912615
2.8739,35.9046555153714
2.874,35.9202180778368
2.8741,35.9357883829005
2.8742,35.9513664348078
2.8743,35.9669522378063
2.8744,35.9825457961465
2.8745,35.9981471140809
2.8746,36.0137561958651
2.8747,36.0293730457568
2.8748,36.0449976680163
2.8749,36.0606300669067
2.875,36.0762702466933
2.8751,36.0919182116442
2.8752,36.1075739660297
2.8753,36.1232375141231
2.8754,36.1389088601997
2.8755,36.1545880085377
2.8756,36.1702749634178
2.8757,36.1859697291232
2.8758,36.2016723099395
2.8759,36.2173827101552
2.876,36.2331009340609
2.8761,36.2488269859501
2.8762,36.2645608701187
2.8763,36.2803025908652
2.8764,36.2960521524906
2.8765,36.3118095592985
2.8766,36.327574815595
2.8767,36.3433479256887
2.8768,36.359128893891
2.8769,36.3749177245157
2.877,36.3907144218792
2.8771,36.4065189903004
2.8772,36.4223314341008
2.8773,36.4381517576044
2.8774,36.4539799651381
2.8775,36.4698160610308
2.8776,36.4856600496145
2.8777,36.5015119352235
2.8778,36.5173717221947
2.8779,36.5332394148676
2.878,36.5491150175844
2.8781,36.5649985346897
2.8782,36.5808899705308
2.8783,36.5967893294575
2.8784,36.6126966158222
2.8785,36.6286118339799
2.8786,36.6445349882883
2.8787,36.6604660831076
2.8788,36.6764051228005
2.8789,36.6923521117324
2.879,36.7083070542713
2.8791,36.7242699547878
2.8792,36.740240817655
2.8793,36.7562196472487
2.8794,36.7722064479473
2.8795,36.7882012241317
2.8796,36.8042039801855
2.8797,36.820214720495
2.8798,36.8362334494489
2.8799,36.8522601714385
2.88,36.868294890858
2.8801,36.884337612104
2.8802,36.9003883395757
2.8803,36.916447077675
2.8804,36.9325138308063
2.8805,36.9485886033768
2.8806,36.9646713997962
2.8807,36.9807622244768
2.8808,36.9968610818336
2.8809,37.0129679762842
2.881,37.0290829122489
2.8811,37.0452058941505
2.8812,37.0613369264145
2.8813,37.077476013469
2.8814,37.0936231597447
2.8815,37.1097783696752
2.8816,37.1259416476963
2.8817,37.1421129982469
2.8818,37.1582924257681
2.8819,37.174479934704
2.882,37.1906755295012
2.8821,37.2068792146089
2.8822,37.2230909944791
2.8823,37.2393108735662
2.8824,37.2555388563275
2.8825,37.2717749472229
2.8826,37.2880191507148
2.8827,37.3042714712685
2.8828,37.3205319133517
2.8829,37.336800481435
2.883,37.3530771799915
2.8831,37.369362013497
2.8832,37.38565498643
2.8833,37.4019561032717
2.8834,37.4182653685059
2.8835,37.434582786619
2.8836,37.4509083621003
2.8837,37.4672420994416
2.8838,37.4835840031374
2.8839,37.4999340776848
2.884,37.5162923275837
2.8841,37.5326587573368
2.8842,37.5490333714492
2.8843,37.5654161744288
2.8844,37.5818071707863
2.8845,37.5982063650349
2.8846,37.6146137616906
2.8847,37.6310293652721
2.8848,37.6474531803008
2.8849,37.6638852113006
2.885,37.6803254627985
2.8851,37.6967739393238
2.8852,37.7132306454086
2.8853,37.7296955855878
2.8854,37.7461687643991
2.8855,37.7626501863825
2.8856,37.7791398560812
2.8857,37.7956377780408
2.8858,37.8121439568096
2.8859,37.8286583969389
2.886,37.8451811029823
2.8861,37.8617120794964
2.8862,37.8782513310405
2.8863,37.8947988621766
2.8864,37.9113546774692
2.8865,37.9279187814858
2.8866,37.9444911787967
2.8867,37.9610718739745
2.8868,37.9776608715949
2.8869,37.9942581762362
2.887,38.0108637924795
2.8871,38.0274777249085
2.8872,38.0440999781098
2.8873,38.0607305566725
2.8874,38.0773694651886
2.8875,38.094016708253
2.8876,38.110672290463
2.8877,38.1273362164188
2.8878,38.1440084907235
2.8879,38.1606891179827
2.888,38.1773781028049
2.8881,38.1940754498012
2.8882,38.2107811635856
2.8883,38.2274952487748
2.8884,38.2442177099883
2.8885,38.2609485518483
2.8886,38.2776877789798
2.8887,38.2944353960105
2.8888,38.3111914075709
2.8889,38.3279558182942
2.889,38.3447286328166
2.8891,38.3615098557768
2.8892,38.3782994918163
2.8893,38.3950975455795
2.8894,38.4119040217135
2.8895,38.4287189248682
2.8896,38.4455422596962
2.8897,38.4623740308531
2.8898,38.4792142429969
2.8899,38.4960629007888
2.89,38.5129200088924
2.8901,38.5297855719745
2.8902,38.5466595947042
2.8903,38.5635420817538
2.8904,38.5804330377982
2.8905,38.5973324675152
2.8906,38.6142403755852
2.8907,38.6311567666916
2.8908,38.6480816455205
2.8909,38.6650150167609
2.891,38.6819568851043
2.8911,38.6989072552455
2.8912,38.7158661318816
2.8913,38.7328335197129
2.8914,38.7498094234422
2.8915,38.7667938477753
2.8916,38.7837867974209
2.8917,38.8007882770902
2.8918,38.8177982914974
2.8919,38.8348168453597
2.892,38.8518439433967
2.8921,38.8688795903313
2.8922,38.8859237908887
2.8923,38.9029765497975
2.8924,38.9200378717885
2.8925,38.9371077615959
2.8926,38.9541862239564
2.8927,38.9712732636097
2.8928,38.9883688852981
2.8929,39.005473093767
2.893,39.0225858937645
2.8931,39.0397072900415
2.8932,39.0568372873519
2.8933,39.0739758904523
2.8934,39.0911231041022
2.8935,39.1082789330639
2.8936,39.1254433821027
2.8937,39.1426164559866
2.8938,39.1597981594864
2.8939,39.176988497376
2.894,39.1941874744318
2.8941,39.2113950954335
2.8942,39.2286113651632
2.8943,39.2458362884062
2.8944,39.2630698699504
2.8945,39.2803121145869
2.8946,39.2975630271094
2.8947,39.3148226123145
2.8948,39.3320908750017
2.8949,39.3493678199735
2.895,39.366653452035
2.8951,39.3839477759944
2.8952,39.4012507966627
2.8953,39.4185625188538
2.8954,39.4358829473844
2.8955,39.4532120870743
2.8956,39.470549942746
2.8957,39.4878965192248
2.8958,39.5052518213392
2.8959,39.5226158539202
2.896,39.5399886218021
2.8961,39.5573701298218
2.8962,39.5747603828192
2.8963,39.592159385637
2.8964,39.6095671431209
2.8965,39.6269836601197
2.8966,39.6444089414846
2.8967,39.6618429920702
2.8968,39.6792858167337
2.8969,39.6967374203353
2.897,39.7141978077382
2.8971,39.7316669838084
2.8972,39.7491449534148
2.8973,39.7666317214293
2.8974,39.7841272927268
2.8975,39.8016316721848
2.8976,39.8191448646841
2.8977,39.8366668751081
2.8978,39.8541977083434
2.8979,39.8717373692794
2.898,39.8892858628084
2.8981,39.9068431938257
2.8982,39.9244093672293
2.8983,39.9419843879206
2.8984,39.9595682608036
2.8985,39.9771609907852
2.8986,39.9947625827755
2.8987,40.0123730416872
2.8988,40.0299923724363
2.8989,40.0476205799416
2.899,40.0652576691248
2.8991,40.0829036449105
2.8992,40.1005585122264
2.8993,40.118222276003
2.8994,40.1358949411741
2.8995,40.1535765126759
2.8996,40.1712669954481
2.8997,40.188966394433
2.8998,40.2066747145761
2.8999,40.2243919608255
2.9,40.2421181381328
2.9001,40.2598532514522
2.9002,40.2775973057408
2.9003,40.2953503059591
2.9004,40.3131122570701
2.9005,40.3308831640401
2.9006,40.3486630318383
2.9007,40.3664518654367
2.9008,40.3842496698106
2.9009,40.402056449938
2.901,40.4198722108
2.9011,40.4376969573808
2.9012,40.4555306946674
2.9013,40.4733734276498
2.9014,40.4912251613212
2.9015,40.5090859006775
2.9016,40.5269556507179
2.9017,40.5448344164443
2.9018,40.562722202862
2.9019,40.5806190149789
2.902,40.598524857806
2.9021,40.6164397363576
2.9022,40.6343636556506
2.9023,40.6522966207051
2.9024,40.6702386365444
2.9025,40.6881897081944
2.9026,40.7061498406844
2.9027,40.7241190390464
2.9028,40.7420973083158
2.9029,40.7600846535307
2.903,40.7780810797322
2.9031,40.7960865919648
2.9032,40.8141011952756
2.9033,40.832124894715
2.9034,40.8501576953364
2.9035,40.868199602196
2.9036,40.8862506203534
2.9037,40.904310754871
2.9038,40.9223800108143
2.9039,40.9404583932518
2.904,40.9585459072552
2.9041,40.976642557899
2.9042,40.994748350261
2.9043,41.0128632894219
2.9044,41.0309873804654
2.9045,41.0491206284784
2.9046,41.0672630385508
2.9047,41.0854146157756
2.9048,41.1035753652487
2.9049,41.1217452920693
2.905,41.1399244013394
2.9051,41.1581126981643
2.9052,41.1763101876522
2.9053,41.1945168749146
2.9054,41.2127327650657
2.9055,41.2309578632232
2.9056,41.2491921745075
2.9057,41.2674357040423
2.9058,41.2856884569543
2.9059,41.3039504383734
2.906,41.3222216534323
2.9061,41.3405021072672
2.9062,41.358791805017
2.9063,41.3770907518239
2.9064,41.3953989528331
2.9065,41.413716413193
2.9066,41.432043138055
2.9067,41.4503791325736
2.9068,41.4687244019065
2.9069,41.4870789512144
2.907,41.5054427856611
2.9071,41.5238159104135
2.9072,41.5421983306418
2.9073,41.560590051519
2.9074,41.5789910782215
2.9075,41.5974014159285
2.9076,41.6158210698227
2.9077,41.6342500450896
2.9078,41.6526883469179
2.9079,41.6711359804995
2.908,41.6895929510294
2.9081,41.7080592637057
2.9082,41.7265349237297
2.9083,41.7450199363055
2.9084,41.7635143066409
2.9085,41.7820180399464
2.9086,41.8005311414357
2.9087,41.8190536163258
2.9088,41.8375854698367
2.9089,41.8561267071915
2.909,41.8746773336167
2.9091,41.8932373543416
2.9092,41.9118067745989
2.9093,41.9303855996244
2.9094,41.9489738346569
2.9095,41.9675714849386
2.9096,41.9861785557147
2.9097,42.0047950522335
2.9098,42.0234209797467
2.9099,42.0420563435089
2.91,42.0607011487779
2.9101,42.0793554008149
2.9102,42.0980191048841
2.9103,42.1166922662527
2.9104,42.1353748901913
2.9105,42.1540669819738
2.9106,42.1727685468769
2.9107,42.1914795901808
2.9108,42.2102001171687
2.9109,42.228930133127
2.911,42.2476696433454
2.9111,42.2664186531167
2.9112,42.2851771677369
2.9113,42.3039451925052
2.9114,42.3227227327239
2.9115,42.3415097936987
2.9116,42.3603063807382
2.9117,42.3791124991546
2.9118,42.3979281542628
2.9119,42.4167533513814
2.912,42.4355880958319
2.9121,42.4544323929391
2.9122,42.473286248031
2.9123,42.4921496664387
2.9124,42.5110226534968
2.9125,42.5299052145429
2.9126,42.5487973549177
2.9127,42.5676990799654
2.9128,42.5866103950333
2.9129,42.6055313054719
2.913,42.6244618166348
2.9131,42.6434019338792
2.9132,42.6623516625652
2.9133,42.6813110080562
2.9134,42.7002799757189
2.9135,42.7192585709232
2.9136,42.7382467990422
2.9137,42.7572446654524
2.9138,42.7762521755332
2.9139,42.7952693346677
2.914,42.8142961482419
2.9141,42.8333326216451
2.9142,42.8523787602701
2.9143,42.8714345695126
2.9144,42.8905000547717
2.9145,42.9095752214499
2.9146,42.9286600749528
2.9147,42.9477546206893
2.9148,42.9668588640715
2.9149,42.9859728105149
2.915,43.0050964654382
2.9151,43.0242298342632
2.9152,43.0433729224153
2.9153,43.062525735323
2.9154,43.081688278418
2.9155,43.1008605571353
2.9156,43.1200425769135
2.9157,43.1392343431939
2.9158,43.1584358614217
2.9159,43.1776471370449
2.916,43.196868175515
2.9161,43.2160989822869
2.9162,43.2353395628185
2.9163,43.2545899225713
2.9164,43.2738500670099
2.9165,43.2931200016022
2.9166,43.3123997318195
2.9167,43.3316892631365
2.9168,43.3509886010308
2.9169,43.3702977509838
2.917,43.3896167184798
2.9171,43.4089455090067
2.9172,43.4282841280556
2.9173,43.447632581121
2.9174,43.4669908737005
2.9175,43.4863590112952
2.9176,43.5057369994095
2.9177,43.5251248435512
2.9178,43.5445225492312
2.9179,43.563930121964
2.918,43.5833475672671
2.9181,43.6027748906618
2.9182,43.6222120976722
2.9183,43.6416591938262
2.9184,43.6611161846547
2.9185,43.6805830756922
2.9186,43.7000598724765
2.9187,43.7195465805484
2.9188,43.7390432054526
2.9189,43.7585497527367
2.919,43.778066227952
2.9191,43.7975926366528
2.9192,43.817128984397
2.9193,43.8366752767458
2.9194,43.8562315192638
2.9195,43.8757977175189
2.9196,43.8953738770824
2.9197,43.914960003529
2.9198,43.9345561024366
2.9199,43.9541621793866
2.92,43.973778239964
2.9201,43.9934042897567
2.9202,44.0130403343564
2.9203,44.0326863793579
2.9204,44.0523424303596
2.9205,44.072008492963
2.9206,44.0916845727734
2.9207,44.111370675399
2.9208,44.1310668064519
2.9209,44.1507729715472
2.921,44.1704891763036
2.9211,44.190215426343
2.9212,44.209951727291
2.9213,44.2296980847764
2.9214,44.2494545044314
2.9215,44.2692209918916
2.9216,44.2889975527962
2.9217,44.3087841927876
2.9218,44.3285809175118
2.9219,44.3483877326179
2.922,44.3682046437587
2.9221,44.3880316565904
2.9222,44.4078687767726
2.9223,44.4277160099681
2.9224,44.4475733618435
2.9225,44.4674408380685
2.9226,44.4873184443165
2.9227,44.5072061862642
2.9228,44.5271040695917
2.9229,44.5470120999825
2.923,44.5669302831238
2.9231,44.586858624706
2.9232,44.606797130423
2.9233,44.6267458059722
2.9234,44.6467046570543
2.9235,44.6666736893736
2.9236,44.6866529086379
2.9237,44.7066423205583
2.9238,44.7266419308494
2.9239,44.7466517452294
2.924,44.7666717694198
2.9241,44.7867020091455
2.9242,44.8067424701351
2.9243,44.8267931581206
2.9244,44.8468540788373
2.9245,44.8669252380242
2.9246,44.8870066414236
2.9247,44.9070982947814
2.9248,44.9272002038469
2.9249,44.947312374373
2.925,44.9674348121158
2.9251,44.9875675228354
2.9252,45.0077105122948
2.9253,45.0278637862609
2.9254,45.0480273505039
2.9255,45.0682012107977
2.9256,45.0883853729194
2.9257,45.1085798426498
2.9258,45.1287846257732
2.9259,45.1489997280774
2.926,45.1692251553537
2.9261,45.1894609133967
2.9262,45.2097070080049
2.9263,45.22996344498
2.9264,45.2502302301274
2.9265,45.2705073692558
2.9266,45.2907948681778
2.9267,45.3110927327091
2.9268,45.3314009686693
2.9269,45.3517195818812
2.927,45.3720485781713
2.9271,45.3923879633697
2.9272,45.4127377433098
2.9273,45.4330979238288
2.9274,45.4534685107674
2.9275,45.4738495099696
2.9276,45.4942409272831
2.9277,45.5146427685594
2.9278,45.535055039653
2.9279,45.5554777464225
2.928,45.5759108947296
2.9281,45.59635449044
2.9282,45.6168085394225
2.9283,45.6372730475498
2.9284,45.657748020698
2.9285,45.6782334647468
2.9286,45.6987293855796
2.9287,45.7192357890831
2.9288,45.7397526811478
2.9289,45.7602800676676
2.929,45.7808179545402
2.9291,45.8013663476668
2.9292,45.8219252529519
2.9293,45.8424946763039
2.9294,45.8630746236348
2.9295,45.8836651008601
2.9296,45.9042661138987
2.9297,45.9248776686735
2.9298,45.9454997711105
2.9299,45.9661324271398
2.93,45.9867756426948
2.9301,46.0074294237125
2.9302,46.0280937761336
2.9303,46.0487687059024
2.9304,46.0694542189668
2.9305,46.0901503212783
2.9306,46.110857018792
2.9307,46.1315743174665
2.9308,46.1523022232643
2.9309,46.1730407421513
2.931,46.1937898800972
2.9311,46.214549643075
2.9312,46.2353200370618
2.9313,46.2561010680378
2.9314,46.2768927419873
2.9315,46.297695064898
2.9316,46.3185080427613
2.9317,46.3393316815721
2.9318,46.3601659873292
2.9319,46.3810109660348
2.932,46.4018666236949
2.9321,46.422732966319
2.9322,46.4436099999205
2.9323,46.4644977305163
2.9324,46.4853961641268
2.9325,46.5063053067764
2.9326,46.5272251644929
2.9327,46.5481557433078
2.9328,46.5690970492563
2.9329,46.5900490883774
2.933,46.6110118667136
2.9331,46.631985390311
2.9332,46.6529696652196
2.9333,46.6739646974931
2.9334,46.6949704931885
2.9335,46.7159870583669
2.9336,46.7370143990928
2.9337,46.7580525214346
2.9338,46.7791014314643
2.9339,46.8001611352575
2.934,46.8212316388937
2.9341,46.8423129484559
2.9342,46.8634050700309
2.9343,46.8845080097092
2.9344,46.9056217735849
2.9345,46.9267463677561
2.9346,46.9478817983241
2.9347,46.9690280713944
2.9348,46.990185193076
2.9349,47.0113531694816
2.935,47.0325320067277
2.9351,47.0537217109344
2.9352,47.0749222882257
2.9353,47.0961337447292
2.9354,47.1173560865762
2.9355,47.1385893199018
2.9356,47.1598334508449
2.9357,47.1810884855479
2.9358,47.2023544301572
2.9359,47.2236312908228
2.936,47.2449190736984
2.9361,47.2662177849417
2.9362,47.2875274307138
2.9363,47.3088480171797
2.9364,47.3301795505083
2.9365,47.3515220368721
2.9366,47.3728754824472
2.9367,47.3942398934139
2.9368,47.4156152759559
2.9369,47.4370016362606
2.937,47.4583989805196
2.9371,47.4798073149278
2.9372,47.5012266456842
2.9373,47.5226569789913
2.9374,47.5440983210558
2.9375,47.5655506780876
2.9376,47.5870140563008
2.9377,47.6084884619132
2.9378,47.6299739011464
2.9379,47.6514703802255
2.938,47.6729779053799
2.9381,47.6944964828424
2.9382,47.7160261188498
2.9383,47.7375668196426
2.9384,47.7591185914651
2.9385,47.7806814405654
2.9386,47.8022553731956
2.9387,47.8238403956112
2.9388,47.845436514072
2.9389,47.8670437348411
2.939,47.888662064186
2.9391,47.9102915083774
2.9392,47.9319320736903
2.9393,47.9535837664033
2.9394,47.9752465927989
2.9395,47.9969205591634
2.9396,48.0186056717869
2.9397,48.0403019369634
2.9398,48.0620093609907
2.9399,48.0837279501704
2.94,48.105457710808
2.9401,48.1271986492129
2.9402,48.1489507716982
2.9403,48.170714084581
2.9404,48.1924885941821
2.9405,48.2142743068262
2.9406,48.2360712288419
2.9407,48.2578793665617
2.9408,48.2796987263219
2.9409,48.3015293144626
2.941,48.3233711373279
2.9411,48.3452242012656
2.9412,48.3670885126276
2.9413,48.3889640777694
2.9414,48.4108509030507
2.9415,48.4327489948347
2.9416,48.4546583594889
2.9417,48.4765790033843
2.9418,48.498510932896
2.9419,48.5204541544029
2.942,48.542408674288
2.9421,48.5643744989378
2.9422,48.5863516347431
2.9423,48.6083400880983
2.9424,48.6303398654019
2.9425,48.6523509730561
2.9426,48.6743734174673
2.9427,48.6964072050456
2.9428,48.7184523422049
2.9429,48.7405088353633
2.943,48.7625766909427
2.9431,48.7846559153689
2.9432,48.8067465150715
2.9433,48.8288484964843
2.9434,48.8509618660448
2.9435,48.8730866301945
2.9436,48.8952227953789
2.9437,48.9173703680474
2.9438,48.9395293546532
2.9439,48.9616997616536
2.944,48.9838815955097
2.9441,49.0060748626868
2.9442,49.028279569654
2.9443,49.0504957228841
2.9444,49.0727233288543
2.9445,49.0949623940455
2.9446,49.1172129249426
2.9447,49.1394749280344
2.9448,49.1617484098137
2.9449,49.1840333767774
2.945,49.2063298354262
2.9451,49.2286377922649
2.9452,49.250957253802
2.9453,49.2732882265504
2.9454,49.2956307170266
2.9455,49.3179847317513
2.9456,49.3403502772491
2.9457,49.3627273600486
2.9458,49.3851159866825
2.9459,49.4075161636872
2.946,49.4299278976034
2.9461,49.4523511949756
2.9462,49.4747860623525
2.9463,49.4972325062865
2.9464,49.5196905333344
2.9465,49.5421601500566
2.9466,49.5646413630178
2.9467,49.5871341787865
2.9468,49.6096386039355
2.9469,49.6321546450413
2.947,49.6546823086846
2.9471,49.6772216014501
2.9472,49.6997725299266
2.9473,49.7223351007067
2.9474,49.7449093203872
2.9475,49.7674951955689
2.9476,49.7900927328567
2.9477,49.8127019388594
2.9478,49.83532282019
2.9479,49.8579553834654
2.948,49.8805996353066
2.9481,49.9032555823387
2.9482,49.9259232311908
2.9483,49.948602588496
2.9484,49.9712936608917
2.9485,49.993996455019
2.9486,50.0167109775233
2.9487,50.039437235054
2.9488,50.0621752342646
2.9489,50.0849249818126
2.949,50.1076864843597
2.9491,50.1304597485715
2.9492,50.1532447811178
2.9493,50.1760415886725
2.9494,50.1988501779135
2.9495,50.2216705555228
2.9496,50.2445027281865
2.9497,50.2673467025949
2.9498,50.2902024854422
2.9499,50.3130700834269
2.95,50.3359495032513
2.9501,50.3588407516222
2.9502,50.3817438352502
2.9503,50.4046587608501
2.9504,50.4275855351408
2.9505,50.4505241648454
2.9506,50.473474656691
2.9507,50.496437017409
2.9508,50.5194112537345
2.9509,50.5423973724073
2.951,50.5653953801709
2.9511,50.588405283773
2.9512,50.6114270899657
2.9513,50.6344608055048
2.9514,50.6575064371506
2.9515,50.6805639916674
2.9516,50.7036334758237
2.9517,50.726714896392
2.9518,50.7498082601491
2.9519,50.7729135738758
2.952,50.7960308443573
2.9521,50.8191600783828
2.9522,50.8423012827455
2.9523,50.865454464243
2.9524,50.8886196296771
2.9525,50.9117967858535
2.9526,50.9349859395823
2.9527,50.9581870976777
2.9528,50.9814002669581
2.9529,51.0046254542459
2.953,51.0278626663681
2.9531,51.0511119101553
2.9532,51.0743731924429
2.9533,51.09764652007
2.9534,51.1209318998801
2.9535,51.144229338721
2.9536,51.1675388434444
2.9537,51.1908604209064
2.9538,51.2141940779675
2.9539,51.2375398214919
2.954,51.2608976583484
2.9541,51.2842675954099
2.9542,51.3076496395536
2.9543,51.3310437976607
2.9544,51.3544500766168
2.9545,51.3778684833116
2.9546,51.4012990246392
2.9547,51.4247417074978
2.9548,51.4481965387899
2.9549,51.471663525422
2.955,51.4951426743053
2.9551,51.5186339923547
2.9552,51.5421374864897
2.9553,51.5656531636339
2.9554,51.5891810307153
2.9555,51.612721094666
2.9556,51.6362733624223
2.9557,51.659837840925
2.9558,51.6834145371189
2.9559,51.7070034579532
2.956,51.7306046103813
2.9561,51.7542180013609
2.9562,51.7778436378541
2.9563,51.801481526827
2.9564,51.8251316752501
2.9565,51.8487940900982
2.9566,51.8724687783504
2.9567,51.8961557469901
2.9568,51.9198550030049
2.9569,51.9435665533866
2.957,51.9672904051316
2.9571,51.9910265652404
2.9572,52.0147750407177
2.9573,52.0385358385726
2.9574,52.0623089658187
2.9575,52.0860944294735
2.9576,52.1098922365591
2.9577,52.1337023941019
2.9578,52.1575249091324
2.9579,52.1813597886857
2.958,52.2052070398011
2.9581,52.2290666695221
2.9582,52.2529386848967
2.9583,52.2768230929772
2.9584,52.3007199008201
2.9585,52.3246291154865
2.9586,52.3485507440414
2.9587,52.3724847935547
2.9588,52.3964312711001
2.9589,52.420390183756
2.959,52.4443615386051
2.9591,52.4683453427342
2.9592,52.4923416032348
2.9593,52.5163503272026
2.9594,52.5403715217376
2.9595,52.5644051939442
2.9596,52.5884513509313
2.9597,52.6125099998119
2.9598,52.6365811477037
2.9599,52.6606648017284
2.96,52.6847609690124
2.9601,52.7088696566864
2.9602,52.7329908718853
2.9603,52.7571246217485
2.9604,52.78127091342
2.9605,52.8054297540479
2.9606,52.8296011507848
2.9607,52.8537851107876
2.9608,52.8779816412179
2.9609,52.9021907492413
2.961,52.9264124420281
2.9611,52.9506467267529
2.9612,52.9748936105947
2.9613,52.999153100737
2.9614,53.0234252043675
2.9615,53.0477099286785
2.9616,53.0720072808668
2.9617,53.0963172681334
2.9618,53.120639897684
2.9619,53.1449751767284
2.962,53.1693231124811
2.9621,53.1936837121609
2.9622,53.2180569829911
2.9623,53.2424429321994
2.9624,53.2668415670181
2.9625,53.2912528946838
2.9626,53.3156769224374
2.9627,53.3401136575247
2.9628,53.3645631071954
2.9629,53.3890252787042
2.963,53.4135001793099
2.9631,53.4379878162759
2.9632,53.46248819687
2.9633,53.4870013283646
2.9634,53.5115272180365
2.9635,53.5360658731669
2.9636,53.5606173010417
2.9637,53.5851815089509
2.9638,53.6097585041894
2.9639,53.6343482940564
2.964,53.6589508858556
2.9641,53.6835662868951
2.9642,53.7081945044877
2.9643,53.7328355459506
2.9644,53.7574894186055
2.9645,53.7821561297786
2.9646,53.8068356868007
2.9647,53.831528097007
2.9648,53.8562333677372
2.9649,53.8809515063356
2.965,53.9056825201511
2.9651,53.9304264165369
2.9652,53.955183202851
2.9653,53.9799528864556
2.9654,54.0047354747177
2.9655,54.0295309750089
2.9656,54.0543393947049
2.9657,54.0791607411865
2.9658,54.1039950218387
2.9659,54.1288422440511
2.966,54.1537024152178
2.9661,54.1785755427378
2.9662,54.2034616340141
2.9663,54.2283606964548
2.9664,54.2532727374723
2.9665,54.2781977644834
2.9666,54.3031357849098
2.9667,54.3280868061777
2.9668,54.3530508357177
2.9669,54.3780278809651
2.967,54.4030179493598
2.9671,54.4280210483463
2.9672,54.4530371853735
2.9673,54.4780663678953
2.9674,54.5031086033697
2.9675,54.5281638992596
2.9676,54.5532322630325
2.9677,54.5783137021603
2.9678,54.6034082241197
2.9679,54.628515836392
2.968,54.653636546463
2.9681,54.6787703618232
2.9682,54.7039172899677
2.9683,54.7290773383961
2.9684,54.7542505146129
2.9685,54.779436826127
2.9686,54.804636280452
2.9687,54.8298488851062
2.9688,54.8550746476123
2.9689,54.880313575498
2.969,54.9055656762954
2.9691,54.9308309575412
2.9692,54.9561094267769
2.9693,54.9814010915486
2.9694,55.0067059594072
2.9695,55.0320240379078
2.9696,55.0573553346108
2.9697,55.0826998570807
2.9698,55.108057612887
2.9699,55.1334286096037
2.97,55.1588128548097
2.9701,55.1842103560883
2.9702,55.2096211210276
2.9703,55.2350451572204
2.9704,55.2604824722642
2.9705,55.2859330737612
2.9706,55.3113969693181
2.9707,55.3368741665466
2.9708,55.3623646730629
2.9709,55.3878684964878
2.971,55.4133856444472
2.9711,55.4389161245713
2.9712,55.4644599444953
2.9713,55.4900171118588
2.9714,55.5155876343065
2.9715,55.5411715194874
2.9716,55.5667687750556
2.9717,55.5923794086698
2.9718,55.6180034279932
2.9719,55.6436408406941
2.972,55.6692916544453
2.9721,55.6949558769243
2.9722,55.7206335158136
2.9723,55.7463245788003
2.9724,55.7720290735761
2.9725,55.7977470078377
2.9726,55.8234783892864
2.9727,55.8492232256282
2.9728,55.8749815245741
2.9729,55.9007532938396
2.973,55.9265385411452
2.9731,55.952337274216
2.9732,55.978149500782
2.9733,56.0039752285778
2.9734,56.0298144653429
2.9735,56.0556672188217
2.9736,56.081533496763
2.9737,56.1074133069209
2.9738,56.1333066570539
2.9739,56.1592135549255
2.974,56.1851340083039
2.9741,56.211068024962
2.9742,56.2370156126778
2.9743,56.2629767792339
2.9744,56.2889515324177
2.9745,56.3149398800214
2.9746,56.3409418298423
2.9747,56.3669573896821
2.9748,56.3929865673476
2.9749,56.4190293706504
2.975,56.4450858074068
2.9751,56.471155885438
2.9752,56.4972396125701
2.9753,56.523336996634
2.9754,56.5494480454654
2.9755,56.5755727669048
2.9756,56.6017111687978
2.9757,56.6278632589946
2.9758,56.6540290453503
2.9759,56.6802085357249
2.976,56.7064017379833
2.9761,56.7326086599951
2.9762,56.758829309635
2.9763,56.7850636947824
2.9764,56.8113118233217
2.9765,56.837573703142
2.9766,56.8638493421375
2.9767,56.8901387482071
2.9768,56.9164419292546
2.9769,56.9427588931889
2.977,56.9690896479236
2.9771,56.9954342013771
2.9772,57.0217925614731
2.9773,57.0481647361398
2.9774,57.0745507333104
2.9775,57.1009505609232
2.9776,57.1273642269211
2.9777,57.1537917392523
2.9778,57.1802331058696
2.9779,57.2066883347309
2.978,57.2331574337988
2.9781,57.2596404110412
2.9782,57.2861372744306
2.9783,57.3126480319446
2.9784,57.3391726915656
2.9785,57.3657112612812
2.9786,57.3922637490837
2.9787,57.4188301629705
2.9788,57.4454105109438
2.9789,57.4720048010109
2.979,57.4986130411839
2.9791,57.5252352394802
2.9792,57.5518714039217
2.9793,57.5785215425355
2.9794,57.6051856633539
2.9795,57.6318637744137
2.9796,57.658555883757
2.9797,57.6852619994309
2.9798,57.7119821294873
2.9799,57.7387162819832
2.98,57.7654644649806
2.9801,57.7922266865464
2.9802,57.8190029547526
2.9803,57.8457932776762
2.9804,57.8725976633991
2.9805,57.8994161200083
2.9806,57.9262486555958
2.9807,57.9530952782586
2.9808,57.9799559960987
2.9809,58.0068308172232
2.981,58.0337197497441
2.9811,58.0606228017786
2.9812,58.0875399814487
2.9813,58.1144712968816
2.9814,58.1414167562096
2.9815,58.1683763675698
2.9816,58.1953501391046
2.9817,58.2223380789613
2.9818,58.2493401952922
2.9819,58.2763564962549
2.982,58.3033869900118
2.9821,58.3304316847304
2.9822,58.3574905885835
2.9823,58.3845637097486
2.9824,58.4116510564086
2.9825,58.4387526367512
2.9826,58.4658684589695
2.9827,58.4929985312613
2.9828,58.5201428618299
2.9829,58.5473014588832
2.983,58.5744743306347
2.9831,58.6016614853026
2.9832,58.6288629311105
2.9833,58.6560786762868
2.9834,58.6833087290653
2.9835,58.7105530976847
2.9836,58.7378117903888
2.9837,58.7650848154268
2.9838,58.7923721810527
2.9839,58.8196738955257
2.984,58.8469899671103
2.9841,58.8743204040758
2.9842,58.9016652146969
2.9843,58.9290244072535
2.9844,58.9563979900303
2.9845,58.9837859713174
2.9846,59.01118835941
2.9847,59.0386051626085
2.9848,59.0660363892183
2.9849,59.09348204755
2.985,59.1209421459196
2.9851,59.1484166926478
2.9852,59.1759056960609
2.9853,59.2034091644902
2.9854,59.2309271062721
2.9855,59.2584595297483
2.9856,59.2860064432656
2.9857,59.3135678551761
2.9858,59.3411437738368
2.9859,59.3687342076103
2.986,59.3963391648641
2.9861,59.4239586539709
2.9862,59.4515926833087
2.9863,59.4792412612609
2.9864,59.5069043962156
2.9865,59.5345820965666
2.9866,59.5622743707126
2.9867,59.5899812270577
2.9868,59.6177026740111
2.9869,59.6454387199873
2.987,59.673189373406
2.9871,59.7009546426922
2.9872,59.728734536276
2.9873,59.7565290625928
2.9874,59.7843382300833
2.9875,59.8121620471934
2.9876,59.8400005223742
2.9877,59.8678536640822
2.9878,59.8957214807789
2.9879,59.9236039809313
2.988,59.9515011730117
2.9881,59.9794130654973
2.9882,60.007339666871
2.9883,60.0352809856207
2.9884,60.0632370302396
2.9885,60.0912078092264
2.9886,60.1191933310849
2.9887,60.1471936043241
2.9888,60.1752086374585
2.9889,60.2032384390077
2.989,60.2312830174968
2.9891,60.2593423814561
2.9892,60.2874165394211
2.9893,60.3155054999328
2.9894,60.3436092715374
2.9895,60.3717278627864
2.9896,60.3998612822367
2.9897,60.4280095384504
2.9898,60.4561726399952
2.9899,60.4843505954437
2.99,60.5125434133742
2.9901,60.5407511023701
2.9902,60.5689736710204
2.9903,60.5972111279191
2.9904,60.6254634816659
2.9905,60.6537307408656
2.9906,60.6820129141284
2.9907,60.7103100100699
2.9908,60.7386220373111
2.9909,60.7669490044784
2.991,60.7952909202034
2.9911,60.8236477931231
2.9912,60.8520196318801
2.9913,60.880406445122
2.9914,60.9088082415022
2.9915,60.9372250296791
2.9916,60.9656568183169
2.9917,60.9941036160847
2.9918,61.0225654316575
2.9919,61.0510422737153
2.992,61.0795341509437
2.9921,61.1080410720337
2.9922,61.1365630456817
2.9923,61.1651000805895
2.9924,61.1936521854643
2.9925,61.2222193690187
2.9926,61.2508016399709
2.9927,61.2793990070443
2.9928,61.3080114789678
2.9929,61.3366390644758
2.993,61.3652817723081
2.9931,61.39393961121
2.9932,61.422612589932
2.9933,61.4513007172305
2.9934,61.480004001867
2.9935,61.5087224526086
2.9936,61.5374560782277
2.9937,61.5662048875024
2.9938,61.5949688892161
2.9939,61.6237480921578
2.994,61.6525425051219
2.9941,61.6813521369082
2.9942,61.7101769963221
2.9943,61.7390170921744
2.9944,61.7678724332816
2.9945,61.7967430284654
2.9946,61.8256288865531
2.9947,61.8545300163777
2.9948,61.8834464267774
2.9949,61.9123781265962
2.995,61.9413251246834
2.9951,61.9702874298938
2.9952,61.9992650510879
2.9953,62.0282579971316
2.9954,62.0572662768963
2.9955,62.086289899259
2.9956,62.1153288731023
2.9957,62.1443832073142
2.9958,62.1734529107883
2.9959,62.2025379924237
2.996,62.2316384611252
2.9961,62.260754325803
2.9962,62.2898855953728
2.9963,62.3190322787561
2.9964,62.3481943848798
2.9965,62.3773719226764
2.9966,62.4065649010839
2.9967,62.435773329046
2.9968,62.4649972155119
2.9969,62.4942365694365
2.997,62.5234913997801
2.9971,62.5527617155087
2.9972,62.5820475255938
2.9973,62.6113488390126
2.9974,62.6406656647479
2.9975,62.6699980117882
2.9976,62.6993458891272
2.9977,62.7287093057648
2.9978,62.7580882707061
2.9979,62.7874827929618
2.998,62.8168928815486
2.9981,62.8463185454884
2.9982,62.875759793809
2.9983,62.9052166355437
2.9984,62.9346890797315
2.9985,62.9641771354171
2.9986,62.9936808116508
2.9987,63.0232001174884
2.9988,63.0527350619915
2.9989,63.0822856542274
2.999,63.111851903269
2.9991,63.1414338181948
2.9992,63.1710314080891
2.9993,63.2006446820418
2.9994,63.2302736491485
2.9995,63.2599183185104
2.9996,63.2895786992345
2.9997,63.3192548004334
2.9998,63.3489466312254
2.9999,63.3786542007346
3,63.4083775180906
3.0001,63.4381165924289
3.0002,63.4678714328906
3.0003,63.4976420486225
3.0004,63.5274284487773
3.0005,63.5572306425131
3.0006,63.587048638994
3.0007,63.6168824473897
3.0008,63.6467320768756
3.0009,63.676597536633
3.001,63.7064788358486
3.0011,63.7363759837152
3.0012,63.7662889894312
3.0013,63.7962178622008
3.0014,63.8261626112337
3.0015,63.8561232457458
3.0016,63.8860997749583
3.0017,63.9160922080985
3.0018,63.9461005543994
3.0019,63.9761248230996
3.002,64.0061650234436
3.0021,64.0362211646818
3.0022,64.0662932560701
3.0023,64.0963813068704
3.0024,64.1264853263504
3.0025,64.1566053237834
3.0026,64.1867413084488
3.0027,64.2168932896314
3.0028,64.2470612766223
3.0029,64.2772452787179
3.003,64.3074453052208
3.0031,64.3376613654392
3.0032,64.3678934686872
3.0033,64.3981416242848
3.0034,64.4284058415576
3.0035,64.4586861298374
3.0036,64.4889824984615
3.0037,64.5192949567732
3.0038,64.5496235141216
3.0039,64.5799681798616
3.004,64.6103289633541
3.0041,64.6407058739657
3.0042,64.671098921069
3.0043,64.7015081140422
3.0044,64.7319334622698
3.0045,64.7623749751417
3.0046,64.7928326620541
3.0047,64.8233065324088
3.0048,64.8537965956135
3.0049,64.884302861082
3.005,64.9148253382338
3.0051,64.9453640364943
3.0052,64.975918965295
3.0053,65.0064901340729
3.0054,65.0370775522714
3.0055,65.0676812293395
3.0056,65.0983011747321
3.0057,65.1289373979101
3.0058,65.1595899083404
3.0059,65.1902587154957
3.006,65.2209438288547
3.0061,65.251645257902
3.0062,65.2823630121281
3.0063,65.3130971010297
3.0064,65.343847534109
3.0065,65.3746143208746
3.0066,65.4053974708407
3.0067,65.4361969935277
3.0068,65.4670128984619
3.0069,65.4978451951754
3.007,65.5286938932066
3.0071,65.5595590020995
3.0072,65.5904405314045
3.0073,65.6213384906775
3.0074,65.6522528894808
3.0075,65.6831837373824
3.0076,65.7141310439566
3.0077,65.7450948187833
3.0078,65.7760750714488
3.0079,65.8070718115451
3.008,65.8380850486704
3.0081,65.8691147924289
3.0082,65.9001610524306
3.0083,65.9312238382918
3.0084,65.9623031596348
3.0085,65.9933990260877
3.0086,66.0245114472849
3.0087,66.0556404328668
3.0088,66.0867859924796
3.0089,66.1179481357757
3.009,66.1491268724138
3.0091,66.1803222120582
3.0092,66.2115341643796
3.0093,66.2427627390546
3.0094,66.2740079457659
3.0095,66.3052697942023
3.0096,66.3365482940586
3.0097,66.3678434550358
3.0098,66.3991552868409
3.0099,66.430483799187
3.01,66.4618290017933
3.0101,66.4931909043852
3.0102,66.5245695166939
3.0103,66.5559648484571
3.0104,66.5873769094183
3.0105,66.6188057093272
3.0106,66.6502512579397
3.0107,66.6817135650176
3.0108,66.7131926403292
3.0109,66.7446884936486
3.011,66.7762011347561
3.0111,66.8077305734382
3.0112,66.8392768194876
3.0113,66.8708398827029
3.0114,66.9024197728891
3.0115,66.9340164998572
3.0116,66.9656300734245
3.0117,66.9972605034144
3.0118,67.0289077996564
3.0119,67.0605719719861
3.012,67.0922530302456
3.0121,67.1239509842828
3.0122,67.155665843952
3.0123,67.1873976191137
3.0124,67.2191463196344
3.0125,67.250911955387
3.0126,67.2826945362504
3.0127,67.31449407211
3.0128,67.346310572857
3.0129,67.3781440483892
3.013,67.4099945086103
3.0131,67.4418619634306
3.0132,67.4737464227662
3.0133,67.5056478965397
3.0134,67.5375663946798
3.0135,67.5695019271215
3.0136,67.601454503806
3.0137,67.6334241346808
3.0138,67.6654108296996
3.0139,67.6974145988223
3.014,67.7294354520152
3.0141,67.7614733992508
3.0142,67.7935284505078
3.0143,67.8256006157713
3.0144,67.8576899050325
3.0145,67.889796328289
3.0146,67.9219198955447
3.0147,67.9540606168096
3.0148,67.9862185021003
3.0149,68.0183935614395
3.015,68.0505858048561
3.0151,68.0827952423855
3.0152,68.1150218840694
3.0153,68.1472657399556
3.0154,68.1795268200984
3.0155,68.2118051345584
3.0156,68.2441006934026
3.0157,68.276413506704
3.0158,68.3087435845423
3.0159,68.3410909370033
3.016,68.3734555741794
3.0161,68.405837506169
3.0162,68.438236743077
3.0163,68.4706532950149
3.0164,68.5030871721002
3.0165,68.5355383844569
3.0166,68.5680069422155
3.0167,68.6004928555126
3.0168,68.6329961344913
3.0169,68.6655167893012
3.017,68.6980548300981
3.0171,68.7306102670443
3.0172,68.7631831103084
3.0173,68.7957733700656
3.0174,68.8283810564971
3.0175,68.861006179791
3.0176,68.8936487501414
3.0177,68.9263087777491
3.0178,68.9589862728211
3.0179,68.991681245571
3.018,69.0243937062186
3.0181,69.0571236649904
3.0182,69.0898711321192
3.0183,69.1226361178443
3.0184,69.1554186324112
3.0185,69.1882186860723
3.0186,69.221036289086
3.0187,69.2538714517174
3.0188,69.286724184238
3.0189,69.3195944969259
3.019,69.3524824000654
3.0191,69.3853879039474
3.0192,69.4183110188694
3.0193,69.4512517551352
3.0194,69.4842101230551
3.0195,69.5171861329461
3.0196,69.5501797951315
3.0197,69.583191119941
3.0198,69.6162201177113
3.0199,69.6492667987849
3.02,69.6823311735114
3.0201,69.7154132522465
3.0202,69.7485130453528
3.0203,69.7816305631992
3.0204,69.8147658161611
3.0205,69.8479188146205
3.0206,69.881089568966
3.0207,69.9142780895927
3.0208,69.9474843869022
3.0209,69.9807084713027
3.021,70.0139503532089
3.0211,70.0472100430422
3.0212,70.0804875512304
3.0213,70.1137828882079
3.0214,70.1470960644158
3.0215,70.1804270903017
3.0216,70.2137759763197
3.0217,70.2471427329306
3.0218,70.2805273706017
3.0219,70.3139298998071
3.022,70.3473503310272
3.0221,70.3807886747492
3.0222,70.4142449414669
3.0223,70.4477191416807
3.0224,70.4812112858975
3.0225,70.514721384631
3.0226,70.5482494484014
3.0227,70.5817954877357
3.0228,70.6153595131672
3.0229,70.6489415352362
3.023,70.6825415644895
3.0231,70.7161596114805
3.0232,70.7497956867694
3.0233,70.7834498009229
3.0234,70.8171219645145
3.0235,70.8508121881242
3.0236,70.8845204823387
3.0237,70.9182468577517
3.0238,70.951991324963
3.0239,70.9857538945796
3.024,71.019534577215
3.0241,71.0533333834894
3.0242,71.0871503240296
3.0243,71.1209854094693
3.0244,71.1548386504488
3.0245,71.188710057615
3.0246,71.2225996416217
3.0247,71.2565074131294
3.0248,71.2904333828052
3.0249,71.3243775613231
3.025,71.3583399593637
3.0251,71.3923205876143
3.0252,71.4263194567692
3.0253,71.4603365775291
3.0254,71.4943719606018
3.0255,71.5284256167015
3.0256,71.5624975565496
3.0257,71.5965877908737
3.0258,71.6306963304088
3.0259,71.6648231858962
3.026,71.6989683680841
3.0261,71.7331318877276
3.0262,71.7673137555885
3.0263,71.8015139824355
3.0264,71.8357325790438
3.0265,71.8699695561958
3.0266,71.9042249246805
3.0267,71.9384986952936
3.0268,71.9727908788379
3.0269,72.0071014861228
3.027,72.0414305279647
3.0271,72.0757780151865
3.0272,72.1101439586184
3.0273,72.1445283690971
3.0274,72.1789312574663
3.0275,72.2133526345764
3.0276,72.2477925112848
3.0277,72.2822508984557
3.0278,72.3167278069602
3.0279,72.3512232476762
3.028,72.3857372314886
3.0281,72.420269769289
3.0282,72.4548208719759
3.0283,72.489390550455
3.0284,72.5239788156384
3.0285,72.5585856784454
3.0286,72.5932111498022
3.0287,72.6278552406418
3.0288,72.6625179619042
3.0289,72.6971993245362
3.029,72.7318993394916
3.0291,72.7666180177312
3.0292,72.8013553702225
3.0293,72.8361114079401
3.0294,72.8708861418655
3.0295,72.9056795829873
3.0296,72.9404917423007
3.0297,72.9753226308082
3.0298,73.0101722595189
3.0299,73.0450406394493
3.03,73.0799277816224
3.0301,73.1148336970686
3.0302,73.1497583968249
3.0303,73.1847018919355
3.0304,73.2196641934516
3.0305,73.2546453124312
3.0306,73.2896452599395
3.0307,73.3246640470486
3.0308,73.3597016848377
3.0309,73.3947581843927
3.031,73.4298335568069
3.0311,73.4649278131805
3.0312,73.5000409646205
3.0313,73.5351730222413
3.0314,73.5703239971639
3.0315,73.6054939005168
3.0316,73.6406827434351
3.0317,73.6758905370612
3.0318,73.7111172925445
3.0319,73.7463630210415
3.032,73.7816277337157
3.0321,73.8169114417377
3.0322,73.8522141562851
3.0323,73.8875358885427
3.0324,73.9228766497022
3.0325,73.9582364509626
3.0326,73.9936153035298
3.0327,74.0290132186169
3.0328,74.0644302074439
3.0329,74.0998662812382
3.033,74.1353214512342
3.0331,74.1707957286734
3.0332,74.2062891248042
3.0333,74.2418016508826
3.0334,74.2773333181712
3.0335,74.3128841379401
3.0336,74.3484541214665
3.0337,74.3840432800344
3.0338,74.4196516249355
3.0339,74.4552791674681
3.034,74.490925918938
3.0341,74.526591890658
3.0342,74.5622770939483
3.0343,74.5979815401359
3.0344,74.6337052405553
3.0345,74.6694482065481
3.0346,74.7052104494628
3.0347,74.7409919806556
3.0348,74.7767928114894
3.0349,74.8126129533347
3.035,74.8484524175689
3.0351,74.8843112155768
3.0352,74.9201893587504
3.0353,74.9560868584887
3.0354,74.9920037261982
3.0355,75.0279399732925
3.0356,75.0638956111924
3.0357,75.0998706513259
3.0358,75.1358651051284
3.0359,75.1718789840426
3.036,75.2079122995181
3.0361,75.2439650630122
3.0362,75.2800372859891
3.0363,75.3161289799204
3.0364,75.352240156285
3.0365,75.3883708265691
3.0366,75.4245210022661
3.0367,75.4606906948768
3.0368,75.4968799159092
3.0369,75.5330886768785
3.037,75.5693169893074
3.0371,75.6055648647259
3.0372,75.641832314671
3.0373,75.6781193506875
3.0374,75.7144259843271
3.0375,75.7507522271491
3.0376,75.7870980907201
3.0377,75.8234635866137
3.0378,75.8598487264113
3.0379,75.8962535217014
3.038,75.9326779840798
3.0381,75.96912212515
3.0382,76.0055859565223
3.0383,76.0420694898149
3.0384,76.0785727366531
3.0385,76.1150957086696
3.0386,76.1516384175045
3.0387,76.1882008748054
3.0388,76.2247830922271
3.0389,76.2613850814319
3.039,76.2980068540894
3.0391,76.3346484218768
3.0392,76.3713097964785
3.0393,76.4079909895865
3.0394,76.4446920129001
3.0395,76.4814128781261
3.0396,76.5181535969785
3.0397,76.5549141811792
3.0398,76.5916946424571
3.0399,76.6284949925487
3.04,76.6653152431981
3.0401,76.7021554061565
3.0402,76.739015493183
3.0403,76.7758955160438
3.0404,76.8127954865128
3.0405,76.8497154163711
3.0406,76.8866553174077
3.0407,76.9236152014187
3.0408,76.9605950802078
3.0409,76.9975949655864
3.041,77.0346148693732
3.0411,77.0716548033943
3.0412,77.1087147794837
3.0413,77.1457948094825
3.0414,77.1828949052395
3.0415,77.2200150786111
3.0416,77.257155341461
3.0417,77.2943157056608
3.0418,77.3314961830894
3.0419,77.3686967856331
3.042,77.4059175251862
3.0421,77.4431584136501
3.0422,77.4804194629339
3.0423,77.5177006849545
3.0424,77.555002091636
3.0425,77.5923236949105
3.0426,77.6296655067172
3.0427,77.6670275390034
3.0428,77.7044098037235
3.0429,77.7418123128398
3.043,77.7792350783222
3.0431,77.8166781121481
3.0432,77.8541414263026
3.0433,77.8916250327783
3.0434,77.9291289435754
3.0435,77.966653170702
3.0436,78.0041977261736
3.0437,78.0417626220133
3.0438,78.0793478702521
3.0439,78.1169534829285
3.044,78.1545794720884
3.0441,78.1922258497859
3.0442,78.2298926280823
3.0443,78.2675798190468
3.0444,78.3052874347562
3.0445,78.343015487295
3.0446,78.3807639887554
3.0447,78.4185329512373
3.0448,78.4563223868482
3.0449,78.4941323077034
3.045,78.5319627259259
3.0451,78.5698136536463
3.0452,78.607685103003
3.0453,78.6455770861423
3.0454,78.6834896152179
3.0455,78.7214227023914
3.0456,78.7593763598323
3.0457,78.7973505997175
3.0458,78.8353454342319
3.0459,78.873360875568
3.046,78.9113969359262
3.0461,78.9494536275145
3.0462,78.9875309625488
3.0463,79.0256289532528
3.0464,79.0637476118579
3.0465,79.1018869506034
3.0466,79.1400469817361
3.0467,79.1782277175109
3.0468,79.2164291701905
3.0469,79.2546513520451
3.047,79.2928942753529
3.0471,79.3311579524
3.0472,79.3694423954803
3.0473,79.4077476168955
3.0474,79.4460736289549
3.0475,79.4844204439761
3.0476,79.5227880742841
3.0477,79.561176532212
3.0478,79.5995858301008
3.0479,79.6380159802992
3.048,79.6764669951637
3.0481,79.7149388870589
3.0482,79.7534316683571
3.0483,79.7919453514386
3.0484,79.8304799486915
3.0485,79.8690354725118
3.0486,79.9076119353035
3.0487,79.9462093494783
3.0488,79.9848277274559
3.0489,80.0234670816641
3.049,80.0621274245384
3.0491,80.1008087685222
3.0492,80.139511126067
3.0493,80.1782345096322
3.0494,80.2169789316849
3.0495,80.2557444047004
3.0496,80.294530941162
3.0497,80.3333385535607
3.0498,80.3721672543956
3.0499,80.4110170561739
3.05,80.4498879714105
3.0501,80.4887800126284
3.0502,80.5276931923588
3.0503,80.5666275231405
3.0504,80.6055830175204
3.0505,80.6445596880537
3.0506,80.6835575473032
3.0507,80.72257660784
3.0508,80.7616168822431
3.0509,80.8006783830994
3.051,80.8397611230041
3.0511,80.8788651145602
3.0512,80.9179903703788
3.0513,80.9571369030791
3.0514,80.9963047252883
3.0515,81.0354938496418
3.0516,81.0747042887827
3.0517,81.1139360553625
3.0518,81.1531891620406
3.0519,81.1924636214846
3.052,81.2317594463701
3.0521,81.2710766493808
3.0522,81.3104152432086
3.0523,81.3497752405532
3.0524,81.3891566541227
3.0525,81.4285594966332
3.0526,81.4679837808088
3.0527,81.507429519382
3.0528,81.5468967250932
3.0529,81.586385410691
3.053,81.625895588932
3.0531,81.6654272725812
3.0532,81.7049804744116
3.0533,81.7445552072044
3.0534,81.7841514837489
3.0535,81.8237693168424
3.0536,81.8634087192908
3.0537,81.9030697039079
3.0538,81.9427522835155
3.0539,81.9824564709441
3.054,82.0221822790318
3.0541,82.0619297206254
3.0542,82.1016988085795
3.0543,82.1414895557573
3.0544,82.1813019750298
3.0545,82.2211360792766
3.0546,82.2609918813853
3.0547,82.3008693942517
3.0548,82.3407686307799
3.0549,82.3806896038825
3.055,82.4206323264798
3.0551,82.4605968115008
3.0552,82.5005830718827
3.0553,82.5405911205706
3.0554,82.5806209705184
3.0555,82.6206726346879
3.0556,82.6607461260493
3.0557,82.7008414575812
3.0558,82.7409586422704
3.0559,82.7810976931118
3.056,82.821258623109
3.0561,82.8614414452734
3.0562,82.9016461726253
3.0563,82.9418728181929
3.0564,82.9821213950128
3.0565,83.0223919161301
3.0566,83.0626843945981
3.0567,83.1029988434784
3.0568,83.1433352758411
3.0569,83.1836937047645
3.057,83.2240741433353
3.0571,83.2644766046486
3.0572,83.3049011018079
3.0573,83.3453476479251
3.0574,83.3858162561202
3.0575,83.426306939522
3.0576,83.4668197112675
3.0577,83.5073545845021
3.0578,83.5479115723795
3.0579,83.588490688062
3.058,83.6290919447202
3.0581,83.6697153555333
3.0582,83.7103609336886
3.0583,83.7510286923822
3.0584,83.7917186448183
3.0585,83.8324308042098
3.0586,83.8731651837779
3.0587,83.9139217967524
3.0588,83.9547006563714
3.0589,83.9955017758815
3.059,84.036325168538
3.0591,84.0771708476043
3.0592,84.1180388263526
3.0593,84.1589291180634
3.0594,84.1998417360259
3.0595,84.2407766935375
3.0596,84.2817340039044
3.0597,84.3227136804412
3.0598,84.3637157364711
3.0599,84.4047401853256
3.06,84.4457870403449
3.0601,84.4868563148778
3.0602,84.5279480222815
3.0603,84.5690621759218
3.0604,84.6101987891732
3.0605,84.6513578754184
3.0606,84.6925394480491
3.0607,84.7337435204652
3.0608,84.7749701060754
3.0609,84.816219218297
3.061,84.8574908705557
3.0611,84.898785076286
3.0612,84.9401018489309
3.0613,84.9814412019421
3.0614,85.0228031487797
3.0615,85.0641877029127
3.0616,85.1055948778184
3.0617,85.1470246869831
3.0618,85.1884771439015
3.0619,85.2299522620769
3.062,85.2714500550215
3.0621,85.3129705362559
3.0622,85.3545137193095
3.0623,85.3960796177203
3.0624,85.4376682450351
3.0625,85.4792796148091
3.0626,85.5209137406064
3.0627,85.5625706359999
3.0628,85.6042503145709
3.0629,85.6459527899096
3.063,85.6876780756149
3.0631,85.7294261852943
3.0632,85.7711971325641
3.0633,85.8129909310495
3.0634,85.854807594384
3.0635,85.8966471362102
3.0636,85.9385095701793
3.0637,85.9803949099514
3.0638,86.0223031691951
3.0639,86.0642343615879
3.064,86.1061885008162
3.0641,86.1481656005748
3.0642,86.1901656745677
3.0643,86.2321887365075
3.0644,86.2742348001155
3.0645,86.316303879122
3.0646,86.358395987266
3.0647,86.4005111382952
3.0648,86.4426493459663
3.0649,86.4848106240447
3.065,86.5269949863047
3.0651,86.5692024465294
3.0652,86.6114330185108
3.0653,86.6536867160495
3.0654,86.6959635529554
3.0655,86.7382635430468
3.0656,86.7805867001512
3.0657,86.8229330381047
3.0658,86.8653025707526
3.0659,86.9076953119487
3.066,86.9501112755559
3.0661,86.9925504754461
3.0662,87.0350129254999
3.0663,87.0774986396068
3.0664,87.1200076316654
3.0665,87.162539915583
3.0666,87.2050955052761
3.0667,87.2476744146698
3.0668,87.2902766576984
3.0669,87.332902248305
3.067,87.3755512004417
3.0671,87.4182235280696
3.0672,87.4609192451586
3.0673,87.5036383656877
3.0674,87.5463809036449
3.0675,87.5891468730271
3.0676,87.6319362878403
3.0677,87.6747491620992
3.0678,87.7175855098279
3.0679,87.7604453450592
3.068,87.8033286818349
3.0681,87.8462355342062
3.0682,87.8891659162328
3.0683,87.9321198419839
3.0684,87.9750973255374
3.0685,88.0180983809803
3.0686,88.0611230224088
3.0687,88.1041712639281
3.0688,88.1472431196522
3.0689,88.1903386037046
3.069,88.2334577302175
3.0691,88.2766005133325
3.0692,88.3197669671999
3.0693,88.3629571059795
3.0694,88.4061709438399
3.0695,88.449408494959
3.0696,88.4926697735236
3.0697,88.5359547937298
3.0698,88.5792635697827
3.0699,88.6225961158966
3.07,88.6659524462949
3.0701,88.7093325752101
3.0702,88.752736516884
3.0703,88.7961642855674
3.0704,88.8396158955203
3.0705,88.8830913610119
3.0706,88.9265906963204
3.0707,88.9701139157336
3.0708,89.013661033548
3.0709,89.0572320640695
3.071,89.1008270216133
3.0711,89.1444459205036
3.0712,89.188088775074
3.0713,89.2317555996672
3.0714,89.275446408635
3.0715,89.3191612163387
3.0716,89.3629000371487
3.0717,89.4066628854446
3.0718,89.4504497756153
3.0719,89.4942607220589
3.072,89.5380957391829
3.0721,89.5819548414039
3.0722,89.6258380431479
3.0723,89.6697453588501
3.0724,89.7136768029549
3.0725,89.7576323899163
3.0726,89.8016121341972
3.0727,89.8456160502701
3.0728,89.8896441526166
3.0729,89.9336964557279
3.073,89.9777729741042
3.0731,90.0218737222553
3.0732,90.0659987147001
3.0733,90.110147965967
3.0734,90.1543214905936
3.0735,90.1985193031271
3.0736,90.2427414181238
3.0737,90.2869878501496
3.0738,90.3312586137795
3.0739,90.3755537235982
3.074,90.4198731941996
3.0741,90.464217040187
3.0742,90.508585276173
3.0743,90.5529779167799
3.0744,90.5973949766392
3.0745,90.6418364703917
3.0746,90.686302412688
3.0747,90.7307928181877
3.0748,90.7753077015603
3.0749,90.8198470774843
3.075,90.8644109606479
3.0751,90.9089993657488
3.0752,90.953612307494
3.0753,90.9982498005999
3.0754,91.0429118597928
3.0755,91.0875984998079
3.0756,91.1323097353904
3.0757,91.1770455812947
3.0758,91.2218060522849
3.0759,91.2665911631344
3.076,91.3114009286263
3.0761,91.356235363553
3.0762,91.4010944827168
3.0763,91.4459783009291
3.0764,91.4908868330112
3.0765,91.5358200937936
3.0766,91.5807780981168
3.0767,91.6257608608304
3.0768,91.670768396794
3.0769,91.7158007208763
3.077,91.760857847956
3.0771,91.8059397929213
3.0772,91.8510465706698
3.0773,91.8961781961088
3.0774,91.9413346841553
3.0775,91.9865160497358
3.0776,92.0317223077865
3.0777,92.0769534732532
3.0778,92.1222095610913
3.0779,92.167490586266
3.078,92.2127965637518
3.0781,92.2581275085332
3.0782,92.3034834356042
3.0783,92.3488643599685
3.0784,92.3942702966395
3.0785,92.4397012606402
3.0786,92.4851572670033
3.0787,92.5306383307714
3.0788,92.5761444669964
3.0789,92.6216756907404
3.079,92.6672320170748
3.0791,92.7128134610809
3.0792,92.7584200378497
3.0793,92.804051762482
3.0794,92.8497086500881
3.0795,92.8953907157885
3.0796,92.941097974713
3.0797,92.9868304420013
3.0798,93.032588132803
3.0799,93.0783710622774
3.08,93.1241792455935
3.0801,93.1700126979301
3.0802,93.2158714344759
3.0803,93.2617554704294
3.0804,93.3076648209988
3.0805,93.3535995014021
3.0806,93.3995595268673
3.0807,93.4455449126319
3.0808,93.4915556739436
3.0809,93.5375918260598
3.081,93.5836533842477
3.0811,93.6297403637844
3.0812,93.6758527799569
3.0813,93.7219906480619
3.0814,93.7681539834062
3.0815,93.8143428013063
3.0816,93.8605571170887
3.0817,93.9067969460898
3.0818,93.9530623036558
3.0819,93.9993532051428
3.082,94.045669665917
3.0821,94.0920117013545
3.0822,94.138379326841
3.0823,94.1847725577725
3.0824,94.2311914095548
3.0825,94.2776358976036
3.0826,94.3241060373447
3.0827,94.3706018442138
3.0828,94.4171233336565
3.0829,94.4636705211285
3.083,94.5102434220953
3.0831,94.5568420520326
3.0832,94.603466426426
3.0833,94.6501165607711
3.0834,94.6967924705735
3.0835,94.7434941713487
3.0836,94.7902216786227
3.0837,94.8369750079308
3.0838,94.8837541748191
3.0839,94.9305591948431
3.084,94.9773900835688
3.0841,95.0242468565719
3.0842,95.0711295294386
3.0843,95.1180381177648
3.0844,95.1649726371566
3.0845,95.2119331032302
3.0846,95.2589195316119
3.0847,95.3059319379381
3.0848,95.3529703378554
3.0849,95.4000347470203
3.085,95.4471251810995
3.0851,95.4942416557699
3.0852,95.5413841867185
3.0853,95.5885527896425
3.0854,95.6357474802492
3.0855,95.682968274256
3.0856,95.7302151873905
3.0857,95.7774882353905
3.0858,95.824787434004
3.0859,95.872112798989
3.086,95.9194643461141
3.0861,95.9668420911576
3.0862,96.0142460499083
3.0863,96.0616762381653
3.0864,96.1091326717376
3.0865,96.1566153664447
3.0866,96.2041243381162
3.0867,96.2516596025919
3.0868,96.299221175722
3.0869,96.3468090733669
3.087,96.3944233113972
3.0871,96.4420639056938
3.0872,96.4897308721479
3.0873,96.537424226661
3.0874,96.5851439851449
3.0875,96.6328901635214
3.0876,96.6806627777232
3.0877,96.7284618436928
3.0878,96.7762873773832
3.0879,96.8241393947578
3.088,96.87201791179
3.0881,96.9199229444641
3.0882,96.9678545087742
3.0883,97.0158126207251
3.0884,97.0637972963319
3.0885,97.1118085516198
3.0886,97.1598464026248
3.0887,97.207910865393
3.0888,97.256001955981
3.0889,97.3041196904557
3.089,97.3522640848945
3.0891,97.4004351553851
3.0892,97.4486329180258
3.0893,97.4968573889252
3.0894,97.5451085842023
3.0895,97.5933865199867
3.0896,97.6416912124182
3.0897,97.6900226776473
3.0898,97.7383809318349
3.0899,97.7867659911522
3.09,97.835177871781
3.0901,97.8836165899136
3.0902,97.9320821617529
3.0903,97.980574603512
3.0904,98.0290939314147
3.0905,98.0776401616953
3.0906,98.1262133105987
3.0907,98.1748133943801
3.0908,98.2234404293053
3.0909,98.2720944316509
3.091,98.3207754177038
3.0911,98.3694834037614
3.0912,98.418218406132
3.0913,98.466980441134
3.0914,98.5157695250968
3.0915,98.56458567436
3.0916,98.6134289052742
3.0917,98.6622992342003
3.0918,98.7111966775099
3.0919,98.7601212515852
3.092,98.809072972819
3.0921,98.8580518576148
3.0922,98.9070579223868
3.0923,98.9560911835596
3.0924,99.0051516575686
3.0925,99.0542393608599
3.0926,99.1033543098902
3.0927,99.1524965211269
3.0928,99.2016660110481
3.0929,99.2508627961425
3.093,99.3000868929095
3.0931,99.3493383178593
3.0932,99.3986170875128
3.0933,99.4479232184016
3.0934,99.4972567270679
3.0935,99.5466176300648
3.0936,99.5960059439559
3.0937,99.645421685316
3.0938,99.6948648707301
3.0939,99.7443355167943
3.094,99.7938336401155
3.0941,99.8433592573112
3.0942,99.8929123850097
3.0943,99.9424930398502
3.0944,99.9921012384826
3.0945,100.041736997568
3.0946,100.091400333777
3.0947,100.141091263793
3.0948,100.190809804309
3.0949,100.240555972029
3.095,100.290329783667
3.0951,100.34013125595
3.0952,100.389960405614
3.0953,100.439817249407
3.0954,100.489701804086
3.0955,100.539614086422
3.0956,100.589554113193
3.0957,100.639521901192
3.0958,100.689517467221
3.0959,100.739540828091
3.096,100.789592000626
3.0961,100.839671001662
3.0962,100.889777848044
3.0963,100.939912556628
3.0964,100.990075144282
3.0965,101.040265627884
3.0966,101.090484024324
3.0967,101.140730350502
3.0968,101.191004623329
3.0969,101.241306859728
3.097,101.291637076632
3.0971,101.341995290986
3.0972,101.392381519744
3.0973,101.442795779873
3.0974,101.493238088351
3.0975,101.543708462165
3.0976,101.594206918315
3.0977,101.644733473812
3.0978,101.695288145678
3.0979,101.745870950944
3.098,101.796481906655
3.0981,101.847121029865
3.0982,101.89778833764
3.0983,101.948483847057
3.0984,101.999207575204
3.0985,102.04995953918
3.0986,102.100739756096
3.0987,102.151548243072
3.0988,102.202385017241
3.0989,102.253250095748
3.099,102.304143495746
3.0991,102.355065234402
3.0992,102.406015328892
3.0993,102.456993796406
3.0994,102.508000654142
3.0995,102.559035919311
3.0996,102.610099609134
3.0997,102.661191740846
3.0998,102.71231233169
3.0999,102.763461398921
3.1,102.814638959807
3.1001,102.865845031625
3.1002,102.917079631664
3.1003,102.968342777225
3.1004,103.019634485619
3.1005,103.070954774169
3.1006,103.12230366021
3.1007,103.173681161086
3.1008,103.225087294155
3.1009,103.276522076785
3.101,103.327985526354
3.1011,103.379477660254
3.1012,103.430998495887
3.1013,103.482548050665
3.1014,103.534126342014
3.1015,103.585733387369
3.1016,103.637369204177
3.1017,103.689033809898
3.1018,103.740727222001
3.1019,103.792449457968
3.102,103.844200535292
3.1021,103.895980471476
3.1022,103.947789284036
3.1023,103.999626990499
3.1024,104.051493608404
3.1025,104.1033891553
3.1026,104.155313648749
3.1027,104.207267106322
3.1028,104.259249545605
3.1029,104.311260984193
3.103,104.363301439692
3.1031,104.415370929721
3.1032,104.467469471911
3.1033,104.519597083902
3.1034,104.571753783348
3.1035,104.623939587913
3.1036,104.676154515272
3.1037,104.728398583114
3.1038,104.780671809136
3.1039,104.832974211051
3.104,104.885305806579
3.1041,104.937666613454
3.1042,104.990056649422
3.1043,105.042475932238
3.1044,105.094924479672
3.1045,105.147402309504
3.1046,105.199909439523
3.1047,105.252445887534
3.1048,105.305011671352
3.1049,105.357606808801
3.105,105.410231317721
3.1051,105.46288521596
3.1052,105.51556852138
3.1053,105.568281251854
3.1054,105.621023425265
3.1055,105.673795059511
3.1056,105.726596172498
3.1057,105.779426782146
3.1058,105.832286906386
3.1059,105.885176563161
3.106,105.938095770425
3.1061,105.991044546145
3.1062,106.044022908298
3.1063,106.097030874873
3.1064,106.150068463874
3.1065,106.203135693311
3.1066,106.256232581211
3.1067,106.309359145609
3.1068,106.362515404555
3.1069,106.415701376107
3.107,106.468917078339
3.1071,106.522162529333
3.1072,106.575437747186
3.1073,106.628742750004
3.1074,106.682077555906
3.1075,106.735442183025
3.1076,106.788836649501
3.1077,106.84226097349
3.1078,106.895715173158
3.1079,106.949199266684
3.108,107.002713272258
3.1081,107.056257208081
3.1082,107.109831092368
3.1083,107.163434943344
3.1084,107.217068779247
3.1085,107.270732618326
3.1086,107.324426478844
3.1087,107.378150379073
3.1088,107.431904337299
3.1089,107.485688371819
3.109,107.539502500942
3.1091,107.593346742989
3.1092,107.647221116294
3.1093,107.701125639201
3.1094,107.755060330069
3.1095,107.809025207265
3.1096,107.86302028917
3.1097,107.917045594179
3.1098,107.971101140695
3.1099,108.025186947136
3.11,108.079303031931
3.1101,108.133449413522
3.1102,108.187626110361
3.1103,108.241833140913
3.1104,108.296070523657
3.1105,108.350338277081
3.1106,108.404636419686
3.1107,108.458964969987
3.1108,108.513323946509
3.1109,108.567713367789
3.111,108.622133252378
3.1111,108.676583618837
3.1112,108.731064485741
3.1113,108.785575871675
3.1114,108.840117795239
3.1115,108.894690275042
3.1116,108.949293329707
3.1117,109.00392697787
3.1118,109.058591238177
3.1119,109.113286129287
3.112,109.168011669872
3.1121,109.222767878615
3.1122,109.277554774213
3.1123,109.332372375373
3.1124,109.387220700815
3.1125,109.442099769273
3.1126,109.49700959949
3.1127,109.551950210225
3.1128,109.606921620245
3.1129,109.661923848334
3.113,109.716956913283
3.1131,109.772020833901
3.1132,109.827115629004
3.1133,109.882241317425
3.1134,109.937397918005
3.1135,109.9925854496
3.1136,110.047803931078
3.1137,110.103053381319
3.1138,110.158333819215
3.1139,110.213645263671
3.114,110.268987733605
3.1141,110.324361247945
3.1142,110.379765825633
3.1143,110.435201485624
3.1144,110.490668246884
3.1145,110.546166128393
3.1146,110.601695149142
3.1147,110.657255328134
3.1148,110.712846684387
3.1149,110.768469236928
3.115,110.824123004799
3.1151,110.879808007055
3.1152,110.93552426276
3.1153,110.991271790994
3.1154,111.047050610847
3.1155,111.102860741424
3.1156,111.158702201841
3.1157,111.214575011226
3.1158,111.270479188719
3.1159,111.326414753476
3.116,111.382381724662
3.1161,111.438380121456
3.1162,111.494409963049
3.1163,111.550471268646
3.1164,111.606564057462
3.1165,111.662688348727
3.1166,111.718844161682
3.1167,111.775031515581
3.1168,111.831250429693
3.1169,111.887500923295
3.117,111.94378301568
3.1171,112.000096726153
3.1172,112.05644207403
3.1173,112.112819078643
3.1174,112.169227759334
3.1175,112.225668135458
3.1176,112.282140226383
3.1177,112.33864405149
3.1178,112.395179630172
3.1179,112.451746981836
3.118,112.5083461259
3.1181,112.564977081796
3.1182,112.621639868968
3.1183,112.678334506873
3.1184,112.735061014981
3.1185,112.791819412775
3.1186,112.848609719749
3.1187,112.905431955413
3.1188,112.962286139286
3.1189,113.019172290902
3.119,113.076090429808
3.1191,113.133040575564
3.1192,113.19002274774
3.1193,113.247036965923
3.1194,113.30408324971
3.1195,113.361161618711
3.1196,113.418272092551
3.1197,113.475414690865
3.1198,113.532589433302
3.1199,113.589796339525
3.12,113.647035429209
3.1201,113.704306722041
3.1202,113.761610237722
3.1203,113.818945995967
3.1204,113.876314016501
3.1205,113.933714319064
3.1206,113.99114692341
3.1207,114.048611849302
3.1208,114.106109116521
3.1209,114.163638744856
3.121,114.221200754113
3.1211,114.278795164109
3.1212,114.336421994674
3.1213,114.394081265652
3.1214,114.451772996899
3.1215,114.509497208285
3.1216,114.567253919692
3.1217,114.625043151015
3.1218,114.682864922164
3.1219,114.740719253059
3.122,114.798606163637
3.1221,114.856525673843
3.1222,114.91447780364
3.1223,114.972462573001
3.1224,115.030480001914
3.1225,115.088530110378
3.1226,115.146612918407
3.1227,115.204728446027
3.1228,115.262876713279
3.1229,115.321057740214
3.123,115.3792715469
3.1231,115.437518153414
3.1232,115.495797579849
3.1233,115.554109846312
3.1234,115.612454972919
3.1235,115.670832979805
3.1236,115.729243887112
3.1237,115.787687715001
3.1238,115.846164483642
3.1239,115.90467421322
3.124,115.963216923934
3.1241,116.021792635994
3.1242,116.080401369626
3.1243,116.139043145067
3.1244,116.197717982569
3.1245,116.256425902396
3.1246,116.315166924826
3.1247,116.37394107015
3.1248,116.432748358673
3.1249,116.491588810712
3.125,116.550462446598
3.1251,116.609369286677
3.1252,116.668309351306
3.1253,116.727282660855
3.1254,116.786289235711
3.1255,116.845329096271
3.1256,116.904402262947
3.1257,116.963508756163
3.1258,117.022648596357
3.1259,117.081821803982
3.126,117.141028399502
3.1261,117.200268403397
3.1262,117.259541836158
3.1263,117.318848718291
3.1264,117.378189070315
3.1265,117.437562912762
3.1266,117.496970266178
3.1267,117.556411151124
3.1268,117.615885588172
3.1269,117.675393597908
3.127,117.734935200933
3.1271,117.794510417861
3.1272,117.854119269318
3.1273,117.913761775946
3.1274,117.973437958399
3.1275,118.033147837344
3.1276,118.092891433463
3.1277,118.152668767452
3.1278,118.21247986002
3.1279,118.272324731887
3.128,118.332203403792
3.1281,118.392115896482
3.1282,118.452062230722
3.1283,118.512042427289
3.1284,118.572056506972
3.1285,118.632104490577
3.1286,118.692186398921
3.1287,118.752302252837
3.1288,118.812452073169
3.1289,118.872635880776
3.129,118.932853696532
3.1291,118.993105541323
3.1292,119.05339143605
3.1293,119.113711401626
3.1294,119.174065458979
3.1295,119.234453629051
3.1296,119.294875932797
3.1297,119.355332391187
3.1298,119.415823025203
3.1299,119.476347855843
3.13,119.536906904117
3.1301,119.597500191049
3.1302,119.658127737678
3.1303,119.718789565056
3.1304,119.779485694249
3.1305,119.840216146337
3.1306,119.900980942414
3.1307,119.961780103586
3.1308,120.022613650977
3.1309,120.083481605721
3.131,120.144383988968
3.1311,120.205320821881
3.1312,120.266292125638
3.1313,120.327297921429
3.1314,120.38833823046
3.1315,120.449413073949
3.1316,120.510522473131
3.1317,120.571666449252
3.1318,120.632845023574
3.1319,120.694058217371
3.132,120.755306051932
3.1321,120.816588548561
3.1322,120.877905728575
3.1323,120.939257613306
3.1324,121.000644224097
3.1325,121.06206558231
3.1326,121.123521709317
3.1327,121.185012626506
3.1328,121.246538355278
3.1329,121.30809891705
3.133,121.36969433325
3.1331,121.431324625324
3.1332,121.492989814729
3.1333,121.554689922937
3.1334,121.616424971435
3.1335,121.678194981724
3.1336,121.739999975318
3.1337,121.801839973745
3.1338,121.863714998551
3.1339,121.92562507129
3.134,121.987570213536
3.1341,122.049550446874
3.1342,122.111565792904
3.1343,122.17361627324
3.1344,122.23570190951
3.1345,122.297822723358
3.1346,122.359978736441
3.1347,122.42216997043
3.1348,122.48439644701
3.1349,122.546658187882
3.135,122.608955214759
3.1351,122.671287549371
3.1352,122.733655213459
3.1353,122.796058228783
3.1354,122.858496617112
3.1355,122.920970400234
3.1356,122.983479599948
3.1357,123.046024238069
3.1358,123.108604336427
3.1359,123.171219916864
3.136,123.233871001239
3.1361,123.296557611424
3.1362,123.359279769307
3.1363,123.422037496787
3.1364,123.484830815781
3.1365,123.54765974822
3.1366,123.610524316047
3.1367,123.673424541222
3.1368,123.736360445719
3.1369,123.799332051526
3.137,123.862339380645
3.1371,123.925382455093
3.1372,123.988461296903
3.1373,124.05157592812
3.1374,124.114726370806
3.1375,124.177912647035
3.1376,124.241134778899
3.1377,124.3043927885
3.1378,124.367686697959
3.1379,124.43101652941
3.138,124.494382305
3.1381,124.557784046892
3.1382,124.621221777265
3.1383,124.684695518311
3.1384,124.748205292236
3.1385,124.811751121263
3.1386,124.875333027626
3.1387,124.938951033579
3.1388,125.002605161386
3.1389,125.066295433327
3.139,125.130021871698
3.1391,125.193784498809
3.1392,125.257583336984
3.1393,125.321418408563
3.1394,125.3852897359
3.1395,125.449197341363
3.1396,125.513141247336
3.1397,125.577121476219
3.1398,125.641138050423
3.1399,125.705190992378
3.14,125.769280324526
3.1401,125.833406069325
3.1402,125.897568249247
3.1403,125.96176688678
3.1404,126.026002004426
3.1405,126.090273624703
3.1406,126.154581770143
3.1407,126.218926463291
3.1408,126.283307726712
3.1409,126.34772558298
3.141,126.412180054689
3.1411,126.476671164444
3.1412,126.541198934867
3.1413,126.605763388595
3.1414,126.67036454828
3.1415,126.735002436587
3.1416,126.799677076199
3.1417,126.864388489813
3.1418,126.929136700138
3.1419,126.993921729903
3.142,127.058743601849
3.1421,127.123602338732
3.1422,127.188497963324
3.1423,127.253430498413
3.1424,127.318399966799
3.1425,127.3834063913
3.1426,127.448449794747
3.1427,127.513530199989
3.1428,127.578647629886
3.1429,127.643802107318
3.143,127.708993655175
3.1431,127.774222296366
3.1432,127.839488053814
3.1433,127.904790950457
3.1434,127.970131009247
3.1435,128.035508253154
3.1436,128.10092270516
3.1437,128.166374388266
3.1438,128.231863325484
3.1439,128.297389539843
3.144,128.36295305439
3.1441,128.428553892183
3.1442,128.494192076297
3.1443,128.559867629823
3.1444,128.625580575866
3.1445,128.691330937547
3.1446,128.757118738003
3.1447,128.822944000385
3.1448,128.888806747859
3.1449,128.954707003609
3.145,129.020644790831
3.1451,129.086620132739
3.1452,129.152633052561
3.1453,129.21868357354
3.1454,129.284771718936
3.1455,129.350897512024
3.1456,129.417060976093
3.1457,129.483262134448
3.1458,129.54950101041
3.1459,129.615777627316
3.146,129.682092008518
3.1461,129.748444177382
3.1462,129.814834157291
3.1463,129.881261971643
3.1464,129.947727643852
3.1465,130.014231197348
3.1466,130.080772655575
3.1467,130.147352041992
3.1468,130.213969380077
3.1469,130.28062469332
3.147,130.347318005229
3.1471,130.414049339325
3.1472,130.480818719147
3.1473,130.547626168249
3.1474,130.6144717102
3.1475,130.681355368585
3.1476,130.748277167005
3.1477,130.815237129075
3.1478,130.882235278428
3.1479,130.949271638711
3.148,131.016346233588
3.1481,131.083459086737
3.1482,131.150610221854
3.1483,131.217799662648
3.1484,131.285027432846
3.1485,131.352293556189
3.1486,131.419598056436
3.1487,131.486940957358
3.1488,131.554322282747
3.1489,131.621742056405
3.149,131.689200302155
3.1491,131.756697043832
3.1492,131.824232305289
3.1493,131.891806110394
3.1494,131.959418483031
3.1495,132.0270694471
3.1496,132.094759026516
3.1497,132.162487245211
3.1498,132.230254127132
3.1499,132.298059696244
3.15,132.365903976524
3.1501,132.433786991968
3.1502,132.501708766587
3.1503,132.569669324408
3.1504,132.637668689475
3.1505,132.705706885845
3.1506,132.773783937594
3.1507,132.841899868812
3.1508,132.910054703607
3.1509,132.978248466102
3.151,133.046481180434
3.1511,133.11475287076
3.1512,133.18306356125
3.1513,133.251413276091
3.1514,133.319802039485
3.1515,133.388229875653
3.1516,133.45669680883
3.1517,133.525202863266
3.1518,133.593748063229
3.1519,133.662332433002
3.152,133.730955996886
3.1521,133.799618779196
3.1522,133.868320804263
3.1523,133.937062096437
3.1524,134.005842680081
3.1525,134.074662579576
3.1526,134.143521819318
3.1527,134.212420423721
3.1528,134.281358417213
3.1529,134.350335824239
3.153,134.419352669262
3.1531,134.488408976759
3.1532,134.557504771225
3.1533,134.626640077169
3.1534,134.695814919118
3.1535,134.765029321615
3.1536,134.83428330922
3.1537,134.903576906507
3.1538,134.97291013807
3.1539,135.042283028516
3.154,135.111695602469
3.1541,135.181147884572
3.1542,135.25063989948
3.1543,135.320171671869
3.1544,135.389743226428
3.1545,135.459354587863
3.1546,135.529005780898
3.1547,135.598696830273
3.1548,135.668427760742
3.1549,135.738198597079
3.155,135.808009364072
3.1551,135.877860086527
3.1552,135.947750789265
3.1553,136.017681497125
3.1554,136.087652234961
3.1555,136.157663027646
3.1556,136.227713900066
3.1557,136.297804877127
3.1558,136.367935983749
3.1559,136.43810724487
3.156,136.508318685445
3.1561,136.578570330443
3.1562,136.648862204853
3.1563,136.719194333679
3.1564,136.789566741941
3.1565,136.859979454677
3.1566,136.93043249694
3.1567,137.000925893802
3.1568,137.071459670349
3.1569,137.142033851686
3.157,137.212648462933
3.1571,137.283303529228
3.1572,137.353999075726
3.1573,137.424735127597
3.1574,137.495511710028
3.1575,137.566328848225
3.1576,137.637186567408
3.1577,137.708084892816
3.1578,137.779023849703
3.1579,137.850003463342
3.158,137.92102375902
3.1581,137.992084762043
3.1582,138.063186497733
3.1583,138.13432899143
3.1584,138.205512268488
3.1585,138.276736354282
3.1586,138.3480012742
3.1587,138.419307053649
3.1588,138.490653718052
3.1589,138.562041292851
3.159,138.633469803502
3.1591,138.704939275481
3.1592,138.776449734277
3.1593,138.8480012054
3.1594,138.919593714375
3.1595,138.991227286744
3.1596,139.062901948067
3.1597,139.134617723919
3.1598,139.206374639894
3.1599,139.278172721604
3.16,139.350011994674
3.1601,139.42189248475
3.1602,139.493814217494
3.1603,139.565777218584
3.1604,139.637781513716
3.1605,139.709827128603
3.1606,139.781914088975
3.1607,139.85404242058
3.1608,139.926212149182
3.1609,139.998423300563
3.161,140.070675900522
3.1611,140.142969974874
3.1612,140.215305549453
3.1613,140.287682650109
3.1614,140.36010130271
3.1615,140.432561533141
3.1616,140.505063367304
3.1617,140.577606831118
3.1618,140.650191950521
3.1619,140.722818751467
3.162,140.795487259926
3.1621,140.868197501887
3.1622,140.940949503357
3.1623,141.013743290359
3.1624,141.086578888934
3.1625,141.159456325139
3.1626,141.23237562505
3.1627,141.30533681476
3.1628,141.378339920379
3.1629,141.451384968035
3.163,141.524471983874
3.1631,141.597600994056
3.1632,141.670772024764
3.1633,141.743985102193
3.1634,141.81724025256
3.1635,141.890537502096
3.1636,141.963876877052
3.1637,142.037258403694
3.1638,142.110682108309
3.1639,142.184148017198
3.164,142.257656156681
3.1641,142.331206553097
3.1642,142.4047992328
3.1643,142.478434222164
3.1644,142.552111547579
3.1645,142.625831235452
3.1646,142.69959331221
3.1647,142.773397804296
3.1648,142.847244738171
3.1649,142.921134140314
3.165,142.99506603722
3.1651,143.069040455404
3.1652,143.143057421398
3.1653,143.217116961751
3.1654,143.29121910303
3.1655,143.365363871821
3.1656,143.439551294725
3.1657,143.513781398364
3.1658,143.588054209375
3.1659,143.662369754415
3.166,143.736728060157
3.1661,143.811129153293
3.1662,143.885573060532
3.1663,143.960059808602
3.1664,144.034589424248
3.1665,144.109161934234
3.1666,144.183777365339
3.1667,144.258435744362
3.1668,144.333137098122
3.1669,144.407881453451
3.167,144.482668837202
3.1671,144.557499276247
3.1672,144.632372797474
3.1673,144.707289427788
3.1674,144.782249194115
3.1675,144.857252123397
3.1676,144.932298242593
3.1677,145.007387578684
3.1678,145.082520158665
3.1679,145.15769600955
3.168,145.232915158372
3.1681,145.308177632182
3.1682,145.383483458049
3.1683,145.458832663059
3.1684,145.534225274318
3.1685,145.609661318948
3.1686,145.68514082409
3.1687,145.760663816905
3.1688,145.836230324569
3.1689,145.911840374278
3.169,145.987493993246
3.1691,146.063191208705
3.1692,146.138932047905
3.1693,146.214716538116
3.1694,146.290544706623
3.1695,146.366416580731
3.1696,146.442332187764
3.1697,146.518291555064
3.1698,146.59429470999
3.1699,146.670341679921
3.17,146.746432492252
3.1701,146.822567174399
3.1702,146.898745753794
3.1703,146.97496825789
3.1704,147.051234714155
3.1705,147.127545150079
3.1706,147.203899593168
3.1707,147.280298070947
3.1708,147.356740610959
3.1709,147.433227240767
3.171,147.50975798795
3.1711,147.586332880107
3.1712,147.662951944856
3.1713,147.739615209832
3.1714,147.81632270269
3.1715,147.893074451103
3.1716,147.969870482761
3.1717,148.046710825374
3.1718,148.123595506672
3.1719,148.2005245544
3.172,148.277497996325
3.1721,148.35451586023
3.1722,148.431578173918
3.1723,148.508684965211
3.1724,148.585836261948
3.1725,148.663032091989
3.1726,148.74027248321
3.1727,148.817557463507
3.1728,148.894887060795
3.1729,148.972261303007
3.173,149.049680218096
3.1731,149.127143834032
3.1732,149.204652178804
3.1733,149.282205280421
3.1734,149.35980316691
3.1735,149.437445866317
3.1736,149.515133406705
3.1737,149.592865816159
3.1738,149.670643122781
3.1739,149.748465354692
3.174,149.826332540032
3.1741,149.904244706958
3.1742,149.98220188365
3.1743,150.060204098303
3.1744,150.138251379133
3.1745,150.216343754375
3.1746,150.29448125228
3.1747,150.372663901122
3.1748,150.450891729192
3.1749,150.529164764799
3.175,150.607483036273
3.1751,150.685846571961
3.1752,150.764255400232
3.1753,150.84270954947
3.1754,150.921209048081
3.1755,150.99975392449
3.1756,151.078344207138
3.1757,151.15697992449
3.1758,151.235661105025
3.1759,151.314387777244
3.176,151.393159969667
3.1761,151.471977710833
3.1762,151.5508410293
3.1763,151.629749953643
3.1764,151.708704512461
3.1765,151.787704734367
3.1766,151.866750647997
3.1767,151.945842282004
3.1768,152.024979665062
3.1769,152.104162825861
3.177,152.183391793115
3.1771,152.262666595553
3.1772,152.341987261925
3.1773,152.421353821002
3.1774,152.500766301571
3.1775,152.58022473244
3.1776,152.659729142437
3.1777,152.739279560408
3.1778,152.818876015219
3.1779,152.898518535756
3.178,152.978207150923
3.1781,153.057941889644
3.1782,153.137722780863
3.1783,153.217549853543
3.1784,153.297423136665
3.1785,153.377342659233
3.1786,153.457308450267
3.1787,153.537320538809
3.1788,153.617378953917
3.1789,153.697483724673
3.179,153.777634880176
3.1791,153.857832449544
3.1792,153.938076461915
3.1793,154.018366946449
3.1794,154.098703932322
3.1795,154.179087448732
3.1796,154.259517524895
3.1797,154.339994190048
3.1798,154.420517473447
3.1799,154.501087404367
3.18,154.581704012104
3.1801,154.662367325974
3.1802,154.74307737531
3.1803,154.823834189467
3.1804,154.904637797819
3.1805,154.985488229761
3.1806,155.066385514705
3.1807,155.147329682086
3.1808,155.228320761356
3.1809,155.309358781989
3.181,155.390443773476
3.1811,155.471575765332
3.1812,155.552754787087
3.1813,155.633980868296
3.1814,155.715254038528
3.1815,155.796574327378
3.1816,155.877941764456
3.1817,155.959356379394
3.1818,156.040818201844
3.1819,156.122327261478
3.182,156.203883587988
3.1821,156.285487211084
3.1822,156.367138160499
3.1823,156.448836465984
3.1824,156.53058215731
3.1825,156.61237526427
3.1826,156.694215816674
3.1827,156.776103844355
3.1828,156.858039377164
3.1829,156.940022444972
3.183,157.022053077672
3.1831,157.104131305176
3.1832,157.186257157416
3.1833,157.268430664344
3.1834,157.350651855932
3.1835,157.432920762173
3.1836,157.515237413079
3.1837,157.597601838684
3.1838,157.68001406904
3.1839,157.762474134222
3.184,157.844982064321
3.1841,157.927537889453
3.1842,158.010141639752
3.1843,158.09279334537
3.1844,158.175493036485
3.1845,158.258240743289
3.1846,158.341036495998
3.1847,158.423880324849
3.1848,158.506772260097
3.1849,158.589712332017
3.185,158.672700570908
3.1851,158.755737007086
3.1852,158.838821670888
3.1853,158.921954592672
3.1854,159.005135802818
3.1855,159.088365331722
3.1856,159.171643209806
3.1857,159.254969467507
3.1858,159.338344135288
3.1859,159.421767243628
3.186,159.505238823028
3.1861,159.588758904011
3.1862,159.672327517119
3.1863,159.755944692914
3.1864,159.839610461981
3.1865,159.923324854923
3.1866,160.007087902365
3.1867,160.090899634952
3.1868,160.174760083351
3.1869,160.258669278247
3.187,160.342627250349
3.1871,160.426634030384
3.1872,160.510689649101
3.1873,160.594794137269
3.1874,160.678947525679
3.1875,160.763149845141
3.1876,160.847401126487
3.1877,160.931701400569
3.1878,161.016050698261
3.1879,161.100449050457
3.188,161.184896488071
3.1881,161.269393042039
3.1882,161.353938743317
3.1883,161.438533622884
3.1884,161.523177711736
3.1885,161.607871040894
3.1886,161.692613641397
3.1887,161.777405544307
3.1888,161.862246780705
3.1889,161.947137381694
3.189,162.032077378398
3.1891,162.117066801961
3.1892,162.20210568355
3.1893,162.287194054352
3.1894,162.372331945573
3.1895,162.457519388444
3.1896,162.542756414214
3.1897,162.628043054154
3.1898,162.713379339556
3.1899,162.798765301734
3.19,162.884200972021
3.1901,162.969686381774
3.1902,163.055221562368
3.1903,163.140806545202
3.1904,163.226441361695
3.1905,163.312126043286
3.1906,163.397860621437
3.1907,163.483645127631
3.1908,163.569479593372
3.1909,163.655364050184
3.191,163.741298529613
3.1911,163.827283063229
3.1912,163.913317682619
3.1913,163.999402419393
3.1914,164.085537305184
3.1915,164.171722371644
3.1916,164.257957650448
3.1917,164.34424317329
3.1918,164.430578971889
3.1919,164.516965077983
3.192,164.603401523331
3.1921,164.689888339715
3.1922,164.776425558937
3.1923,164.863013212823
3.1924,164.949651333217
3.1925,165.036339951987
3.1926,165.123079101021
3.1927,165.20986881223
3.1928,165.296709117546
3.1929,165.383600048922
3.193,165.470541638333
3.1931,165.557533917775
3.1932,165.644576919266
3.1933,165.731670674848
3.1934,165.818815216579
3.1935,165.906010576545
3.1936,165.993256786849
3.1937,166.080553879619
3.1938,166.167901887001
3.1939,166.255300841167
3.194,166.342750774306
3.1941,166.430251718634
3.1942,166.517803706384
3.1943,166.605406769814
3.1944,166.693060941203
3.1945,166.78076625285
3.1946,166.868522737078
3.1947,166.956330426232
3.1948,167.044189352676
3.1949,167.1320995488
3.195,167.220061047012
3.1951,167.308073879744
3.1952,167.39613807945
3.1953,167.484253678606
3.1954,167.572420709708
3.1955,167.660639205276
3.1956,167.748909197852
3.1957,167.837230719998
3.1958,167.925603804301
3.1959,168.014028483368
3.196,168.102504789827
3.1961,168.191032756331
3.1962,168.279612415554
3.1963,168.36824380019
3.1964,168.456926942958
3.1965,168.545661876598
3.1966,168.634448633871
3.1967,168.723287247562
3.1968,168.812177750477
3.1969,168.901120175445
3.197,168.990114555316
3.1971,169.079160922964
3.1972,169.168259311283
3.1973,169.257409753192
3.1974,169.34661228163
3.1975,169.435866929558
3.1976,169.525173729962
3.1977,169.614532715848
3.1978,169.703943920244
3.1979,169.793407376203
3.198,169.882923116797
3.1981,169.972491175123
3.1982,170.062111584299
3.1983,170.151784377467
3.1984,170.241509587789
3.1985,170.331287248451
3.1986,170.421117392661
3.1987,170.511000053651
3.1988,170.600935264672
3.1989,170.690923059001
3.199,170.780963469936
3.1991,170.871056530797
3.1992,170.961202274929
3.1993,171.051400735696
3.1994,171.141651946487
3.1995,171.231955940713
3.1996,171.322312751808
3.1997,171.412722413228
3.1998,171.503184958452
3.1999,171.593700420982
3.2,171.684268834341
3.2001,171.774890232077
3.2002,171.86556464776
3.2003,171.956292114982
3.2004,172.047072667358
3.2005,172.137906338526
3.2006,172.228793162147
3.2007,172.319733171905
3.2008,172.410726401505
3.2009,172.501772884678
3.201,172.592872655174
3.2011,172.684025746769
3.2012,172.775232193261
3.2013,172.86649202847
3.2014,172.95780528624
3.2015,173.049172000437
3.2016,173.140592204952
3.2017,173.232065933695
3.2018,173.323593220604
3.2019,173.415174099635
3.202,173.506808604771
3.2021,173.598496770016
3.2022,173.690238629398
3.2023,173.782034216967
3.2024,173.873883566796
3.2025,173.965786712983
3.2026,174.057743689647
3.2027,174.149754530932
3.2028,174.241819271003
3.2029,174.333937944049
3.203,174.426110584284
3.2031,174.518337225942
3.2032,174.610617903283
3.2033,174.702952650589
3.2034,174.795341502164
3.2035,174.887784492339
3.2036,174.980281655463
3.2037,175.072833025914
3.2038,175.165438638088
3.2039,175.258098526409
3.204,175.350812725321
3.2041,175.443581269292
3.2042,175.536404192815
3.2043,175.629281530404
3.2044,175.722213316599
3.2045,175.815199585962
3.2046,175.908240373078
3.2047,176.001335712557
3.2048,176.09448563903
3.2049,176.187690187154
3.205,176.280949391608
3.2051,176.374263287096
3.2052,176.467631908344
3.2053,176.561055290102
3.2054,176.654533467144
3.2055,176.748066474268
3.2056,176.841654346294
3.2057,176.935297118067
3.2058,177.028994824454
3.2059,177.12274750035
3.206,177.216555180667
3.2061,177.310417900347
3.2062,177.404335694352
3.2063,177.498308597668
3.2064,177.592336645307
3.2065,177.686419872303
3.2066,177.780558313713
3.2067,177.87475200462
3.2068,177.969000980129
3.2069,178.063305275369
3.207,178.157664925495
3.2071,178.252079965683
3.2072,178.346550431134
3.2073,178.441076357074
3.2074,178.535657778752
3.2075,178.630294731439
3.2076,178.724987250434
3.2077,178.819735371058
3.2078,178.914539128654
3.2079,179.009398558591
3.208,179.104313696264
3.2081,179.199284577088
3.2082,179.294311236504
3.2083,179.389393709977
3.2084,179.484532032998
3.2085,179.579726241078
3.2086,179.674976369755
3.2087,179.770282454591
3.2088,179.865644531172
3.2089,179.961062635107
3.209,180.056536802031
3.2091,180.152067067601
3.2092,180.2476534675
3.2093,180.343296037436
3.2094,180.438994813138
3.2095,180.534749830363
3.2096,180.63056112489
3.2097,180.726428732524
3.2098,180.822352689091
3.2099,180.918333030445
3.21,181.014369792464
3.2101,181.110463011048
3.2102,181.206612722123
3.2103,181.30281896164
3.2104,181.399081765573
3.2105,181.495401169921
3.2106,181.591777210708
3.2107,181.688209923983
3.2108,181.784699345817
3.2109,181.881245512308
3.211,181.977848459579
3.2111,182.074508223774
3.2112,182.171224841065
3.2113,182.267998347648
3.2114,182.364828779742
3.2115,182.461716173593
3.2116,182.558660565469
3.2117,182.655661991666
3.2118,182.752720488501
3.2119,182.849836092318
3.212,182.947008839486
3.2121,183.044238766397
3.2122,183.141525909469
3.2123,183.238870305144
3.2124,183.336271989891
3.2125,183.4337310002
3.2126,183.53124737259
3.2127,183.628821143601
3.2128,183.726452349801
3.2129,183.824141027781
3.213,183.921887214157
3.2131,184.019690945572
3.2132,184.11755225869
3.2133,184.215471190205
3.2134,184.313447776831
3.2135,184.411482055311
3.2136,184.50957406241
3.2137,184.60772383492
3.2138,184.705931409657
3.2139,184.804196823463
3.214,184.902520113205
3.2141,185.000901315773
3.2142,185.099340468084
3.2143,185.197837607082
3.2144,185.296392769732
3.2145,185.395005993026
3.2146,185.493677313983
3.2147,185.592406769645
3.2148,185.69119439708
3.2149,185.790040233381
3.215,185.888944315666
3.2151,185.98790668108
3.2152,186.08692736679
3.2153,186.186006409992
3.2154,186.285143847904
3.2155,186.384339717773
3.2156,186.483594056869
3.2157,186.582906902486
3.2158,186.682278291947
3.2159,186.781708262599
3.216,186.881196851812
3.2161,186.980744096985
3.2162,187.080350035541
3.2163,187.180014704929
3.2164,187.279738142622
3.2165,187.37952038612
3.2166,187.479361472948
3.2167,187.579261440658
3.2168,187.679220326824
3.2169,187.779238169051
3.217,187.879315004964
3.2171,187.979450872217
3.2172,188.07964580849
3.2173,188.179899851487
3.2174,188.280213038937
3.2175,188.380585408599
3.2176,188.481016998252
3.2177,188.581507845704
3.2178,188.68205798879
3.2179,188.782667465368
3.218,188.883336313324
3.2181,188.984064570567
3.2182,189.084852275035
3.2183,189.18569946469
3.2184,189.286606177521
3.2185,189.387572451542
3.2186,189.488598324794
3.2187,189.589683835342
3.2188,189.69082902128
3.2189,189.792033920724
3.219,189.89329857182
3.2191,189.994623012737
3.2192,190.096007281673
3.2193,190.197451416848
3.2194,190.298955456513
3.2195,190.400519438941
3.2196,190.502143402432
3.2197,190.603827385315
3.2198,190.705571425942
3.2199,190.807375562691
3.22,190.909239833969
3.2201,191.011164278206
3.2202,191.113148933861
3.2203,191.215193839418
3.2204,191.317299033387
3.2205,191.419464554305
3.2206,191.521690440734
3.2207,191.623976731264
3.2208,191.726323464511
3.2209,191.828730679116
3.221,191.931198413747
3.2211,192.0337267071
3.2212,192.136315597896
3.2213,192.238965124883
3.2214,192.341675326833
3.2215,192.444446242549
3.2216,192.547277910857
3.2217,192.650170370611
3.2218,192.75312366069
3.2219,192.856137820002
3.222,192.95921288748
3.2221,193.062348902084
3.2222,193.1655459028
3.2223,193.268803928641
3.2224,193.372123018648
3.2225,193.475503211886
3.2226,193.578944547448
3.2227,193.682447064456
3.2228,193.786010802054
3.2229,193.889635799417
3.223,193.993322095745
3.2231,194.097069730264
3.2232,194.200878742229
3.2233,194.304749170919
3.2234,194.408681055643
3.2235,194.512674435734
3.2236,194.616729350554
3.2237,194.720845839491
3.2238,194.825023941959
3.2239,194.929263697401
3.224,195.033565145285
3.2241,195.137928325108
3.2242,195.242353276393
3.2243,195.346840038688
3.2244,195.451388651572
3.2245,195.555999154648
3.2246,195.660671587547
3.2247,195.765405989927
3.2248,195.870202401475
3.2249,195.975060861901
3.225,196.079981410947
3.2251,196.184964088378
3.2252,196.290008933989
3.2253,196.395115987601
3.2254,196.500285289062
3.2255,196.605516878248
3.2256,196.710810795063
3.2257,196.816167079436
3.2258,196.921585771325
3.2259,197.027066910715
3.226,197.132610537618
3.2261,197.238216692075
3.2262,197.343885414151
3.2263,197.449616743943
3.2264,197.555410721571
3.2265,197.661267387185
3.2266,197.767186780962
3.2267,197.873168943106
3.2268,197.979213913849
3.2269,198.085321733451
3.227,198.191492442199
3.2271,198.297726080407
3.2272,198.404022688418
3.2273,198.510382306601
3.2274,198.616804975353
3.2275,198.7232907351
3.2276,198.829839626295
3.2277,198.936451689418
3.2278,199.043126964977
3.2279,199.149865493508
3.228,199.256667315574
3.2281,199.363532471768
3.2282,199.470461002708
3.2283,199.577452949042
3.2284,199.684508351444
3.2285,199.791627250618
3.2286,199.898809687293
3.2287,200.006055702228
3.2288,200.113365336211
3.2289,200.220738630054
3.229,200.328175624601
3.2291,200.435676360722
3.2292,200.543240879316
3.2293,200.650869221308
3.2294,200.758561427652
3.2295,200.866317539333
3.2296,200.974137597359
3.2297,201.08202164277
3.2298,201.189969716633
3.2299,201.297981860041
3.23,201.40605811412
3.2301,201.514198520019
3.2302,201.622403118918
3.2303,201.730671952024
3.2304,201.839005060575
3.2305,201.947402485833
3.2306,202.055864269092
3.2307,202.164390451672
3.2308,202.272981074923
3.2309,202.381636180221
3.231,202.490355808973
3.2311,202.599140002613
3.2312,202.707988802603
3.2313,202.816902250434
3.2314,202.925880387627
3.2315,203.034923255729
3.2316,203.144030896316
3.2317,203.253203350994
3.2318,203.362440661395
3.2319,203.471742869183
3.232,203.581110016047
3.2321,203.690542143707
3.2322,203.800039293911
3.2323,203.909601508436
3.2324,204.019228829085
3.2325,204.128921297694
3.2326,204.238678956125
3.2327,204.348501846268
3.2328,204.458390010045
3.2329,204.568343489403
3.233,204.678362326321
3.2331,204.788446562804
3.2332,204.898596240889
3.2333,205.008811402637
3.2334,205.119092090144
3.2335,205.22943834553
3.2336,205.339850210946
3.2337,205.450327728572
3.2338,205.560870940616
3.2339,205.671479889316
3.234,205.782154616938
3.2341,205.892895165777
3.2342,206.00370157816
3.2343,206.114573896438
3.2344,206.225512162994
3.2345,206.336516420241
3.2346,206.44758671062
3.2347,206.5587230766
3.2348,206.66992556068
3.2349,206.78119420539
3.235,206.892529053286
3.2351,207.003930146955
3.2352,207.115397529014
3.2353,207.226931242107
3.2354,207.338531328911
3.2355,207.450197832127
3.2356,207.56193079449
3.2357,207.673730258763
3.2358,207.785596267736
3.2359,207.897528864233
3.236,208.009528091102
3.2361,208.121593991226
3.2362,208.233726607513
3.2363,208.345925982902
3.2364,208.458192160363
3.2365,208.570525182893
3.2366,208.682925093521
3.2367,208.795391935303
3.2368,208.907925751326
3.2369,209.020526584708
3.237,209.133194478593
3.2371,209.245929476159
3.2372,209.35873162061
3.2373,209.471600955181
3.2374,209.584537523138
3.2375,209.697541367775
3.2376,209.810612532417
3.2377,209.923751060417
3.2378,210.03695699516
3.2379,210.15023038006
3.238,210.263571258559
3.2381,210.376979674133
3.2382,210.490455670283
3.2383,210.603999290544
3.2384,210.717610578478
3.2385,210.831289577679
3.2386,210.94503633177
3.2387,211.058850884404
3.2388,211.172733279265
3.2389,211.286683560065
3.239,211.400701770549
3.2391,211.514787954488
3.2392,211.628942155688
3.2393,211.743164417981
3.2394,211.857454785232
3.2395,211.971813301334
3.2396,212.086240010211
3.2397,212.200734955819
3.2398,212.315298182141
3.2399,212.429929733193
3.24,212.544629653019
3.2401,212.659397985695
3.2402,212.774234775328
3.2403,212.889140066052
3.2404,213.004113902035
3.2405,213.119156327474
3.2406,213.234267386596
3.2407,213.349447123659
3.2408,213.46469558295
3.2409,213.58001280879
3.241,213.695398845527
3.2411,213.81085373754
3.2412,213.926377529241
3.2413,214.041970265069
3.2414,214.157631989497
3.2415,214.273362747027
3.2416,214.389162582191
3.2417,214.505031539553
3.2418,214.620969663707
3.2419,214.736976999278
3.242,214.853053590921
3.2421,214.969199483323
3.2422,215.0854147212
3.2423,215.201699349301
3.2424,215.318053412404
3.2425,215.434476955318
3.2426,215.550970022885
3.2427,215.667532659975
3.2428,215.784164911491
3.2429,215.900866822365
3.243,216.017638437562
3.2431,216.134479802077
3.2432,216.251390960936
3.2433,216.368371959195
3.2434,216.485422841943
3.2435,216.6025436543
3.2436,216.719734441415
3.2437,216.836995248469
3.2438,216.954326120676
3.2439,217.071727103279
3.244,217.189198241552
3.2441,217.306739580802
3.2442,217.424351166367
3.2443,217.542033043614
3.2444,217.659785257943
3.2445,217.777607854786
3.2446,217.895500879605
3.2447,218.013464377894
3.2448,218.131498395177
3.2449,218.249602977012
3.245,218.367778168985
3.2451,218.486024016718
3.2452,218.60434056586
3.2453,218.722727862093
3.2454,218.841185951132
3.2455,218.959714878721
3.2456,219.078314690638
3.2457,219.19698543269
3.2458,219.315727150719
3.2459,219.434539890595
3.246,219.553423698222
3.2461,219.672378619534
3.2462,219.791404700498
3.2463,219.910501987114
3.2464,220.029670525409
3.2465,220.148910361447
3.2466,220.268221541321
3.2467,220.387604111157
3.2468,220.50705811711
3.2469,220.626583605372
3.247,220.746180622162
3.2471,220.865849213733
3.2472,220.98558942637
3.2473,221.10540130639
3.2474,221.225284900141
3.2475,221.345240254003
3.2476,221.46526741439
3.2477,221.585366427747
3.2478,221.705537340549
3.2479,221.825780199306
3.248,221.946095050558
3.2481,222.066481940879
3.2482,222.186940916873
3.2483,222.307472025179
3.2484,222.428075312465
3.2485,222.548750825433
3.2486,222.669498610818
3.2487,222.790318715385
3.2488,222.911211185934
3.2489,223.032176069295
3.249,223.153213412331
3.2491,223.274323261938
3.2492,223.395505665043
3.2493,223.516760668608
3.2494,223.638088319625
3.2495,223.759488665119
3.2496,223.880961752148
3.2497,224.002507627803
3.2498,224.124126339205
3.2499,224.245817933511
3.25,224.367582457908
3.2501,224.489419959617
3.2502,224.611330485891
3.2503,224.733314084016
3.2504,224.855370801309
3.2505,224.977500685123
3.2506,225.099703782842
3.2507,225.221980141881
3.2508,225.34432980969
3.2509,225.466752833751
3.251,225.58924926158
3.2511,225.711819140724
3.2512,225.834462518763
3.2513,225.957179443312
3.2514,226.079969962017
3.2515,226.202834122557
3.2516,226.325771972645
3.2517,226.448783560025
3.2518,226.571868932477
3.2519,226.695028137812
3.252,226.818261223873
3.2521,226.94156823854
3.2522,227.064949229721
3.2523,227.188404245362
3.2524,227.311933333439
3.2525,227.435536541961
3.2526,227.559213918973
3.2527,227.682965512551
3.2528,227.806791370805
3.2529,227.930691541877
3.253,228.054666073943
3.2531,228.178715015215
3.2532,228.302838413934
3.2533,228.427036318378
3.2534,228.551308776855
3.2535,228.675655837709
3.2536,228.800077549316
3.2537,228.924573960088
3.2538,229.049145118466
3.2539,229.173791072929
3.254,229.298511871987
3.2541,229.423307564185
3.2542,229.548178198099
3.2543,229.673123822342
3.2544,229.798144485559
3.2545,229.923240236427
3.2546,230.048411123661
3.2547,230.173657196006
3.2548,230.298978502241
3.2549,230.424375091181
3.255,230.549847011673
3.2551,230.675394312598
3.2552,230.801017042871
3.2553,230.926715251441
3.2554,231.052488987291
3.2555,231.178338299438
3.2556,231.304263236933
3.2557,231.430263848859
3.2558,231.556340184337
3.2559,231.682492292517
3.256,231.808720222588
3.2561,231.93502402377
3.2562,232.061403745317
3.2563,232.187859436519
3.2564,232.314391146699
3.2565,232.440998925213
3.2566,232.567682821454
3.2567,232.694442884846
3.2568,232.821279164851
3.2569,232.948191710962
3.257,233.075180572707
3.2571,233.202245799649
3.2572,233.329387441385
3.2573,233.456605547548
3.2574,233.583900167802
3.2575,233.711271351847
3.2576,233.83871914942
3.2577,233.966243610288
3.2578,234.093844784255
3.2579,234.221522721159
3.258,234.349277470874
3.2581,234.477109083306
3.2582,234.605017608397
3.2583,234.733003096124
3.2584,234.861065596498
3.2585,234.989205159564
3.2586,235.117421835403
3.2587,235.245715674131
3.2588,235.374086725896
3.2589,235.502535040885
3.259,235.631060669315
3.2591,235.759663661442
3.2592,235.888344067555
3.2593,236.017101937977
3.2594,236.145937323068
3.2595,236.274850273221
3.2596,236.403840838866
3.2597,236.532909070466
3.2598,236.662055018519
3.2599,236.791278733559
3.26,236.920580266156
3.2601,237.049959666913
3.2602,237.179416986469
3.2603,237.308952275499
3.2604,237.438565584711
3.2605,237.56825696485
3.2606,237.698026466695
3.2607,237.827874141062
3.2608,237.957800038801
3.2609,238.087804210797
3.261,238.217886707971
3.2611,238.348047581278
3.2612,238.478286881711
3.2613,238.608604660296
3.2614,238.739000968096
3.2615,238.869475856208
3.2616,239.000029375764
3.2617,239.130661577935
3.2618,239.261372513923
3.2619,239.392162234968
3.262,239.523030792347
3.2621,239.653978237369
3.2622,239.785004621381
3.2623,239.916109995765
3.2624,240.047294411939
3.2625,240.178557921356
3.2626,240.309900575506
3.2627,240.441322425913
3.2628,240.572823524138
3.2629,240.704403921778
3.263,240.836063670465
3.2631,240.967802821868
3.2632,241.099621427689
3.2633,241.23151953967
3.2634,241.363497209587
3.2635,241.49555448925
3.2636,241.627691430508
3.2637,241.759908085246
3.2638,241.892204505382
3.2639,242.024580742872
3.264,242.15703684971
3.2641,242.289572877923
3.2642,242.422188879575
3.2643,242.554884906767
3.2644,242.687661011636
3.2645,242.820517246355
3.2646,242.953453663133
3.2647,243.086470314215
3.2648,243.219567251883
3.2649,243.352744528455
3.265,243.486002196286
3.2651,243.619340307767
3.2652,243.752758915325
3.2653,243.886258071423
3.2654,244.019837828563
3.2655,244.153498239279
3.2656,244.287239356147
3.2657,244.421061231775
3.2658,244.55496391881
3.2659,244.688947469934
3.266,244.823011937868
3.2661,244.957157375368
3.2662,245.091383835225
3.2663,245.225691370271
3.2664,245.360080033371
3.2665,245.494549877428
3.2666,245.629100955383
3.2667,245.763733320212
3.2668,245.898447024928
3.2669,246.033242122582
3.267,246.168118666262
3.2671,246.303076709091
3.2672,246.43811630423
3.2673,246.573237504879
3.2674,246.708440364272
3.2675,246.843724935681
3.2676,246.979091272415
3.2677,247.114539427821
3.2678,247.250069455283
3.2679,247.38568140822
3.268,247.521375340092
3.2681,247.657151304392
3.2682,247.793009354653
3.2683,247.928949544444
3.2684,248.064971927373
3.2685,248.201076557083
3.2686,248.337263487255
3.2687,248.473532771609
3.2688,248.6098844639
3.2689,248.746318617923
3.269,248.882835287507
3.2691,249.019434526522
3.2692,249.156116388874
3.2693,249.292880928505
3.2694,249.429728199398
3.2695,249.56665825557
3.2696,249.703671151078
3.2697,249.840766940016
3.2698,249.977945676515
3.2699,250.115207414745
3.27,250.252552208912
3.2701,250.389980113261
3.2702,250.527491182076
3.2703,250.665085469675
3.2704,250.802763030418
3.2705,250.940523918699
3.2706,251.078368188954
3.2707,251.216295895653
3.2708,251.354307093308
3.2709,251.492401836464
3.271,251.630580179708
3.2711,251.768842177664
3.2712,251.907187884994
3.2713,252.045617356396
3.2714,252.184130646611
3.2715,252.322727810412
3.2716,252.461408902616
3.2717,252.600173978073
3.2718,252.739023091676
3.2719,252.877956298352
3.272,253.01697365307
3.2721,253.156075210834
3.2722,253.29526102669
3.2723,253.434531155718
3.2724,253.573885653039
3.2725,253.713324573813
3.2726,253.852847973238
3.2727,253.992455906548
3.2728,254.132148429019
3.2729,254.271925595964
3.273,254.411787462735
3.2731,254.55173408472
3.2732,254.691765517351
3.2733,254.831881816093
3.2734,254.972083036453
3.2735,255.112369233975
3.2736,255.252740464245
3.2737,255.393196782883
3.2738,255.533738245551
3.2739,255.674364907949
3.274,255.815076825815
3.2741,255.955874054928
3.2742,256.096756651104
3.2743,256.237724670199
3.2744,256.378778168106
3.2745,256.51991720076
3.2746,256.661141824133
3.2747,256.802452094237
3.2748,256.943848067121
3.2749,257.085329798877
3.275,257.226897345633
3.2751,257.368550763556
3.2752,257.510290108855
3.2753,257.652115437775
3.2754,257.794026806602
3.2755,257.936024271662
3.2756,258.078107889318
3.2757,258.220277715975
3.2758,258.362533808075
3.2759,258.504876222101
3.276,258.647305014574
3.2761,258.789820242056
3.2762,258.932421961148
3.2763,259.07511022849
3.2764,259.217885100761
3.2765,259.360746634682
3.2766,259.50369488701
3.2767,259.646729914546
3.2768,259.789851774126
3.2769,259.93306052263
3.277,260.076356216975
3.2771,260.219738914118
3.2772,260.363208671056
3.2773,260.506765544827
3.2774,260.650409592508
3.2775,260.794140871214
3.2776,260.937959438103
3.2777,261.081865350372
3.2778,261.225858665256
3.2779,261.369939440033
3.278,261.514107732019
3.2781,261.658363598571
3.2782,261.802707097084
3.2783,261.947138284996
3.2784,262.091657219783
3.2785,262.236263958963
3.2786,262.380958560093
3.2787,262.525741080771
3.2788,262.670611578633
3.2789,262.815570111358
3.279,262.960616736664
3.2791,263.105751512309
3.2792,263.250974496094
3.2793,263.396285745856
3.2794,263.541685319476
3.2795,263.687173274875
3.2796,263.832749670012
3.2797,263.978414562889
3.2798,264.124168011548
3.2799,264.270010074071
3.28,264.415940808582
3.2801,264.561960273243
3.2802,264.708068526259
3.2803,264.854265625876
3.2804,265.000551630378
3.2805,265.146926598093
3.2806,265.293390587387
3.2807,265.439943656669
3.2808,265.586585864388
3.2809,265.733317269033
3.281,265.880137929135
3.2811,266.027047903265
3.2812,266.174047250038
3.2813,266.321136028105
3.2814,266.468314296162
3.2815,266.615582112944
3.2816,266.762939537229
3.2817,266.910386627833
3.2818,267.057923443617
3.2819,267.205550043481
3.282,267.353266486365
3.2821,267.501072831253
3.2822,267.648969137169
3.2823,267.796955463178
3.2824,267.945031868386
3.2825,268.093198411942
3.2826,268.241455153035
3.2827,268.389802150896
3.2828,268.538239464797
3.2829,268.686767154053
3.283,268.835385278017
3.2831,268.984093896087
3.2832,269.132893067702
3.2833,269.281782852341
3.2834,269.430763309526
3.2835,269.579834498821
3.2836,269.72899647983
3.2837,269.8782493122
3.2838,270.02759305562
3.2839,270.17702776982
3.284,270.326553514573
3.2841,270.476170349691
3.2842,270.625878335032
3.2843,270.775677530493
3.2844,270.925567996014
3.2845,271.075549791575
3.2846,271.225622977203
3.2847,271.375787612961
3.2848,271.526043758958
3.2849,271.676391475345
3.285,271.826830822312
3.2851,271.977361860095
3.2852,272.12798464897
3.2853,272.278699249255
3.2854,272.429505721312
3.2855,272.580404125544
3.2856,272.731394522396
3.2857,272.882476972357
3.2858,273.033651535956
3.2859,273.184918273767
3.286,273.336277246405
3.2861,273.487728514527
3.2862,273.639272138834
3.2863,273.790908180069
3.2864,273.942636699016
3.2865,274.094457756504
3.2866,274.246371413403
3.2867,274.398377730626
3.2868,274.550476769131
3.2869,274.702668589914
3.287,274.854953254018
3.2871,275.007330822528
3.2872,275.159801356569
3.2873,275.312364917312
3.2874,275.46502156597
3.2875,275.617771363799
3.2876,275.770614372096
3.2877,275.923550652205
3.2878,276.07658026551
3.2879,276.229703273438
3.288,276.382919737461
3.2881,276.536229719092
3.2882,276.689633279888
3.2883,276.84313048145
3.2884,276.996721385422
3.2885,277.150406053489
3.2886,277.304184547382
3.2887,277.458056928875
3.2888,277.612023259784
3.2889,277.766083601969
3.289,277.920238017333
3.2891,278.074486567824
3.2892,278.228829315432
3.2893,278.38326632219
3.2894,278.537797650177
3.2895,278.692423361512
3.2896,278.847143518362
3.2897,279.001958182933
3.2898,279.156867417478
3.2899,279.311871284292
3.29,279.466969845715
3.2901,279.622163164129
3.2902,279.777451301961
3.2903,279.932834321683
3.2904,280.088312285808
3.2905,280.243885256895
3.2906,280.399553297546
3.2907,280.555316470408
3.2908,280.71117483817
3.2909,280.867128463568
3.291,281.023177409379
3.2911,281.179321738426
3.2912,281.335561513575
3.2913,281.491896797737
3.2914,281.648327653867
3.2915,281.804854144965
3.2916,281.961476334072
3.2917,282.118194284278
3.2918,282.275008058713
3.2919,282.431917720555
3.292,282.588923333024
3.2921,282.746024959385
3.2922,282.903222662947
3.2923,283.060516507065
3.2924,283.217906555137
3.2925,283.375392870605
3.2926,283.532975516959
3.2927,283.69065455773
3.2928,283.848430056494
3.2929,284.006302076874
3.293,284.164270682536
3.2931,284.322335937191
3.2932,284.480497904594
3.2933,284.638756648547
3.2934,284.797112232894
3.2935,284.955564721526
3.2936,285.114114178378
3.2937,285.272760667432
3.2938,285.43150425271
3.2939,285.590344998285
3.294,285.749282968271
3.2941,285.908318226828
3.2942,286.067450838163
3.2943,286.226680866524
3.2944,286.386008376209
3.2945,286.545433431558
3.2946,286.704956096958
3.2947,286.864576436839
3.2948,287.024294515679
3.2949,287.184110398
3.295,287.344024148369
3.2951,287.504035831399
3.2952,287.664145511749
3.2953,287.824353254123
3.2954,287.984659123269
3.2955,288.145063183983
3.2956,288.305565501105
3.2957,288.466166139522
3.2958,288.626865164166
3.2959,288.787662640013
3.296,288.948558632086
3.2961,289.109553205456
3.2962,289.270646425236
3.2963,289.431838356588
3.2964,289.593129064717
3.2965,289.754518614876
3.2966,289.916007072363
3.2967,290.077594502522
3.2968,290.239280970743
3.2969,290.401066542463
3.297,290.562951283164
3.2971,290.724935258375
3.2972,290.887018533669
3.2973,291.049201174667
3.2974,291.211483247036
3.2975,291.37386481649
3.2976,291.536345948787
3.2977,291.698926709734
3.2978,291.861607165181
3.2979,292.024387381028
3.298,292.18726742322
3.2981,292.350247357747
3.2982,292.513327250647
3.2983,292.676507168004
3.2984,292.839787175949
3.2985,293.003167340659
3.2986,293.166647728359
3.2987,293.330228405318
3.2988,293.493909437853
3.2989,293.65769089233
3.299,293.821572835158
3.2991,293.985555332796
3.2992,294.149638451746
3.2993,294.313822258561
3.2994,294.478106819838
3.2995,294.642492202222
3.2996,294.806978472406
3.2997,294.971565697129
3.2998,295.136253943175
3.2999,295.301043277378
3.3,295.465933766619
3.3001,295.630925477824
3.3002,295.796018477968
3.3003,295.961212834073
3.3004,296.126508613207
3.3005,296.291905882486
3.3006,296.457404709074
3.3007,296.623005160182
3.3008,296.788707303068
3.3009,296.954511205037
3.301,297.120416933443
3.3011,297.286424555686
3.3012,297.452534139213
3.3013,297.618745751521
3.3014,297.785059460154
3.3015,297.951475332701
3.3016,298.1179934368
3.3017,298.28461384014
3.3018,298.451336610452
3.3019,298.618161815519
3.302,298.785089523171
3.3021,298.952119801284
3.3022,299.119252717785
3.3023,299.286488340645
3.3024,299.453826737887
3.3025,299.621267977578
3.3026,299.788812127838
3.3027,299.956459256829
3.3028,300.124209432766
3.3029,300.29206272391
3.303,300.46001919857
3.3031,300.628078925105
3.3032,300.79624197192
3.3033,300.964508407469
3.3034,301.132878300256
3.3035,301.30135171883
3.3036,301.469928731791
3.3037,301.638609407786
3.3038,301.807393815513
3.3039,301.976282023715
3.304,302.145274101186
3.3041,302.314370116767
3.3042,302.483570139349
3.3043,302.652874237869
3.3044,302.822282481317
3.3045,302.991794938729
3.3046,303.161411679188
3.3047,303.33113277183
3.3048,303.500958285837
3.3049,303.67088829044
3.305,303.84092285492
3.3051,304.011062048605
3.3052,304.181305940875
3.3053,304.351654601156
3.3054,304.522108098925
3.3055,304.692666503707
3.3056,304.863329885076
3.3057,305.034098312657
3.3058,305.204971856121
3.3059,305.375950585191
3.306,305.547034569638
3.3061,305.718223879283
3.3062,305.889518583995
3.3063,306.060918753694
3.3064,306.232424458348
3.3065,306.404035767975
3.3066,306.575752752644
3.3067,306.74757548247
3.3068,306.919504027621
3.3069,307.091538458313
3.307,307.263678844812
3.3071,307.435925257432
3.3072,307.60827776654
3.3073,307.780736442549
3.3074,307.953301355925
3.3075,308.125972577182
3.3076,308.298750176885
3.3077,308.471634225647
3.3078,308.644624794133
3.3079,308.817721953056
3.308,308.990925773181
3.3081,309.164236325323
3.3082,309.337653680344
3.3083,309.51117790916
3.3084,309.684809082734
3.3085,309.858547272082
3.3086,310.032392548268
3.3087,310.206344982407
3.3088,310.380404645665
3.3089,310.554571609257
3.309,310.728845944449
3.3091,310.903227722558
3.3092,311.077717014951
3.3093,311.252313893045
3.3094,311.427018428307
3.3095,311.601830692257
3.3096,311.776750756464
3.3097,311.951778692546
3.3098,312.126914572175
3.3099,312.302158467071
3.31,312.477510449006
3.3101,312.652970589804
3.3102,312.828538961336
3.3103,313.004215635528
3.3104,313.180000684355
3.3105,313.355894179843
3.3106,313.531896194069
3.3107,313.70800679916
3.3108,313.884226067297
3.3109,314.060554070709
3.311,314.236990881678
3.3111,314.413536572536
3.3112,314.590191215667
3.3113,314.766954883505
3.3114,314.943827648538
3.3115,315.120809583303
3.3116,315.297900760388
3.3117,315.475101252433
3.3118,315.652411132132
3.3119,315.829830472226
3.312,316.007359345511
3.3121,316.184997824833
3.3122,316.362745983089
3.3123,316.54060389323
3.3124,316.718571628256
3.3125,316.89664926122
3.3126,317.074836865227
3.3127,317.253134513433
3.3128,317.431542279047
3.3129,317.610060235327
3.313,317.788688455587
3.3131,317.96742701319
3.3132,318.146275981553
3.3133,318.325235434142
3.3134,318.504305444478
3.3135,318.683486086132
3.3136,318.86277743273
3.3137,319.042179557947
3.3138,319.221692535512
3.3139,319.401316439205
3.314,319.58105134286
3.3141,319.760897320362
3.3142,319.940854445648
3.3143,320.120922792709
3.3144,320.301102435588
3.3145,320.481393448379
3.3146,320.66179590523
3.3147,320.842309880342
3.3148,321.022935447966
3.3149,321.203672682409
3.315,321.384521658029
3.3151,321.565482449235
3.3152,321.746555130493
3.3153,321.927739776317
3.3154,322.109036461278
3.3155,322.290445259997
3.3156,322.47196624715
3.3157,322.653599497463
3.3158,322.835345085719
3.3159,323.017203086751
3.316,323.199173575446
3.3161,323.381256626744
3.3162,323.563452315639
3.3163,323.745760717177
3.3164,323.928181906458
3.3165,324.110715958635
3.3166,324.293362948914
3.3167,324.476122952554
3.3168,324.65899604487
3.3169,324.841982301227
3.317,325.025081797045
3.3171,325.208294607799
3.3172,325.391620809014
3.3173,325.575060476271
3.3174,325.758613685206
3.3175,325.942280511504
3.3176,326.12606103091
3.3177,326.309955319216
3.3178,326.493963452274
3.3179,326.678085505986
3.318,326.862321556308
3.3181,327.046671679253
3.3182,327.231135950883
3.3183,327.415714447319
3.3184,327.600407244734
3.3185,327.785214419353
3.3186,327.970136047458
3.3187,328.155172205384
3.3188,328.340322969521
3.3189,328.525588416312
3.319,328.710968622256
3.3191,328.896463663903
3.3192,329.082073617862
3.3193,329.267798560793
3.3194,329.453638569411
3.3195,329.639593720486
3.3196,329.825664090843
3.3197,330.011849757361
3.3198,330.198150796973
3.3199,330.384567286668
3.32,330.571099303488
3.3201,330.757746924531
3.3202,330.94451022695
3.3203,331.131389287951
3.3204,331.318384184798
3.3205,331.505494994807
3.3206,331.69272179535
3.3207,331.880064663854
3.3208,332.067523677801
3.3209,332.255098914728
3.321,332.442790452226
3.3211,332.630598367944
3.3212,332.818522739584
3.3213,333.006563644903
3.3214,333.194721161714
3.3215,333.382995367886
3.3216,333.571386341341
3.3217,333.75989416006
3.3218,333.948518902077
3.3219,334.13726064548
3.322,334.326119468417
3.3221,334.515095449087
3.3222,334.704188665747
3.3223,334.89339919671
3.3224,335.082727120344
3.3225,335.272172515071
3.3226,335.461735459371
3.3227,335.651416031781
3.3228,335.841214310889
3.3229,336.031130375344
3.323,336.221164303849
3.3231,336.411316175162
3.3232,336.601586068097
3.3233,336.791974061527
3.3234,336.982480234378
3.3235,337.173104665632
3.3236,337.36384743433
3.3237,337.554708619568
3.3238,337.745688300496
3.3239,337.936786556323
3.324,338.128003466314
3.3241,338.319339109789
3.3242,338.510793566126
3.3243,338.702366914759
3.3244,338.894059235178
3.3245,339.085870606929
3.3246,339.277801109618
3.3247,339.469850822903
3.3248,339.662019826501
3.3249,339.854308200187
3.325,340.04671602379
3.3251,340.239243377199
3.3252,340.431890340356
3.3253,340.624656993264
3.3254,340.817543415979
3.3255,341.010549688617
3.3256,341.20367589135
3.3257,341.396922104407
3.3258,341.590288408075
3.3259,341.783774882695
3.326,341.97738160867
3.3261,342.171108666457
3.3262,342.364956136571
3.3263,342.558924099585
3.3264,342.753012636128
3.3265,342.947221826887
3.3266,343.141551752608
3.3267,343.336002494093
3.3268,343.530574132201
3.3269,343.725266747849
3.327,343.920080422014
3.3271,344.115015235727
3.3272,344.310071270079
3.3273,344.505248606218
3.3274,344.70054732535
3.3275,344.89596750874
3.3276,345.091509237709
3.3277,345.287172593636
3.3278,345.48295765796
3.3279,345.678864512176
3.328,345.874893237838
3.3281,346.071043916558
3.3282,346.267316630005
3.3283,346.463711459909
3.3284,346.660228488056
3.3285,346.85686779629
3.3286,347.053629466516
3.3287,347.250513580694
3.3288,347.447520220844
3.3289,347.644649469046
3.329,347.841901407436
3.3291,348.039276118209
3.3292,348.23677368362
3.3293,348.434394185982
3.3294,348.632137707665
3.3295,348.830004331101
3.3296,349.027994138778
3.3297,349.226107213244
3.3298,349.424343637106
3.3299,349.622703493029
3.33,349.821186863739
3.3301,350.019793832018
3.3302,350.218524480709
3.3303,350.417378892713
3.3304,350.616357150993
3.3305,350.815459338567
3.3306,351.014685538515
3.3307,351.214035833975
3.3308,351.413510308146
3.3309,351.613109044284
3.331,351.812832125706
3.3311,352.012679635789
3.3312,352.212651657966
3.3313,352.412748275735
3.3314,352.612969572649
3.3315,352.813315632322
3.3316,353.013786538429
3.3317,353.214382374703
3.3318,353.415103224937
3.3319,353.615949172985
3.332,353.81692030276
3.3321,354.018016698234
3.3322,354.219238443441
3.3323,354.420585622473
3.3324,354.622058319483
3.3325,354.823656618685
3.3326,355.025380604352
3.3327,355.227230360816
3.3328,355.429205972472
3.3329,355.631307523772
3.333,355.833535099231
3.3331,356.035888783424
3.3332,356.238368660985
3.3333,356.44097481661
3.3334,356.643707335053
3.3335,356.846566301133
3.3336,357.049551799724
3.3337,357.252663915765
3.3338,357.455902734254
3.3339,357.659268340249
3.334,357.862760818871
3.3341,358.0663802553
3.3342,358.270126734776
3.3343,358.474000342602
3.3344,358.678001164142
3.3345,358.882129284818
3.3346,359.086384790117
3.3347,359.290767765585
3.3348,359.495278296828
3.3349,359.699916469516
3.335,359.904682369377
3.3351,360.109576082204
3.3352,360.314597693848
3.3353,360.519747290223
3.3354,360.725024957304
3.3355,360.930430781127
3.3356,361.135964847791
3.3357,361.341627243455
3.3358,361.54741805434
3.3359,361.753337366729
3.336,361.959385266966
3.3361,362.165561841458
3.3362,362.371867176672
3.3363,362.578301359139
3.3364,362.784864475449
3.3365,362.991556612257
3.3366,363.198377856278
3.3367,363.40532829429
3.3368,363.612408013131
3.3369,363.819617099705
3.337,364.026955640974
3.3371,364.234423723964
3.3372,364.442021435765
3.3373,364.649748863526
3.3374,364.85760609446
3.3375,365.065593215844
3.3376,365.273710315013
3.3377,365.48195747937
3.3378,365.690334796376
3.3379,365.898842353557
3.338,366.1074802385
3.3381,366.316248538856
3.3382,366.525147342339
3.3383,366.734176736725
3.3384,366.943336809852
3.3385,367.152627649622
3.3386,367.362049344
3.3387,367.571601981014
3.3388,367.781285648753
3.3389,367.991100435373
3.339,368.201046429089
3.3391,368.411123718181
3.3392,368.621332390993
3.3393,368.831672535931
3.3394,369.042144241464
3.3395,369.252747596125
3.3396,369.463482688511
3.3397,369.674349607281
3.3398,369.885348441158
3.3399,370.096479278931
3.34,370.307742209447
3.3401,370.519137321623
3.3402,370.730664704434
3.3403,370.942324446923
3.3404,371.154116638194
3.3405,371.366041367417
3.3406,371.578098723824
3.3407,371.790288796713
3.3408,372.002611675442
3.3409,372.215067449438
3.341,372.427656208189
3.3411,372.640378041248
3.3412,372.853233038231
3.3413,373.066221288821
3.3414,373.279342882761
3.3415,373.492597909862
3.3416,373.705986459999
3.3417,373.919508623109
3.3418,374.133164489195
3.3419,374.346954148326
3.342,374.560877690631
3.3421,374.774935206309
3.3422,374.989126785621
3.3423,375.203452518891
3.3424,375.417912496512
3.3425,375.632506808937
3.3426,375.847235546688
3.3427,376.06209880035
3.3428,376.277096660572
3.3429,376.49222921807
3.343,376.707496563623
3.3431,376.922898788077
3.3432,377.138435982342
3.3433,377.354108237393
3.3434,377.569915644271
3.3435,377.785858294083
3.3436,378.001936277998
3.3437,378.218149687255
3.3438,378.434498613155
3.3439,378.650983147065
3.344,378.867603380418
3.3441,379.084359404714
3.3442,379.301251311517
3.3443,379.518279192455
3.3444,379.735443139226
3.3445,379.952743243591
3.3446,380.170179597376
3.3447,380.387752292475
3.3448,380.605461420846
3.3449,380.823307074516
3.345,381.041289345575
3.3451,381.259408326181
3.3452,381.477664108555
3.3453,381.696056784989
3.3454,381.914586447837
3.3455,382.133253189521
3.3456,382.35205710253
3.3457,382.570998279419
3.3458,382.790076812808
3.3459,383.009292795384
3.346,383.228646319903
3.3461,383.448137479184
3.3462,383.667766366115
3.3463,383.88753307365
3.3464,384.107437694808
3.3465,384.327480322679
3.3466,384.547661050416
3.3467,384.76797997124
3.3468,384.988437178439
3.3469,385.209032765368
3.347,385.42976682545
3.3471,385.650639452173
3.3472,385.871650739094
3.3473,386.092800779836
3.3474,386.31408966809
3.3475,386.535517497614
3.3476,386.757084362233
3.3477,386.97879035584
3.3478,387.200635572395
3.3479,387.422620105926
3.348,387.644744050527
3.3481,387.867007500363
3.3482,388.089410549662
3.3483,388.311953292724
3.3484,388.534635823913
3.3485,388.757458237665
3.3486,388.980420628479
3.3487,389.203523090927
3.3488,389.426765719644
3.3489,389.650148609336
3.349,389.873671854777
3.3491,390.097335550808
3.3492,390.321139792339
3.3493,390.545084674348
3.3494,390.76917029188
3.3495,390.993396740051
3.3496,391.217764114043
3.3497,391.442272509107
3.3498,391.666922020564
3.3499,391.8917127438
3.35,392.116644774273
3.3501,392.341718207509
3.3502,392.566933139101
3.3503,392.792289664712
3.3504,393.017787880075
3.3505,393.243427880988
3.3506,393.469209763322
3.3507,393.695133623015
3.3508,393.921199556075
3.3509,394.147407658576
3.351,394.373758026665
3.3511,394.600250756557
3.3512,394.826885944534
3.3513,395.053663686951
3.3514,395.280584080228
3.3515,395.507647220858
3.3516,395.734853205402
3.3517,395.962202130491
3.3518,396.189694092824
3.3519,396.41732918917
3.352,396.64510751637
3.3521,396.873029171332
3.3522,397.101094251034
3.3523,397.329302852526
3.3524,397.557655072924
3.3525,397.786151009418
3.3526,398.014790759265
3.3527,398.243574419793
3.3528,398.472502088401
3.3529,398.701573862555
3.353,398.930789839796
3.3531,399.160150117731
3.3532,399.38965479404
3.3533,399.61930396647
3.3534,399.849097732842
3.3535,400.079036191046
3.3536,400.309119439041
3.3537,400.539347574859
3.3538,400.769720696601
3.3539,401.000238902439
3.354,401.230902290616
3.3541,401.461710959446
3.3542,401.692665007312
3.3543,401.92376453267
3.3544,402.155009634047
3.3545,402.386400410038
3.3546,402.617936959312
3.3547,402.849619380608
3.3548,403.081447772736
3.3549,403.313422234577
3.355,403.545542865084
3.3551,403.777809763282
3.3552,404.010223028264
3.3553,404.242782759198
3.3554,404.475489055322
3.3555,404.708342015944
3.3556,404.941341740447
3.3557,405.174488328283
3.3558,405.407781878976
3.3559,405.641222492121
3.356,405.874810267388
3.3561,406.108545304516
3.3562,406.342427703315
3.3563,406.57645756367
3.3564,406.810634985535
3.3565,407.044960068939
3.3566,407.279432913981
3.3567,407.514053620832
3.3568,407.748822289736
3.3569,407.98373902101
3.357,408.218803915042
3.3571,408.454017072292
3.3572,408.689378593295
3.3573,408.924888578656
3.3574,409.160547129053
3.3575,409.396354345236
3.3576,409.63231032803
3.3577,409.868415178331
3.3578,410.104668997108
3.3579,410.341071885402
3.358,410.577623944329
3.3581,410.814325275075
3.3582,411.051175978901
3.3583,411.288176157141
3.3584,411.525325911202
3.3585,411.762625342563
3.3586,412.000074552777
3.3587,412.237673643471
3.3588,412.475422716344
3.3589,412.713321873169
3.359,412.951371215793
3.3591,413.189570846135
3.3592,413.427920866189
3.3593,413.666421378021
3.3594,413.905072483773
3.3595,414.143874285659
3.3596,414.382826885966
3.3597,414.621930387057
3.3598,414.861184891368
3.3599,415.100590501407
3.36,415.34014731976
3.3601,415.579855449082
3.3602,415.819714992107
3.3603,416.059726051641
3.3604,416.299888730563
3.3605,416.540203131828
3.3606,416.780669358464
3.3607,417.021287513576
3.3608,417.26205770034
3.3609,417.502980022008
3.361,417.744054581908
3.3611,417.985281483439
3.3612,418.22666083008
3.3613,418.468192725379
3.3614,418.709877272962
3.3615,418.95171457653
3.3616,419.193704739857
3.3617,419.435847866794
3.3618,419.678144061266
3.3619,419.920593427272
3.362,420.163196068889
3.3621,420.405952090266
3.3622,420.648861595629
3.3623,420.891924689279
3.3624,421.135141475593
3.3625,421.378512059022
3.3626,421.622036544093
3.3627,421.86571503541
3.3628,422.10954763765
3.3629,422.353534455567
3.363,422.597675593991
3.3631,422.841971157827
3.3632,423.086421252056
3.3633,423.331025981736
3.3634,423.575785451999
3.3635,423.820699768054
3.3636,424.065769035186
3.3637,424.310993358757
3.3638,424.556372844203
3.3639,424.801907597039
3.364,425.047597722852
3.3641,425.293443327311
3.3642,425.539444516156
3.3643,425.785601395208
3.3644,426.03191407036
3.3645,426.278382647586
3.3646,426.525007232934
3.3647,426.771787932529
3.3648,427.018724852573
3.3649,427.265818099346
3.365,427.513067779201
3.3651,427.760473998573
3.3652,428.00803686397
3.3653,428.255756481979
3.3654,428.503632959264
3.3655,428.751666402566
3.3656,428.999856918703
3.3657,429.248204614569
3.3658,429.496709597138
3.3659,429.74537197346
3.366,429.994191850661
3.3661,430.243169335948
3.3662,430.492304536602
3.3663,430.741597559983
3.3664,430.99104851353
3.3665,431.240657504758
3.3666,431.49042464126
3.3667,431.740350030708
3.3668,431.99043378085
3.3669,432.240675999513
3.367,432.491076794604
3.3671,432.741636274105
3.3672,432.992354546077
3.3673,433.24323171866
3.3674,433.494267900072
3.3675,433.74546319861
3.3676,433.996817722646
3.3677,434.248331580636
3.3678,434.50000488111
3.3679,434.751837732679
3.368,435.003830244031
3.3681,435.255982523934
3.3682,435.508294681234
3.3683,435.760766824857
3.3684,436.013399063806
3.3685,436.266191507164
3.3686,436.519144264093
3.3687,436.772257443834
3.3688,437.025531155706
3.3689,437.27896550911
3.369,437.532560613524
3.3691,437.786316578505
3.3692,438.04023351369
3.3693,438.294311528797
3.3694,438.54855073362
3.3695,438.802951238037
3.3696,439.057513152001
3.3697,439.312236585548
3.3698,439.567121648792
3.3699,439.822168451927
3.37,440.077377105229
3.3701,440.332747719051
3.3702,440.588280403826
3.3703,440.843975270069
3.3704,441.099832428374
3.3705,441.355851989416
3.3706,441.612034063949
3.3707,441.868378762808
3.3708,442.124886196907
3.3709,442.381556477244
3.371,442.638389714893
3.3711,442.89538602101
3.3712,443.152545506835
3.3713,443.409868283683
3.3714,443.667354462953
3.3715,443.925004156125
3.3716,444.182817474759
3.3717,444.440794530495
3.3718,444.698935435056
3.3719,444.957240300245
3.372,445.215709237945
3.3721,445.474342360121
3.3722,445.733139778821
3.3723,445.99210160617
3.3724,446.25122795438
3.3725,446.510518935738
3.3726,446.769974662619
3.3727,447.029595247474
3.3728,447.289380802838
3.3729,447.549331441328
3.373,447.809447275642
3.3731,448.069728418561
3.3732,448.330174982945
3.3733,448.590787081738
3.3734,448.851564827966
3.3735,449.112508334737
3.3736,449.373617715239
3.3737,449.634893082746
3.3738,449.89633455061
3.3739,450.157942232269
3.374,450.419716241241
3.3741,450.681656691126
3.3742,450.943763695608
3.3743,451.206037368453
3.3744,451.46847782351
3.3745,451.731085174709
3.3746,451.993859536065
3.3747,452.256801021674
3.3748,452.519909745716
3.3749,452.783185822452
3.375,453.046629366229
3.3751,453.310240491474
3.3752,453.574019312698
3.3753,453.837965944498
3.3754,454.102080501549
3.3755,454.366363098613
3.3756,454.630813850535
3.3757,454.895432872243
3.3758,455.160220278746
3.3759,455.425176185141
3.376,455.690300706606
3.3761,455.955593958403
3.3762,456.221056055877
3.3763,456.486687114459
3.3764,456.75248724966
3.3765,457.01845657708
3.3766,457.284595212399
3.3767,457.550903271381
3.3768,457.817380869878
3.3769,458.084028123822
3.377,458.350845149231
3.3771,458.617832062208
3.3772,458.884988978939
3.3773,459.152316015695
3.3774,459.419813288831
3.3775,459.687480914787
3.3776,459.955319010088
3.3777,460.223327691344
3.3778,460.491507075248
3.3779,460.759857278579
3.378,461.028378418201
3.3781,461.297070611063
3.3782,461.565933974199
3.3783,461.834968624727
3.3784,462.104174679851
3.3785,462.37355225686
3.3786,462.643101473129
3.3787,462.912822446119
3.3788,463.182715293373
3.3789,463.452780132523
3.379,463.723017081284
3.3791,463.99342625746
3.3792,464.264007778937
3.3793,464.534761763688
3.3794,464.805688329772
3.3795,465.076787595335
3.3796,465.348059678607
3.3797,465.619504697904
3.3798,465.891122771631
3.3799,466.162914018275
3.38,466.434878556413
3.3801,466.707016504705
3.3802,466.979327981899
3.3803,467.25181310683
3.3804,467.524471998418
3.3805,467.797304775671
3.3806,468.070311557682
3.3807,468.343492463631
3.3808,468.616847612787
3.3809,468.890377124502
3.381,469.164081118217
3.3811,469.437959713461
3.3812,469.712013029848
3.3813,469.98624118708
3.3814,470.260644304946
3.3815,470.535222503321
3.3816,470.80997590217
3.3817,471.084904621543
3.3818,471.360008781578
3.3819,471.6352885025
3.382,471.910743904623
3.3821,472.186375108348
3.3822,472.462182234162
3.3823,472.738165402642
3.3824,473.014324734452
3.3825,473.290660350344
3.3826,473.567172371157
3.3827,473.843860917818
3.3828,474.120726111344
3.3829,474.397768072839
3.383,474.674986923494
3.3831,474.95238278459
3.3832,475.229955777496
3.3833,475.507706023668
3.3834,475.785633644652
3.3835,476.063738762083
3.3836,476.342021497683
3.3837,476.620481973264
3.3838,476.899120310725
3.3839,477.177936632056
3.384,477.456931059335
3.3841,477.736103714728
3.3842,478.01545472049
3.3843,478.294984198968
3.3844,478.574692272595
3.3845,478.854579063895
3.3846,479.134644695479
3.3847,479.41488929005
3.3848,479.6953129704
3.3849,479.975915859408
3.385,480.256698080047
3.3851,480.537659755374
3.3852,480.818801008542
3.3853,481.100121962788
3.3854,481.381622741442
3.3855,481.663303467925
3.3856,481.945164265744
3.3857,482.2272052585
3.3858,482.509426569882
3.3859,482.791828323669
3.386,483.074410643732
3.3861,483.35717365403
3.3862,483.640117478615
3.3863,483.923242241627
3.3864,484.206548067298
3.3865,484.490035079951
3.3866,484.773703403997
3.3867,485.057553163942
3.3868,485.341584484379
3.3869,485.625797489994
3.387,485.910192305563
3.3871,486.194769055953
3.3872,486.479527866124
3.3873,486.764468861124
3.3874,487.049592166095
3.3875,487.334897906268
3.3876,487.620386206967
3.3877,487.906057193608
3.3878,488.191910991696
3.3879,488.477947726829
3.388,488.764167524698
3.3881,489.050570511084
3.3882,489.33715681186
3.3883,489.623926552992
3.3884,489.910879860536
3.3885,490.198016860642
3.3886,490.48533767955
3.3887,490.772842443594
3.3888,491.060531279199
3.3889,491.348404312884
3.389,491.636461671259
3.3891,491.924703481026
3.3892,492.21312986898
3.3893,492.501740962009
3.3894,492.790536887093
3.3895,493.079517771306
3.3896,493.368683741813
3.3897,493.658034925874
3.3898,493.947571450839
3.3899,494.237293444155
3.39,494.527201033357
3.3901,494.817294346078
3.3902,495.107573510041
3.3903,495.398038653064
3.3904,495.688689903058
3.3905,495.979527388026
3.3906,496.270551236068
3.3907,496.561761575373
3.3908,496.853158534227
3.3909,497.144742241009
3.391,497.436512824191
3.3911,497.72847041234
3.3912,498.020615134115
3.3913,498.312947118272
3.3914,498.605466493658
3.3915,498.898173389217
3.3916,499.191067933984
3.3917,499.484150257091
3.3918,499.777420487764
3.3919,500.070878755323
3.392,500.364525189181
3.3921,500.658359918849
3.3922,500.952383073929
3.3923,501.246594784121
3.3924,501.540995179217
3.3925,501.835584389106
3.3926,502.130362543771
3.3927,502.42532977329
3.3928,502.720486207836
3.3929,503.015831977678
3.393,503.31136721318
3.3931,503.6070920448
3.3932,503.903006603093
3.3933,504.199111018708
3.3934,504.495405422393
3.3935,504.791889944986
3.3936,505.088564717426
3.3937,505.385429870744
3.3938,505.682485536069
3.3939,505.979731844626
3.394,506.277168927735
3.3941,506.574796916811
3.3942,506.872615943368
3.3943,507.170626139015
3.3944,507.468827635456
3.3945,507.767220564492
3.3946,508.065805058022
3.3947,508.364581248039
3.3948,508.663549266635
3.3949,508.962709245996
3.395,509.262061318409
3.3951,509.561605616252
3.3952,509.861342272005
3.3953,510.161271418243
3.3954,510.461393187637
3.3955,510.761707712956
3.3956,511.062215127067
3.3957,511.362915562933
3.3958,511.663809153615
3.3959,511.964896032272
3.396,512.266176332158
3.3961,512.567650186627
3.3962,512.869317729131
3.3963,513.171179093217
3.3964,513.473234412532
3.3965,513.775483820821
3.3966,514.077927451925
3.3967,514.380565439786
3.3968,514.68339791844
3.3969,514.986425022026
3.397,515.289646884776
3.3971,515.593063641025
3.3972,515.896675425203
3.3973,516.200482371841
3.3974,516.504484615567
3.3975,516.808682291108
3.3976,517.113075533289
3.3977,517.417664477035
3.3978,517.72244925737
3.3979,518.027430009416
3.398,518.332606868393
3.3981,518.637979969623
3.3982,518.943549448525
3.3983,519.249315440617
3.3984,519.555278081518
3.3985,519.861437506944
3.3986,520.167793852713
3.3987,520.474347254741
3.3988,520.781097849044
3.3989,521.088045771738
3.399,521.395191159038
3.3991,521.70253414726
3.3992,522.010074872818
3.3993,522.317813472227
3.3994,522.625750082104
3.3995,522.933884839164
3.3996,523.242217880221
3.3997,523.550749342193
3.3998,523.859479362095
3.3999,524.168408077044
3.4,524.477535624258
3.4001,524.786862141054
3.4002,525.096387764851
3.4003,525.406112633169
3.4004,525.716036883628
3.4005,526.026160653949
3.4006,526.336484081954
3.4007,526.647007305566
3.4008,526.957730462811
3.4009,527.268653691813
3.401,527.5797771308
3.4011,527.8911009181
3.4012,528.202625192143
3.4013,528.51435009146
3.4014,528.826275754685
3.4015,529.138402320552
3.4016,529.450729927898
3.4017,529.763258715661
3.4018,530.075988822882
3.4019,530.388920388703
3.402,530.702053552369
3.4021,531.015388453226
3.4022,531.328925230724
3.4023,531.642664024413
3.4024,531.956604973947
3.4025,532.270748219083
3.4026,532.585093899679
3.4027,532.899642155697
3.4028,533.214393127201
3.4029,533.529346954358
3.403,533.844503777438
3.4031,534.159863736813
3.4032,534.475426972961
3.4033,534.791193626459
3.4034,535.10716383799
3.4035,535.423337748341
3.4036,535.739715498399
3.4037,536.056297229157
3.4038,536.373083081711
3.4039,536.690073197261
3.404,537.00726771711
3.4041,537.324666782665
3.4042,537.642270535437
3.4043,537.96007911704
3.4044,538.278092669194
3.4045,538.596311333722
3.4046,538.91473525255
3.4047,539.23336456771
3.4048,539.552199421339
3.4049,539.871239955675
3.405,540.190486313064
3.4051,540.509938635955
3.4052,540.829597066901
3.4053,541.149461748562
3.4054,541.469532823701
3.4055,541.789810435187
3.4056,542.110294725991
3.4057,542.430985839195
3.4058,542.751883917979
3.4059,543.072989105635
3.406,543.394301545555
3.4061,543.715821381239
3.4062,544.037548756292
3.4063,544.359483814425
3.4064,544.681626699455
3.4065,545.003977555302
3.4066,545.326536525994
3.4067,545.649303755666
3.4068,545.972279388557
3.4069,546.295463569012
3.407,546.618856441484
3.4071,546.942458150529
3.4072,547.266268840813
3.4073,547.590288657106
3.4074,547.914517744285
3.4075,548.238956247334
3.4076,548.563604311344
3.4077,548.88846208151
3.4078,549.213529703138
3.4079,549.538807321637
3.408,549.864295082525
3.4081,550.189993131427
3.4082,550.515901614075
3.4083,550.842020676307
3.4084,551.168350464069
3.4085,551.494891123416
3.4086,551.821642800509
3.4087,552.148605641616
3.4088,552.475779793114
3.4089,552.803165401487
3.409,553.130762613325
3.4091,553.45857157533
3.4092,553.786592434308
3.4093,554.114825337175
3.4094,554.443270430955
3.4095,554.77192786278
3.4096,555.10079777989
3.4097,555.429880329634
3.4098,555.759175659469
3.4099,556.088683916959
3.41,556.418405249781
3.4101,556.748339805716
3.4102,557.078487732657
3.4103,557.408849178604
3.4104,557.739424291667
3.4105,558.070213220064
3.4106,558.401216112123
3.4107,558.732433116282
3.4108,559.063864381086
3.4109,559.395510055191
3.411,559.727370287363
3.4111,560.059445226476
3.4112,560.391735021515
3.4113,560.724239821574
3.4114,561.056959775856
3.4115,561.389895033676
3.4116,561.723045744457
3.4117,562.056412057733
3.4118,562.389994123149
3.4119,562.723792090458
3.412,563.057806109525
3.4121,563.392036330326
3.4122,563.726482902945
3.4123,564.061145977579
3.4124,564.396025704535
3.4125,564.731122234229
3.4126,565.066435717191
3.4127,565.40196630406
3.4128,565.737714145586
3.4129,566.07367939263
3.413,566.409862196166
3.4131,566.746262707276
3.4132,567.082881077156
3.4133,567.419717457113
3.4134,567.756771998565
3.4135,568.094044853041
3.4136,568.431536172184
3.4137,568.769246107747
3.4138,569.107174811595
3.4139,569.445322435704
3.414,569.783689132165
3.4141,570.122275053179
3.4142,570.461080351059
3.4143,570.80010517823
3.4144,571.139349687232
3.4145,571.478814030715
3.4146,571.818498361443
3.4147,572.158402832291
3.4148,572.498527596249
3.4149,572.838872806417
3.415,573.179438616011
3.4151,573.520225178357
3.4152,573.861232646898
3.4153,574.202461175186
3.4154,574.543910916888
3.4155,574.885582025786
3.4156,575.227474655772
3.4157,575.569588960855
3.4158,575.911925095156
3.4159,576.254483212909
3.416,576.597263468463
3.4161,576.94026601628
3.4162,577.283491010937
3.4163,577.626938607125
3.4164,577.970608959648
3.4165,578.314502223426
3.4166,578.65861855349
3.4167,579.002958104991
3.4168,579.347521033189
3.4169,579.692307493462
3.417,580.037317641301
3.4171,580.382551632312
3.4172,580.728009622217
3.4173,581.073691766851
3.4174,581.419598222167
3.4175,581.76572914423
3.4176,582.112084689222
3.4177,582.458665013441
3.4178,582.805470273297
3.4179,583.15250062532
3.418,583.499756226153
3.4181,583.847237232554
3.4182,584.194943801399
3.4183,584.542876089678
3.4184,584.891034254498
3.4185,585.239418453082
3.4186,585.588028842769
3.4187,585.936865581014
3.4188,586.285928825387
3.4189,586.635218733578
3.419,586.984735463389
3.4191,587.334479172743
3.4192,587.684450019677
3.4193,588.034648162344
3.4194,588.385073759017
3.4195,588.735726968083
3.4196,589.086607948047
3.4197,589.437716857531
3.4198,589.789053855276
3.4199,590.140619100138
3.42,590.492412751092
3.4201,590.844434967228
3.4202,591.196685907756
3.4203,591.549165732003
3.4204,591.901874599414
3.4205,592.254812669551
3.4206,592.607980102095
3.4207,592.961377056845
3.4208,593.315003693716
3.4209,593.668860172746
3.421,594.022946654085
3.4211,594.377263298006
3.4212,594.7318102649
3.4213,595.086587715275
3.4214,595.441595809759
3.4215,595.796834709097
3.4216,596.152304574155
3.4217,596.508005565917
3.4218,596.863937845486
3.4219,597.220101574085
3.422,597.576496913055
3.4221,597.933124023856
3.4222,598.28998306807
3.4223,598.647074207395
3.4224,599.004397603652
3.4225,599.361953418779
3.4226,599.719741814836
3.4227,600.077762954002
3.4228,600.436016998575
3.4229,600.794504110974
3.423,601.153224453738
3.4231,601.512178189527
3.4232,601.87136548112
3.4233,602.230786491417
3.4234,602.59044138344
3.4235,602.95033032033
3.4236,603.310453465348
3.4237,603.670810981878
3.4238,604.031403033423
3.4239,604.39222978361
3.424,604.753291396182
3.4241,605.114588035009
3.4242,605.476119864078
3.4243,605.8378870475
3.4244,606.199889749505
3.4245,606.562128134447
3.4246,606.9246023668
3.4247,607.287312611161
3.4248,607.650259032249
3.4249,608.013441794903
3.425,608.376861064087
3.4251,608.740517004884
3.4252,609.104409782502
3.4253,609.468539562269
3.4254,609.832906509638
3.4255,610.197510790182
3.4256,610.562352569599
3.4257,610.927432013708
3.4258,611.29274928845
3.4259,611.658304559892
3.426,612.024097994221
3.4261,612.390129757749
3.4262,612.756400016911
3.4263,613.122908938265
3.4264,613.489656688492
3.4265,613.856643434397
3.4266,614.223869342908
3.4267,614.591334581077
3.4268,614.959039316081
3.4269,615.326983715219
3.427,615.695167945915
3.4271,616.063592175716
3.4272,616.432256572295
3.4273,616.801161303448
3.4274,617.170306537096
3.4275,617.539692441283
3.4276,617.909319184181
3.4277,618.279186934082
3.4278,618.649295859405
3.4279,619.019646128696
3.428,619.390237910623
3.4281,619.76107137398
3.4282,620.132146687687
3.4283,620.503464020786
3.4284,620.87502354245
3.4285,621.246825421972
3.4286,621.618869828773
3.4287,621.991156932401
3.4288,622.363686902526
3.4289,622.736459908947
3.429,623.109476121588
3.4291,623.482735710498
3.4292,623.856238845854
3.4293,624.229985697958
3.4294,624.603976437239
3.4295,624.978211234251
3.4296,625.352690259677
3.4297,625.727413684323
3.4298,626.102381679126
3.4299,626.477594415146
3.43,626.853052063574
3.4301,627.228754795723
3.4302,627.604702783037
3.4303,627.980896197086
3.4304,628.357335209568
3.4305,628.734019992306
3.4306,629.110950717254
3.4307,629.48812755649
3.4308,629.865550682224
3.4309,630.243220266789
3.431,630.621136482649
3.4311,630.999299502397
3.4312,631.37770949875
3.4313,631.756366644558
3.4314,632.135271112795
3.4315,632.514423076566
3.4316,632.893822709105
3.4317,633.273470183773
3.4318,633.653365674059
3.4319,634.033509353584
3.432,634.413901396095
3.4321,634.794541975469
3.4322,635.175431265713
3.4323,635.556569440961
3.4324,635.937956675478
3.4325,636.319593143659
3.4326,636.701479020027
3.4327,637.083614479234
3.4328,637.465999696066
3.4329,637.848634845433
3.433,638.231520102379
3.4331,638.614655642076
3.4332,638.998041639828
3.4333,639.381678271068
3.4334,639.765565711359
3.4335,640.149704136395
3.4336,640.534093722
3.4337,640.91873464413
3.4338,641.303627078871
3.4339,641.68877120244
3.434,642.074167191183
3.4341,642.45981522158
3.4342,642.845715470241
3.4343,643.231868113906
3.4344,643.618273329448
3.4345,644.004931293872
3.4346,644.391842184313
3.4347,644.779006178037
3.4348,645.166423452445
3.4349,645.554094185066
3.435,645.942018553564
3.4351,646.330196735734
3.4352,646.718628909503
3.4353,647.10731525293
3.4354,647.496255944207
3.4355,647.885451161658
3.4356,648.27490108374
3.4357,648.664605889043
3.4358,649.054565756289
3.4359,649.444780864334
3.436,649.835251392165
3.4361,650.225977518905
3.4362,650.616959423808
3.4363,651.008197286262
3.4364,651.399691285788
3.4365,651.791441602042
3.4366,652.183448414813
3.4367,652.575711904022
3.4368,652.968232249726
3.4369,653.361009632115
3.437,653.754044231513
3.4371,654.147336228379
3.4372,654.540885803305
3.4373,654.934693137018
3.4374,655.328758410381
3.4375,655.723081804388
3.4376,656.117663500172
3.4377,656.512503678998
3.4378,656.907602522266
3.4379,657.302960211512
3.438,657.698576928406
3.4381,658.094452854755
3.4382,658.490588172499
3.4383,658.886983063716
3.4384,659.283637710617
3.4385,659.68055229555
3.4386,660.077727000999
3.4387,660.475162009584
3.4388,660.87285750406
3.4389,661.270813667318
3.439,661.669030682386
3.4391,662.067508732429
3.4392,662.466248000746
3.4393,662.865248670774
3.4394,663.264510926088
3.4395,663.664034950397
3.4396,664.063820927548
3.4397,664.463869041525
3.4398,664.864179476448
3.4399,665.264752416578
3.44,665.665588046308
3.4401,666.066686550171
3.4402,666.468048112838
3.4403,666.869672919116
3.4404,667.271561153951
3.4405,667.673713002425
3.4406,668.076128649761
3.4407,668.478808281317
3.4408,668.881752082591
3.4409,669.284960239217
3.441,669.68843293697
3.4411,670.092170361763
3.4412,670.496172699646
3.4413,670.900440136808
3.4414,671.304972859577
3.4415,671.709771054422
3.4416,672.114834907948
3.4417,672.520164606899
3.4418,672.925760338162
3.4419,673.331622288758
3.442,673.737750645852
3.4421,674.144145596746
3.4422,674.550807328883
3.4423,674.957736029844
3.4424,675.364931887351
3.4425,675.772395089266
3.4426,676.180125823592
3.4427,676.58812427847
3.4428,676.996390642183
3.4429,677.404925103154
3.443,677.813727849945
3.4431,678.222799071262
3.4432,678.632138955948
3.4433,679.04174769299
3.4434,679.451625471514
3.4435,679.861772480787
3.4436,680.272188910218
3.4437,680.682874949358
3.4438,681.093830787898
3.4439,681.505056615672
3.444,681.916552622653
3.4441,682.328318998958
3.4442,682.740355934846
3.4443,683.152663620716
3.4444,683.565242247112
3.4445,683.978092004717
3.4446,684.391213084358
3.4447,684.804605677005
3.4448,685.218269973769
3.4449,685.632206165904
3.445,686.046414444808
3.4451,686.46089500202
3.4452,686.875648029223
3.4453,687.290673718244
3.4454,687.705972261051
3.4455,688.121543849756
3.4456,688.537388676616
3.4457,688.95350693403
3.4458,689.369898814541
3.4459,689.786564510836
3.446,690.203504215746
3.4461,690.620718122245
3.4462,691.038206423452
3.4463,691.45596931263
3.4464,691.874006983186
3.4465,692.292319628672
3.4466,692.710907442785
3.4467,693.129770619365
3.4468,693.548909352397
3.4469,693.968323836014
3.447,694.388014264489
3.4471,694.807980832244
3.4472,695.228223733846
3.4473,695.648743164004
3.4474,696.069539317576
3.4475,696.490612389564
3.4476,696.911962575116
3.4477,697.333590069526
3.4478,697.755495068234
3.4479,698.177677766826
3.448,698.600138361034
3.4481,699.022877046735
3.4482,699.445894019954
3.4483,699.869189476863
3.4484,700.292763613779
3.4485,700.716616627166
3.4486,701.140748713637
3.4487,701.565160069948
3.4488,701.989850893005
3.4489,702.414821379861
3.449,702.840071727716
3.4491,703.265602133916
3.4492,703.691412795957
3.4493,704.117503911481
3.4494,704.543875678277
3.4495,704.970528294284
3.4496,705.397461957587
3.4497,705.824676866421
3.4498,706.252173219169
3.4499,706.67995121436
3.45,707.108011050675
3.4501,707.536352926941
3.4502,707.964977042134
3.4503,708.393883595379
3.4504,708.823072785952
3.4505,709.252544813275
3.4506,709.68229987692
3.4507,710.11233817661
3.4508,710.542659912215
3.4509,710.973265283757
3.451,711.404154491404
3.4511,711.835327735479
3.4512,712.266785216449
3.4513,712.698527134935
3.4514,713.130553691708
3.4515,713.562865087687
3.4516,713.995461523944
3.4517,714.428343201698
3.4518,714.861510322322
3.4519,715.294963087338
3.452,715.728701698419
3.4521,716.162726357389
3.4522,716.597037266224
3.4523,717.03163462705
3.4524,717.466518642144
3.4525,717.901689513936
3.4526,718.337147445006
3.4527,718.772892638086
3.4528,719.208925296061
3.4529,719.645245621966
3.453,720.081853818989
3.4531,720.518750090471
3.4532,720.955934639903
3.4533,721.39340767093
3.4534,721.83116938735
3.4535,722.269219993112
3.4536,722.707559692319
3.4537,723.146188689226
3.4538,723.585107188242
3.4539,724.024315393928
3.454,724.463813510998
3.4541,724.903601744321
3.4542,725.343680298918
3.4543,725.784049379964
3.4544,726.224709192789
3.4545,726.665659942874
3.4546,727.106901835856
3.4547,727.548435077525
3.4548,727.990259873827
3.4549,728.432376430861
3.455,728.87478495488
3.4551,729.317485652292
3.4552,729.76047872966
3.4553,730.203764393701
3.4554,730.647342851288
3.4555,731.091214309448
3.4556,731.535378975364
3.4557,731.979837056373
3.4558,732.424588759969
3.4559,732.869634293801
3.456,733.314973865674
3.4561,733.760607683547
3.4562,734.206535955537
3.4563,734.652758889916
3.4564,735.099276695113
3.4565,735.546089579712
3.4566,735.993197752453
3.4567,736.440601422236
3.4568,736.888300798112
3.4569,737.336296089295
3.457,737.784587505151
3.4571,738.233175255205
3.4572,738.682059549139
3.4573,739.131240596793
3.4574,739.580718608162
3.4575,740.030493793401
3.4576,740.480566362822
3.4577,740.930936526894
3.4578,741.381604496245
3.4579,741.832570481659
3.458,742.28383469408
3.4581,742.73539734461
3.4582,743.187258644508
3.4583,743.639418805194
3.4584,744.091878038245
3.4585,744.544636555396
3.4586,744.997694568543
3.4587,745.451052289739
3.4588,745.904709931198
3.4589,746.35866770529
3.459,746.812925824549
3.4591,747.267484501665
3.4592,747.722343949489
3.4593,748.177504381031
3.4594,748.632966009462
3.4595,749.088729048112
3.4596,749.544793710472
3.4597,750.001160210193
3.4598,750.457828761085
3.4599,750.914799577121
3.46,751.372072872433
3.4601,751.829648861313
3.4602,752.287527758217
3.4603,752.745709777758
3.4604,753.204195134713
3.4605,753.66298404402
3.4606,754.122076720778
3.4607,754.581473380246
3.4608,755.041174237847
3.4609,755.501179509165
3.461,755.961489409945
3.4611,756.422104156096
3.4612,756.883023963687
3.4613,757.34424904895
3.4614,757.805779628281
3.4615,758.267615918236
3.4616,758.729758135536
3.4617,759.192206497063
3.4618,759.654961219863
3.4619,760.118022521146
3.462,760.581390618282
3.4621,761.045065728807
3.4622,761.50904807042
3.4623,761.973337860983
3.4624,762.437935318523
3.4625,762.902840661229
3.4626,763.368054107455
3.4627,763.83357587572
3.4628,764.299406184705
3.4629,764.765545253257
3.463,765.231993300388
3.4631,765.698750545273
3.4632,766.165817207252
3.4633,766.633193505831
3.4634,767.10087966068
3.4635,767.568875891635
3.4636,768.037182418697
3.4637,768.505799462033
3.4638,768.974727241972
3.4639,769.443965979014
3.464,769.913515893822
3.4641,770.383377207224
3.4642,770.853550140217
3.4643,771.32403491396
3.4644,771.794831749783
3.4645,772.26594086918
3.4646,772.73736249381
3.4647,773.209096845502
3.4648,773.681144146251
3.4649,774.153504618217
3.465,774.626178483729
3.4651,775.099165965284
3.4652,775.572467285543
3.4653,776.046082667339
3.4654,776.520012333668
3.4655,776.994256507698
3.4656,777.468815412762
3.4657,777.943689272362
3.4658,778.418878310168
3.4659,778.89438275002
3.466,779.370202815924
3.4661,779.846338732055
3.4662,780.322790722759
3.4663,780.799559012547
3.4664,781.276643826103
3.4665,781.754045388278
3.4666,782.231763924092
3.4667,782.709799658735
3.4668,783.188152817566
3.4669,783.666823626115
3.467,784.14581231008
3.4671,784.62511909533
3.4672,785.104744207904
3.4673,785.584687874011
3.4674,786.06495032003
3.4675,786.545531772511
3.4676,787.026432458175
3.4677,787.507652603912
3.4678,787.989192436784
3.4679,788.471052184025
3.468,788.953232073038
3.4681,789.4357323314
3.4682,789.918553186856
3.4683,790.401694867325
3.4684,790.885157600897
3.4685,791.368941615834
3.4686,791.85304714057
3.4687,792.33747440371
3.4688,792.822223634033
3.4689,793.307295060489
3.469,793.792688912201
3.4691,794.278405418465
3.4692,794.764444808749
3.4693,795.250807312694
3.4694,795.737493160115
3.4695,796.224502580999
3.4696,796.711835805507
3.4697,797.199493063973
3.4698,797.687474586905
3.4699,798.175780604985
3.47,798.664411349067
3.4701,799.153367050183
3.4702,799.642647939534
3.4703,800.1322542485
3.4704,800.622186208633
3.4705,801.112444051659
3.4706,801.603028009479
3.4707,802.093938314171
3.4708,802.585175197986
3.4709,803.07673889335
3.471,803.568629632865
3.4711,804.060847649308
3.4712,804.553393175632
3.4713,805.046266444966
3.4714,805.539467690613
3.4715,806.032997146054
3.4716,806.526855044945
3.4717,807.021041621118
3.4718,807.515557108581
3.4719,808.010401741522
3.472,808.5055757543
3.4721,809.001079381456
3.4722,809.496912857704
3.4723,809.993076417938
3.4724,810.489570297228
3.4725,810.98639473082
3.4726,811.48354995414
3.4727,811.98103620279
3.4728,812.478853712551
3.4729,812.97700271938
3.473,813.475483459413
3.4731,813.974296168966
3.4732,814.473441084531
3.4733,814.972918442778
3.4734,815.472728480558
3.4735,815.972871434899
3.4736,816.473347543009
3.4737,816.974157042275
3.4738,817.475300170262
3.4739,817.976777164715
3.474,818.478588263559
3.4741,818.980733704897
3.4742,819.483213727015
3.4743,819.986028568376
3.4744,820.489178467622
3.4745,820.99266366358
3.4746,821.496484395252
3.4747,822.000640901824
3.4748,822.505133422661
3.4749,823.00996219731
3.475,823.515127465497
3.4751,824.020629467132
3.4752,824.526468442303
3.4753,825.032644631281
3.4754,825.539158274519
3.4755,826.04600961265
3.4756,826.553198886489
3.4757,827.060726337035
3.4758,827.568592205467
3.4759,828.076796733147
3.476,828.585340161618
3.4761,829.094222732609
3.4762,829.603444688027
3.4763,830.113006269965
3.4764,830.622907720698
3.4765,831.133149282684
3.4766,831.643731198564
3.4767,832.154653711163
3.4768,832.665917063488
3.4769,833.177521498733
3.477,833.689467260272
3.4771,834.201754591664
3.4772,834.714383736655
3.4773,835.22735493917
3.4774,835.740668443324
3.4775,836.254324493412
3.4776,836.768323333917
3.4777,837.282665209503
3.4778,837.797350365024
3.4779,838.312379045515
3.478,838.827751496197
3.4781,839.343467962479
3.4782,839.859528689952
3.4783,840.375933924396
3.4784,840.892683911773
3.4785,841.409778898236
3.4786,841.927219130119
3.4787,842.445004853946
3.4788,842.963136316426
3.4789,843.481613764455
3.479,844.000437445115
3.4791,844.519607605676
3.4792,845.039124493594
3.4793,845.558988356514
3.4794,846.079199442265
3.4795,846.599757998866
3.4796,847.120664274524
3.4797,847.641918517633
3.4798,848.163520976774
3.4799,848.685471900718
3.48,849.207771538421
3.4801,849.730420139032
3.4802,850.253417951885
3.4803,850.776765226504
3.4804,851.300462212602
3.4805,851.82450916008
3.4806,852.348906319029
3.4807,852.87365393973
3.4808,853.398752272652
3.4809,853.924201568454
3.481,854.450002077984
3.4811,854.976154052282
3.4812,855.502657742577
3.4813,856.029513400286
3.4814,856.556721277021
3.4815,857.084281624581
3.4816,857.612194694956
3.4817,858.140460740327
3.4818,858.669080013066
3.4819,859.198052765738
3.482,859.727379251097
3.4821,860.257059722089
3.4822,860.787094431851
3.4823,861.317483633712
3.4824,861.848227581195
3.4825,862.379326528011
3.4826,862.910780728068
3.4827,863.442590435462
3.4828,863.974755904483
3.4829,864.507277389616
3.483,865.040155145534
3.4831,865.573389427107
3.4832,866.106980489397
3.4833,866.640928587659
3.4834,867.17523397734
3.4835,867.709896914083
3.4836,868.244917653724
3.4837,868.780296452291
3.4838,869.316033566008
3.4839,869.852129251294
3.484,870.38858376476
3.4841,870.925397363212
3.4842,871.462570303652
3.4843,872.000102843276
3.4844,872.537995239475
3.4845,873.076247749834
3.4846,873.614860632135
3.4847,874.153834144354
3.4848,874.693168544664
3.4849,875.232864091433
3.485,875.772921043224
3.4851,876.313339658798
3.4852,876.85412019711
3.4853,877.395262917314
3.4854,877.936768078757
3.4855,878.478635940987
3.4856,879.020866763745
3.4857,879.563460806971
3.4858,880.106418330801
3.4859,880.649739595569
3.486,881.193424861807
3.4861,881.737474390244
3.4862,882.281888441806
3.4863,882.826667277618
3.4864,883.371811159003
3.4865,883.917320347482
3.4866,884.463195104773
3.4867,885.009435692797
3.4868,885.556042373668
3.4869,886.103015409703
3.487,886.650355063415
3.4871,887.19806159752
3.4872,887.74613527493
3.4873,888.294576358758
3.4874,888.843385112315
3.4875,889.392561799115
3.4876,889.94210668287
3.4877,890.492020027491
3.4878,891.042302097092
3.4879,891.592953155985
3.488,892.143973468684
3.4881,892.695363299903
3.4882,893.247122914559
3.4883,893.799252577767
3.4884,894.351752554845
3.4885,894.904623111313
3.4886,895.457864512892
3.4887,896.011477025503
3.4888,896.565460915273
3.4889,897.119816448527
3.489,897.674543891794
3.4891,898.229643511806
3.4892,898.785115575495
3.4893,899.34096035
3.4894,899.897178102659
3.4895,900.453769101014
3.4896,901.010733612812
3.4897,901.568071906001
3.4898,902.125784248734
3.4899,902.683870909367
3.49,903.24233215646
3.4901,903.801168258778
3.4902,904.360379485288
3.4903,904.919966105163
3.4904,905.47992838778
3.4905,906.040266602722
3.4906,906.600981019774
3.4907,907.16207190893
3.4908,907.723539540385
3.4909,908.285384184542
3.491,908.847606112008
3.4911,909.410205593597
3.4912,909.973182900328
3.4913,910.536538303427
3.4914,911.100272074323
3.4915,911.664384484656
3.4916,912.228875806268
3.4917,912.793746311212
3.4918,913.358996271744
3.4919,913.924625960329
3.492,914.490635649638
3.4921,915.057025612551
3.4922,915.623796122154
3.4923,916.190947451742
3.4924,916.758479874815
3.4925,917.326393665085
3.4926,917.894689096468
3.4927,918.463366443091
3.4928,919.03242597929
3.4929,919.601867979606
3.493,920.171692718793
3.4931,920.741900471812
3.4932,921.312491513832
3.4933,921.883466120236
3.4934,922.45482456661
3.4935,923.026567128753
3.4936,923.598694082675
3.4937,924.171205704594
3.4938,924.744102270938
3.4939,925.317384058347
3.494,925.891051343669
3.4941,926.465104403965
3.4942,927.039543516506
3.4943,927.614368958775
3.4944,928.189581008462
3.4945,928.765179943474
3.4946,929.341166041926
3.4947,929.917539582146
3.4948,930.494300842673
3.4949,931.071450102259
3.495,931.648987639867
3.4951,932.226913734673
3.4952,932.805228666065
3.4953,933.383932713645
3.4954,933.963026157226
3.4955,934.542509276835
3.4956,935.122382352713
3.4957,935.702645665313
3.4958,936.283299495303
3.4959,936.864344123562
3.496,937.445779831186
3.4961,938.027606899484
3.4962,938.609825609976
3.4963,939.192436244403
3.4964,939.775439084715
3.4965,940.358834413078
3.4966,940.942622511874
3.4967,941.5268036637
3.4968,942.111378151368
3.4969,942.696346257904
3.497,943.281708266552
3.4971,943.867464460769
3.4972,944.453615124231
3.4973,945.040160540829
3.4974,945.627100994669
3.4975,946.214436770075
3.4976,946.802168151586
3.4977,947.39029542396
3.4978,947.978818872169
3.4979,948.567738781406
3.498,949.157055437078
3.4981,949.746769124812
3.4982,950.33688013045
3.4983,950.927388740054
3.4984,951.518295239903
3.4985,952.109599916495
3.4986,952.701303056546
3.4987,953.293404946989
3.4988,953.885905874979
3.4989,954.478806127887
3.499,955.072105993304
3.4991,955.665805759041
3.4992,956.259905713128
3.4993,956.854406143814
3.4994,957.449307339568
3.4995,958.04460958908
3.4996,958.640313181259
3.4997,959.236418405234
3.4998,959.832925550356
3.4999,960.429834906194
3.5,961.027146762542
3.5001,961.624861409411
3.5002,962.222979137034
3.5003,962.821500235868
3.5004,963.420424996589
3.5005,964.019753710095
3.5006,964.619486667507
3.5007,965.219624160167
3.5008,965.820166479639
3.5009,966.421113917712
3.501,967.022466766394
3.5011,967.624225317918
3.5012,968.22638986474
3.5013,968.828960699538
3.5014,969.431938115215
3.5015,970.035322404895
3.5016,970.639113861928
3.5017,971.243312779886
3.5018,971.847919452568
3.5019,972.452934173993
3.502,973.058357238409
3.5021,973.664188940285
3.5022,974.270429574315
3.5023,974.877079435421
3.5024,975.484138818748
3.5025,976.091608019666
3.5026,976.69948733377
3.5027,977.307777056883
3.5028,977.916477485051
3.5029,978.525588914549
3.503,979.135111641876
3.5031,979.745045963758
3.5032,980.355392177148
3.5033,980.966150579225
3.5034,981.577321467396
3.5035,982.188905139294
3.5036,982.80090189278
3.5037,983.413312025943
3.5038,984.026135837098
3.5039,984.639373624789
3.504,985.253025687788
3.5041,985.867092325095
3.5042,986.481573835939
3.5043,987.096470519777
3.5044,987.711782676294
3.5045,988.327510605406
3.5046,988.943654607256
3.5047,989.560214982217
3.5048,990.177192030893
3.5049,990.794586054116
3.505,991.412397352948
3.5051,992.030626228681
3.5052,992.649272982839
3.5053,993.268337917174
3.5054,993.88782133367
3.5055,994.507723534541
3.5056,995.128044822234
3.5057,995.748785499424
3.5058,996.369945869019
3.5059,996.99152623416
3.506,997.613526898217
3.5061,998.235948164794
3.5062,998.858790337725
3.5063,999.482053721079
3.5064,1000.10573861916
3.5065,1000.72984533649
3.5066,1001.35437417784
3.5067,1001.97932544821
3.5068,1002.60469945284
3.5069,1003.23049649718
3.507,1003.85671688694
3.5071,1004.48336092804
3.5072,1005.11042892666
3.5073,1005.7379211892
3.5074,1006.36583802228
3.5075,1006.99417973279
3.5076,1007.62294662782
3.5077,1008.25213901471
3.5078,1008.88175720104
3.5079,1009.51180149462
3.508,1010.14227220349
3.5081,1010.77316963594
3.5082,1011.40449410048
3.5083,1012.03624590586
3.5084,1012.66842536107
3.5085,1013.30103277534
3.5086,1013.93406845813
3.5087,1014.56753271914
3.5088,1015.20142586831
3.5089,1015.8357482158
3.509,1016.47050007203
3.5091,1017.10568174764
3.5092,1017.74129355353
3.5093,1018.37733580082
3.5094,1019.01380880086
3.5095,1019.65071286526
3.5096,1020.28804830585
3.5097,1020.92581543472
3.5098,1021.56401456418
3.5099,1022.20264600679
3.51,1022.84171007534
3.5101,1023.48120708286
3.5102,1024.12113734263
3.5103,1024.76150116817
3.5104,1025.40229887322
3.5105,1026.04353077179
3.5106,1026.6851971781
3.5107,1027.32729840663
3.5108,1027.9698347721
3.5109,1028.61280658946
3.511,1029.25621417392
3.5111,1029.90005784091
3.5112,1030.54433790612
3.5113,1031.18905468546
3.5114,1031.83420849511
3.5115,1032.47979965146
3.5116,1033.12582847118
3.5117,1033.77229527115
3.5118,1034.41920036851
3.5119,1035.06654408064
3.512,1035.71432672516
3.5121,1036.36254861993
3.5122,1037.01121008306
3.5123,1037.6603114329
3.5124,1038.30985298806
3.5125,1038.95983506736
3.5126,1039.6102579899
3.5127,1040.26112207501
3.5128,1040.91242764225
3.5129,1041.56417501145
3.513,1042.21636450267
3.5131,1042.86899643623
3.5132,1043.52207113267
3.5133,1044.17558891279
3.5134,1044.82955009765
3.5135,1045.48395500854
3.5136,1046.138803967
3.5137,1046.7940972948
3.5138,1047.44983531399
3.5139,1048.10601834684
3.514,1048.76264671588
3.5141,1049.41972074389
3.5142,1050.07724075388
3.5143,1050.73520706912
3.5144,1051.39362001314
3.5145,1052.05247990969
3.5146,1052.71178708279
3.5147,1053.37154185671
3.5148,1054.03174455594
3.5149,1054.69239550526
3.515,1055.35349502967
3.5151,1056.01504345443
3.5152,1056.67704110505
3.5153,1057.33948830728
3.5154,1058.00238538714
3.5155,1058.66573267087
3.5156,1059.32953048499
3.5157,1059.99377915626
3.5158,1060.65847901168
3.5159,1061.32363037852
3.516,1061.98923358428
3.5161,1062.65528895673
3.5162,1063.32179682389
3.5163,1063.98875751401
3.5164,1064.65617135562
3.5165,1065.32403867749
3.5166,1065.99235980863
3.5167,1066.66113507833
3.5168,1067.33036481611
3.5169,1068.00004935175
3.517,1068.67018901529
3.5171,1069.34078413702
3.5172,1070.01183504746
3.5173,1070.68334207743
3.5174,1071.35530555796
3.5175,1072.02772582036
3.5176,1072.7006031962
3.5177,1073.37393801727
3.5178,1074.04773061564
3.5179,1074.72198132365
3.518,1075.39669047386
3.5181,1076.07185839911
3.5182,1076.74748543248
3.5183,1077.42357190732
3.5184,1078.10011815723
3.5185,1078.77712451607
3.5186,1079.45459131794
3.5187,1080.13251889722
3.5188,1080.81090758853
3.5189,1081.48975772677
3.519,1082.16906964706
3.5191,1082.8488436848
3.5192,1083.52908017566
3.5193,1084.20977945554
3.5194,1084.89094186062
3.5195,1085.57256772733
3.5196,1086.25465739235
3.5197,1086.93721119264
3.5198,1087.62022946539
3.5199,1088.30371254809
3.52,1088.98766077844
3.5201,1089.67207449444
3.5202,1090.35695403433
3.5203,1091.04229973662
3.5204,1091.72811194006
3.5205,1092.41439098369
3.5206,1093.10113720679
3.5207,1093.78835094891
3.5208,1094.47603254985
3.5209,1095.16418234969
3.521,1095.85280068875
3.5211,1096.54188790762
3.5212,1097.23144434717
3.5213,1097.92147034851
3.5214,1098.61196625301
3.5215,1099.30293240231
3.5216,1099.99436913833
3.5217,1100.68627680322
3.5218,1101.37865573942
3.5219,1102.07150628962
3.522,1102.76482879678
3.5221,1103.45862360411
3.5222,1104.15289105511
3.5223,1104.84763149352
3.5224,1105.54284526336
3.5225,1106.2385327089
3.5226,1106.93469417469
3.5227,1107.63133000553
3.5228,1108.3284405465
3.5229,1109.02602614294
3.523,1109.72408714046
3.5231,1110.42262388491
3.5232,1111.12163672245
3.5233,1111.82112599948
3.5234,1112.52109206265
3.5235,1113.22153525892
3.5236,1113.92245593549
3.5237,1114.62385443982
3.5238,1115.32573111965
3.5239,1116.02808632299
3.524,1116.73092039812
3.5241,1117.43423369358
3.5242,1118.13802655817
3.5243,1118.84229934099
3.5244,1119.54705239136
3.5245,1120.25228605892
3.5246,1120.95800069355
3.5247,1121.66419664541
3.5248,1122.37087426491
3.5249,1123.07803390276
3.525,1123.78567590991
3.5251,1124.49380063761
3.5252,1125.20240843737
3.5253,1125.91149966095
3.5254,1126.62107466041
3.5255,1127.33113378806
3.5256,1128.04167739649
3.5257,1128.75270583857
3.5258,1129.46421946744
3.5259,1130.17621863649
3.526,1130.8887036994
3.5261,1131.60167501013
3.5262,1132.31513292289
3.5263,1133.02907779219
3.5264,1133.74350997279
3.5265,1134.45842981974
3.5266,1135.17383768836
3.5267,1135.88973393422
3.5268,1136.6061189132
3.5269,1137.32299298144
3.527,1138.04035649534
3.5271,1138.75820981161
3.5272,1139.47655328719
3.5273,1140.19538727932
3.5274,1140.91471214553
3.5275,1141.63452824359
3.5276,1142.35483593158
3.5277,1143.07563556783
3.5278,1143.79692751096
3.5279,1144.51871211986
3.528,1145.2409897537
3.5281,1145.96376077194
3.5282,1146.68702553429
3.5283,1147.41078440076
3.5284,1148.13503773162
3.5285,1148.85978588744
3.5286,1149.58502922904
3.5287,1150.31076811755
3.5288,1151.03700291435
3.5289,1151.76373398111
3.529,1152.49096167978
3.5291,1153.2186863726
3.5292,1153.94690842207
3.5293,1154.67562819098
3.5294,1155.40484604239
3.5295,1156.13456233966
3.5296,1156.86477744641
3.5297,1157.59549172654
3.5298,1158.32670554426
3.5299,1159.05841926403
3.53,1159.79063325061
3.5301,1160.52334786901
3.5302,1161.25656348457
3.5303,1161.99028046288
3.5304,1162.72449916981
3.5305,1163.45921997153
3.5306,1164.19444323449
3.5307,1164.9301693254
3.5308,1165.66639861128
3.5309,1166.40313145942
3.531,1167.1403682374
3.5311,1167.87810931308
3.5312,1168.6163550546
3.5313,1169.3551058304
3.5314,1170.09436200918
3.5315,1170.83412395994
3.5316,1171.57439205197
3.5317,1172.31516665483
3.5318,1173.05644813839
3.5319,1173.79823687276
3.532,1174.54053322839
3.5321,1175.28333757598
3.5322,1176.02665028653
3.5323,1176.77047173131
3.5324,1177.51480228192
3.5325,1178.25964231019
3.5326,1179.00499218827
3.5327,1179.7508522886
3.5328,1180.4972229839
3.5329,1181.24410464717
3.533,1181.99149765171
3.5331,1182.7394023711
3.5332,1183.48781917922
3.5333,1184.23674845022
3.5334,1184.98619055857
3.5335,1185.73614587899
3.5336,1186.48661478653
3.5337,1187.23759765649
3.5338,1187.98909486449
3.5339,1188.74110678642
3.534,1189.49363379849
3.5341,1190.24667627716
3.5342,1191.00023459921
3.5343,1191.75430914171
3.5344,1192.50890028201
3.5345,1193.26400839775
3.5346,1194.01963386688
3.5347,1194.77577706762
3.5348,1195.5324383785
3.5349,1196.28961817833
3.535,1197.04731684622
3.5351,1197.80553476158
3.5352,1198.56427230409
3.5353,1199.32352985375
3.5354,1200.08330779084
3.5355,1200.84360649594
3.5356,1201.6044263499
3.5357,1202.36576773391
3.5358,1203.12763102943
3.5359,1203.89001661819
3.536,1204.65292488227
3.5361,1205.41635620399
3.5362,1206.18031096601
3.5363,1206.94478955127
3.5364,1207.70979234298
3.5365,1208.4753197247
3.5366,1209.24137208023
3.5367,1210.00794979372
3.5368,1210.77505324957
3.5369,1211.5426828325
3.537,1212.31083892754
3.5371,1213.07952192
3.5372,1213.84873219549
3.5373,1214.61847013991
3.5374,1215.38873613949
3.5375,1216.15953058072
3.5376,1216.93085385042
3.5377,1217.70270633568
3.5378,1218.47508842393
3.5379,1219.24800050286
3.538,1220.02144296048
3.5381,1220.7954161851
3.5382,1221.56992056532
3.5383,1222.34495649006
3.5384,1223.12052434851
3.5385,1223.8966245302
3.5386,1224.67325742494
3.5387,1225.45042342283
3.5388,1226.22812291429
3.5389,1227.00635629005
3.539,1227.78512394112
3.5391,1228.56442625882
3.5392,1229.34426363479
3.5393,1230.12463646095
3.5394,1230.90554512954
3.5395,1231.6869900331
3.5396,1232.46897156445
3.5397,1233.25149011676
3.5398,1234.03454608347
3.5399,1234.81813985834
3.54,1235.60227183542
3.5401,1236.38694240908
3.5402,1237.172151974
3.5403,1237.95790092514
3.5404,1238.74418965779
3.5405,1239.53101856755
3.5406,1240.31838805029
3.5407,1241.10629850224
3.5408,1241.89475031988
3.5409,1242.68374390006
3.541,1243.47327963987
3.5411,1244.26335793677
3.5412,1245.05397918848
3.5413,1245.84514379305
3.5414,1246.63685214885
3.5415,1247.42910465454
3.5416,1248.22190170908
3.5417,1249.01524371177
3.5418,1249.8091310622
3.5419,1250.60356416026
3.542,1251.39854340618
3.5421,1252.19406920047
3.5422,1252.99014194398
3.5423,1253.78676203783
3.5424,1254.5839298835
3.5425,1255.38164588274
3.5426,1256.17991043764
3.5427,1256.97872395058
3.5428,1257.77808682426
3.5429,1258.57799946171
3.543,1259.37846226624
3.5431,1260.1794756415
3.5432,1260.98103999144
3.5433,1261.78315572032
3.5434,1262.58582323274
3.5435,1263.38904293357
3.5436,1264.19281522803
3.5437,1264.99714052163
3.5438,1265.80201922023
3.5439,1266.60745172996
3.544,1267.41343845729
3.5441,1268.21997980901
3.5442,1269.02707619222
3.5443,1269.83472801432
3.5444,1270.64293568305
3.5445,1271.45169960645
3.5446,1272.26102019289
3.5447,1273.07089785104
3.5448,1273.8813329899
3.5449,1274.69232601879
3.545,1275.50387734734
3.5451,1276.3159873855
3.5452,1277.12865654353
3.5453,1277.94188523203
3.5454,1278.75567386189
3.5455,1279.57002284435
3.5456,1280.38493259095
3.5457,1281.20040351354
3.5458,1282.01643602432
3.5459,1282.83303053578
3.546,1283.65018746075
3.5461,1284.46790721237
3.5462,1285.2861902041
3.5463,1286.10503684974
3.5464,1286.92444756339
3.5465,1287.74442275947
3.5466,1288.56496285275
3.5467,1289.38606825828
3.5468,1290.20773939147
3.5469,1291.02997666803
3.547,1291.85278050401
3.5471,1292.67615131576
3.5472,1293.50008951998
3.5473,1294.32459553368
3.5474,1295.14966977418
3.5475,1295.97531265915
3.5476,1296.80152460657
3.5477,1297.62830603476
3.5478,1298.45565736234
3.5479,1299.28357900827
3.548,1300.11207139184
3.5481,1300.94113493266
3.5482,1301.77077005066
3.5483,1302.60097716611
3.5484,1303.43175669959
3.5485,1304.26310907202
3.5486,1305.09503470465
3.5487,1305.92753401904
3.5488,1306.7606074371
3.5489,1307.59425538104
3.549,1308.42847827343
3.5491,1309.26327653715
3.5492,1310.0986505954
3.5493,1310.93460087173
3.5494,1311.77112779002
3.5495,1312.60823177445
3.5496,1313.44591324956
3.5497,1314.28417264021
3.5498,1315.12301037159
3.5499,1315.96242686922
3.55,1316.80242255895
3.5501,1317.64299786696
3.5502,1318.48415321977
3.5503,1319.32588904422
3.5504,1320.16820576749
3.5505,1321.01110381709
3.5506,1321.85458362087
3.5507,1322.698645607
3.5508,1323.54329020398
3.5509,1324.38851784067
3.551,1325.23432894623
3.5511,1326.08072395018
3.5512,1326.92770328236
3.5513,1327.77526737294
3.5514,1328.62341665245
3.5515,1329.47215155172
3.5516,1330.32147250195
3.5517,1331.17137993464
3.5518,1332.02187428166
3.5519,1332.8729559752
3.552,1333.72462544778
3.5521,1334.57688313226
3.5522,1335.42972946185
3.5523,1336.28316487008
3.5524,1337.13718979083
3.5525,1337.99180465832
3.5526,1338.84700990708
3.5527,1339.70280597202
3.5528,1340.55919328836
3.5529,1341.41617229167
3.553,1342.27374341785
3.5531,1343.13190710314
3.5532,1343.99066378414
3.5533,1344.85001389777
3.5534,1345.70995788128
3.5535,1346.5704961723
3.5536,1347.43162920876
3.5537,1348.29335742895
3.5538,1349.15568127151
3.5539,1350.01860117539
3.554,1350.88211757992
3.5541,1351.74623092475
3.5542,1352.61094164987
3.5543,1353.47625019562
3.5544,1354.3421570027
3.5545,1355.20866251211
3.5546,1356.07576716525
3.5547,1356.9434714038
3.5548,1357.81177566984
3.5549,1358.68068040577
3.555,1359.55018605433
3.5551,1360.42029305862
3.5552,1361.29100186207
3.5553,1362.16231290847
3.5554,1363.03422664194
3.5555,1363.90674350696
3.5556,1364.77986394835
3.5557,1365.65358841128
3.5558,1366.52791734126
3.5559,1367.40285118415
3.556,1368.27839038617
3.5561,1369.15453539387
3.5562,1370.03128665416
3.5563,1370.90864461429
3.5564,1371.78660972186
3.5565,1372.66518242483
3.5566,1373.54436317149
3.5567,1374.4241524105
3.5568,1375.30455059086
3.5569,1376.18555816192
3.557,1377.06717557337
3.5571,1377.94940327528
3.5572,1378.83224171803
3.5573,1379.7156913524
3.5574,1380.59975262947
3.5575,1381.48442600071
3.5576,1382.36971191793
3.5577,1383.25561083329
3.5578,1384.1421231993
3.5579,1385.02924946883
3.558,1385.9169900951
3.5581,1386.80534553169
3.5582,1387.69431623252
3.5583,1388.58390265188
3.5584,1389.4741052444
3.5585,1390.36492446507
3.5586,1391.25636076925
3.5587,1392.14841461263
3.5588,1393.04108645126
3.5589,1393.93437674157
3.559,1394.82828594032
3.5591,1395.72281450465
3.5592,1396.61796289202
3.5593,1397.51373156028
3.5594,1398.41012096763
3.5595,1399.30713157263
3.5596,1400.20476383417
3.5597,1401.10301821155
3.5598,1402.00189516438
3.5599,1402.90139515265
3.56,1403.80151863672
3.5601,1404.70226607728
3.5602,1405.60363793541
3.5603,1406.50563467253
3.5604,1407.40825675043
3.5605,1408.31150463126
3.5606,1409.21537877752
3.5607,1410.11987965208
3.5608,1411.02500771817
3.5609,1411.9307634394
3.561,1412.8371472797
3.5611,1413.74415970341
3.5612,1414.65180117519
3.5613,1415.5600721601
3.5614,1416.46897312353
3.5615,1417.37850453127
3.5616,1418.28866684943
3.5617,1419.19946054452
3.5618,1420.11088608341
3.5619,1421.02294393331
3.562,1421.93563456182
3.5621,1422.8489584369
3.5622,1423.76291602687
3.5623,1424.67750780043
3.5624,1425.59273422661
3.5625,1426.50859577485
3.5626,1427.42509291494
3.5627,1428.34222611703
3.5628,1429.25999585164
3.5629,1430.17840258967
3.563,1431.09744680237
3.5631,1432.01712896137
3.5632,1432.93744953867
3.5633,1433.85840900664
3.5634,1434.780007838
3.5635,1435.70224650586
3.5636,1436.62512548369
3.5637,1437.54864524534
3.5638,1438.47280626503
3.5639,1439.39760901733
3.564,1440.32305397721
3.5641,1441.24914161998
3.5642,1442.17587242136
3.5643,1443.10324685742
3.5644,1444.03126540458
3.5645,1444.95992853968
3.5646,1445.88923673991
3.5647,1446.81919048281
3.5648,1447.74979024634
3.5649,1448.6810365088
3.565,1449.61292974887
3.5651,1450.54547044561
3.5652,1451.47865907846
3.5653,1452.41249612723
3.5654,1453.34698207209
3.5655,1454.28211739361
3.5656,1455.21790257272
3.5657,1456.15433809074
3.5658,1457.09142442935
3.5659,1458.02916207061
3.566,1458.96755149698
3.5661,1459.90659319127
3.5662,1460.84628763667
3.5663,1461.78663531677
3.5664,1462.72763671552
3.5665,1463.66929231725
3.5666,1464.61160260667
3.5667,1465.55456806888
3.5668,1466.49818918935
3.5669,1467.44246645393
3.567,1468.38740034885
3.5671,1469.33299136072
3.5672,1470.27923997654
3.5673,1471.22614668368
3.5674,1472.1737119699
3.5675,1473.12193632334
3.5676,1474.07082023251
3.5677,1475.02036418632
3.5678,1475.97056867406
3.5679,1476.92143418539
3.568,1477.87296121037
3.5681,1478.82515023944
3.5682,1479.77800176341
3.5683,1480.73151627349
3.5684,1481.68569426127
3.5685,1482.64053621872
3.5686,1483.59604263821
3.5687,1484.55221401248
3.5688,1485.50905083466
3.5689,1486.46655359826
3.569,1487.42472279721
3.5691,1488.38355892578
3.5692,1489.34306247866
3.5693,1490.3032339509
3.5694,1491.26407383798
3.5695,1492.22558263572
3.5696,1493.18776084037
3.5697,1494.15060894854
3.5698,1495.11412745723
3.5699,1496.07831686386
3.57,1497.04317766621
3.5701,1498.00871036245
3.5702,1498.97491545116
3.5703,1499.9417934313
3.5704,1500.90934480221
3.5705,1501.87757006365
3.5706,1502.84646971575
3.5707,1503.81604425902
3.5708,1504.7862941944
3.5709,1505.75722002319
3.571,1506.7288222471
3.5711,1507.70110136823
3.5712,1508.67405788907
3.5713,1509.6476923125
3.5714,1510.62200514181
3.5715,1511.59699688067
3.5716,1512.57266803315
3.5717,1513.54901910371
3.5718,1514.52605059722
3.5719,1515.50376301894
3.572,1516.48215687451
3.5721,1517.46123266999
3.5722,1518.44099091183
3.5723,1519.42143210686
3.5724,1520.40255676234
3.5725,1521.38436538589
3.5726,1522.36685848556
3.5727,1523.35003656979
3.5728,1524.33390014741
3.5729,1525.31844972765
3.573,1526.30368582015
3.5731,1527.28960893495
3.5732,1528.27621958247
3.5733,1529.26351827356
3.5734,1530.25150551945
3.5735,1531.24018183178
3.5736,1532.22954772258
3.5737,1533.2196037043
3.5738,1534.21035028978
3.5739,1535.20178799226
3.574,1536.1939173254
3.5741,1537.18673880324
3.5742,1538.18025294024
3.5743,1539.17446025126
3.5744,1540.16936125157
3.5745,1541.16495645682
3.5746,1542.1612463831
3.5747,1543.15823154688
3.5748,1544.15591246504
3.5749,1545.15428965487
3.575,1546.15336363408
3.5751,1547.15313492076
3.5752,1548.15360403341
3.5753,1549.15477149097
3.5754,1550.15663781274
3.5755,1551.15920351847
3.5756,1552.16246912829
3.5757,1553.16643516275
3.5758,1554.1711021428
3.5759,1555.17647058982
3.576,1556.18254102558
3.5761,1557.18931397227
3.5762,1558.19678995248
3.5763,1559.20496948923
3.5764,1560.21385310592
3.5765,1561.22344132638
3.5766,1562.23373467487
3.5767,1563.24473367602
3.5768,1564.25643885492
3.5769,1565.26885073702
3.577,1566.28196984823
3.5771,1567.29579671485
3.5772,1568.31033186359
3.5773,1569.32557582159
3.5774,1570.3415291164
3.5775,1571.35819227596
3.5776,1572.37556582867
3.5777,1573.39365030331
3.5778,1574.41244622908
3.5779,1575.43195413562
3.578,1576.45217455295
3.5781,1577.47310801154
3.5782,1578.49475504225
3.5783,1579.51711617638
3.5784,1580.54019194564
3.5785,1581.56398288215
3.5786,1582.58848951846
3.5787,1583.61371238753
3.5788,1584.63965202274
3.5789,1585.6663089579
3.579,1586.69368372722
3.5791,1587.72177686536
3.5792,1588.75058890736
3.5793,1589.78012038872
3.5794,1590.81037184535
3.5795,1591.84134381355
3.5796,1592.8730368301
3.5797,1593.90545143215
3.5798,1594.93858815729
3.5799,1595.97244754356
3.58,1597.00703012937
3.5801,1598.04233645361
3.5802,1599.07836705555
3.5803,1600.1151224749
3.5804,1601.15260325181
3.5805,1602.19080992683
3.5806,1603.22974304095
3.5807,1604.26940313559
3.5808,1605.30979075257
3.5809,1606.35090643417
3.581,1607.39275072308
3.5811,1608.43532416242
3.5812,1609.47862729573
3.5813,1610.52266066699
3.5814,1611.5674248206
3.5815,1612.61292030139
3.5816,1613.65914765462
3.5817,1614.70610742599
3.5818,1615.75380016161
3.5819,1616.80222640803
3.582,1617.85138671223
3.5821,1618.90128162162
3.5822,1619.95191168404
3.5823,1621.00327744777
3.5824,1622.0553794615
3.5825,1623.10821827439
3.5826,1624.16179443599
3.5827,1625.2161084963
3.5828,1626.27116100577
3.5829,1627.32695251526
3.583,1628.38348357608
3.5831,1629.44075473996
3.5832,1630.49876655907
3.5833,1631.55751958603
3.5834,1632.61701437386
3.5835,1633.67725147606
3.5836,1634.73823144653
3.5837,1635.79995483962
3.5838,1636.86242221013
3.5839,1637.92563411327
3.584,1638.98959110472
3.5841,1640.05429374056
3.5842,1641.11974257734
3.5843,1642.18593817203
3.5844,1643.25288108205
3.5845,1644.32057186526
3.5846,1645.38901107995
3.5847,1646.45819928485
3.5848,1647.52813703914
3.5849,1648.59882490243
3.585,1649.67026343479
3.5851,1650.74245319671
3.5852,1651.81539474913
3.5853,1652.88908865344
3.5854,1653.96353547146
3.5855,1655.03873576546
3.5856,1656.11469009815
3.5857,1657.19139903269
3.5858,1658.26886313267
3.5859,1659.34708296215
3.586,1660.42605908561
3.5861,1661.50579206799
3.5862,1662.58628247466
3.5863,1663.66753087145
3.5864,1664.74953782463
3.5865,1665.83230390093
3.5866,1666.9158296675
3.5867,1668.00011569196
3.5868,1669.08516254238
3.5869,1670.17097078726
3.587,1671.25754099556
3.5871,1672.34487373668
3.5872,1673.43296958049
3.5873,1674.52182909728
3.5874,1675.61145285781
3.5875,1676.70184143329
3.5876,1677.79299539538
3.5877,1678.88491531619
3.5878,1679.97760176826
3.5879,1681.07105532462
3.588,1682.16527655872
3.5881,1683.26026604449
3.5882,1684.35602435629
3.5883,1685.45255206895
3.5884,1686.54984975774
3.5885,1687.64791799839
3.5886,1688.74675736709
3.5887,1689.84636844047
3.5888,1690.94675179564
3.5889,1692.04790801013
3.589,1693.14983766197
3.5891,1694.25254132961
3.5892,1695.35601959197
3.5893,1696.46027302843
3.5894,1697.56530221882
3.5895,1698.67110774344
3.5896,1699.77769018303
3.5897,1700.88505011881
3.5898,1701.99318813245
3.5899,1703.10210480607
3.59,1704.21180072226
3.5901,1705.32227646406
3.5902,1706.433532615
3.5903,1707.54556975903
3.5904,1708.65838848058
3.5905,1709.77198936456
3.5906,1710.88637299631
3.5907,1712.00153996165
3.5908,1713.11749084686
3.5909,1714.23422623868
3.591,1715.35174672432
3.5911,1716.47005289146
3.5912,1717.58914532822
3.5913,1718.70902462321
3.5914,1719.82969136549
3.5915,1720.95114614459
3.5916,1722.07338955052
3.5917,1723.19642217372
3.5918,1724.32024460514
3.5919,1725.44485743616
3.592,1726.57026125866
3.5921,1727.69645666496
3.5922,1728.82344424787
3.5923,1729.95122460065
3.5924,1731.07979831705
3.5925,1732.20916599127
3.5926,1733.33932821798
3.5927,1734.47028559234
3.5928,1735.60203870996
3.5929,1736.73458816694
3.593,1737.86793455983
3.5931,1739.00207848566
3.5932,1740.13702054195
3.5933,1741.27276132667
3.5934,1742.40930143826
3.5935,1743.54664147565
3.5936,1744.68478203824
3.5937,1745.8237237259
3.5938,1746.96346713897
3.5939,1748.10401287828
3.594,1749.24536154512
3.5941,1750.38751374127
3.5942,1751.53047006897
3.5943,1752.67423113094
3.5944,1753.81879753039
3.5945,1754.96416987099
3.5946,1756.11034875691
3.5947,1757.25733479277
3.5948,1758.40512858369
3.5949,1759.55373073526
3.595,1760.70314185355
3.5951,1761.85336254511
3.5952,1763.00439341698
3.5953,1764.15623507666
3.5954,1765.30888813214
3.5955,1766.4623531919
3.5956,1767.61663086489
3.5957,1768.77172176056
3.5958,1769.92762648881
3.5959,1771.08434566006
3.596,1772.24187988518
3.5961,1773.40022977555
3.5962,1774.55939594302
3.5963,1775.71937899992
3.5964,1776.88017955909
3.5965,1778.04179823382
3.5966,1779.20423563792
3.5967,1780.36749238565
3.5968,1781.5315690918
3.5969,1782.6964663716
3.597,1783.86218484081
3.5971,1785.02872511564
3.5972,1786.19608781282
3.5973,1787.36427354955
3.5974,1788.53328294352
3.5975,1789.70311661291
3.5976,1790.8737751764
3.5977,1792.04525925316
3.5978,1793.21756946283
3.5979,1794.39070642556
3.598,1795.56467076198
3.5981,1796.73946309322
3.5982,1797.9150840409
3.5983,1799.09153422714
3.5984,1800.26881427453
3.5985,1801.44692480618
3.5986,1802.62586644568
3.5987,1803.80563981711
3.5988,1804.98624554506
3.5989,1806.1676842546
3.599,1807.34995657131
3.5991,1808.53306312125
3.5992,1809.71700453099
3.5993,1810.90178142758
3.5994,1812.08739443859
3.5995,1813.27384419206
3.5996,1814.46113131656
3.5997,1815.64925644113
3.5998,1816.83822019533
3.5999,1818.0280232092
3.6,1819.21866611329
3.6001,1820.41014953865
3.6002,1821.60247411683
3.6003,1822.79564047989
3.6004,1823.98964926036
3.6005,1825.18450109131
3.6006,1826.3801966063
3.6007,1827.57673643937
3.6008,1828.77412122509
3.6009,1829.97235159853
3.601,1831.17142819524
3.6011,1832.37135165131
3.6012,1833.57212260331
3.6013,1834.77374168833
3.6014,1835.97620954394
3.6015,1837.17952680824
3.6016,1838.38369411984
3.6017,1839.58871211783
3.6018,1840.79458144184
3.6019,1842.00130273197
3.602,1843.20887662887
3.6021,1844.41730377366
3.6022,1845.626584808
3.6023,1846.83672037403
3.6024,1848.04771111443
3.6025,1849.25955767236
3.6026,1850.47226069152
3.6027,1851.68582081609
3.6028,1852.90023869079
3.6029,1854.11551496084
3.603,1855.33165027197
3.6031,1856.54864527042
3.6032,1857.76650060295
3.6033,1858.98521691683
3.6034,1860.20479485984
3.6035,1861.42523508029
3.6036,1862.64653822698
3.6037,1863.86870494926
3.6038,1865.09173589696
3.6039,1866.31563172044
3.604,1867.54039307058
3.6041,1868.76602059878
3.6042,1869.99251495695
3.6043,1871.21987679751
3.6044,1872.44810677342
3.6045,1873.67720553814
3.6046,1874.90717374565
3.6047,1876.13801205047
3.6048,1877.36972110761
3.6049,1878.60230157262
3.605,1879.83575410157
3.6051,1881.07007935105
3.6052,1882.30527797816
3.6053,1883.54135064053
3.6054,1884.77829799633
3.6055,1886.01612070422
3.6056,1887.25481942341
3.6057,1888.49439481362
3.6058,1889.7348475351
3.6059,1890.97617824862
3.606,1892.21838761548
3.6061,1893.4614762975
3.6062,1894.70544495704
3.6063,1895.95029425697
3.6064,1897.19602486069
3.6065,1898.44263743213
3.6066,1899.69013263576
3.6067,1900.93851113656
3.6068,1902.18777360004
3.6069,1903.43792069226
3.607,1904.68895307978
3.6071,1905.9408714297
3.6072,1907.19367640968
3.6073,1908.44736868786
3.6074,1909.70194893294
3.6075,1910.95741781416
3.6076,1912.21377600128
3.6077,1913.47102416458
3.6078,1914.7291629749
3.6079,1915.9881931036
3.608,1917.24811522257
3.6081,1918.50893000424
3.6082,1919.77063812157
3.6083,1921.03324024806
3.6084,1922.29673705775
3.6085,1923.5611292252
3.6086,1924.82641742553
3.6087,1926.09260233438
3.6088,1927.35968462793
3.6089,1928.62766498291
3.609,1929.89654407657
3.6091,1931.1663225867
3.6092,1932.43700119166
3.6093,1933.70858057031
3.6094,1934.98106140207
3.6095,1936.2544443669
3.6096,1937.5287301453
3.6097,1938.80391941831
3.6098,1940.08001286751
3.6099,1941.35701117503
3.61,1942.63491502354
3.6101,1943.91372509624
3.6102,1945.19344207691
3.6103,1946.47406664982
3.6104,1947.75559949984
3.6105,1949.03804131235
3.6106,1950.32139277328
3.6107,1951.60565456912
3.6108,1952.8908273869
3.6109,1954.17691191419
3.611,1955.46390883911
3.6111,1956.75181885035
3.6112,1958.04064263711
3.6113,1959.33038088917
3.6114,1960.62103429684
3.6115,1961.91260355099
3.6116,1963.20508934305
3.6117,1964.49849236497
3.6118,1965.79281330929
3.6119,1967.08805286906
3.612,1968.38421173792
3.6121,1969.68129061005
3.6122,1970.97929018016
3.6123,1972.27821114355
3.6124,1973.57805419606
3.6125,1974.87882003406
3.6126,1976.18050935452
3.6127,1977.48312285493
3.6128,1978.78666123335
3.6129,1980.0911251884
3.613,1981.39651541923
3.6131,1982.7028326256
3.6132,1984.01007750776
3.6133,1985.31825076659
3.6134,1986.62735310346
3.6135,1987.93738522036
3.6136,1989.24834781979
3.6137,1990.56024160484
3.6138,1991.87306727914
3.6139,1993.18682554692
3.614,1994.50151711291
3.6141,1995.81714268247
3.6142,1997.13370296146
3.6143,1998.45119865634
3.6144,1999.76963047413
3.6145,2001.08899912241
3.6146,2002.40930530932
3.6147,2003.73054974356
3.6148,2005.0527331344
3.6149,2006.37585619169
3.615,2007.69991962583
3.6151,2009.0249241478
3.6152,2010.35087046912
3.6153,2011.6777593019
3.6154,2013.00559135882
3.6155,2014.33436735312
3.6156,2015.66408799862
3.6157,2016.99475400968
3.6158,2018.32636610126
3.6159,2019.65892498889
3.616,2020.99243138865
3.6161,2022.32688601722
3.6162,2023.66228959181
3.6163,2024.99864283024
3.6164,2026.3359464509
3.6165,2027.67420117273
3.6166,2029.01340771526
3.6167,2030.35356679859
3.6168,2031.6946791434
3.6169,2033.03674547094
3.617,2034.37976650304
3.6171,2035.7237429621
3.6172,2037.06867557111
3.6173,2038.41456505361
3.6174,2039.76141213374
3.6175,2041.10921753622
3.6176,2042.45798198633
3.6177,2043.80770620996
3.6178,2045.15839093354
3.6179,2046.51003688411
3.618,2047.86264478927
3.6181,2049.21621537723
3.6182,2050.57074937675
3.6183,2051.92624751719
3.6184,2053.28271052849
3.6185,2054.64013914116
3.6186,2055.99853408632
3.6187,2057.35789609564
3.6188,2058.71822590141
3.6189,2060.07952423647
3.619,2061.44179183428
3.6191,2062.80502942886
3.6192,2064.16923775482
3.6193,2065.53441754737
3.6194,2066.9005695423
3.6195,2068.26769447598
3.6196,2069.63579308538
3.6197,2071.00486610806
3.6198,2072.37491428215
3.6199,2073.74593834639
3.62,2075.11793904011
3.6201,2076.49091710322
3.6202,2077.86487327623
3.6203,2079.23980830023
3.6204,2080.61572291692
3.6205,2081.99261786857
3.6206,2083.37049389807
3.6207,2084.74935174888
3.6208,2086.12919216507
3.6209,2087.51001589129
3.621,2088.89182367281
3.6211,2090.27461625548
3.6212,2091.65839438573
3.6213,2093.04315881061
3.6214,2094.42891027777
3.6215,2095.81564953544
3.6216,2097.20337733246
3.6217,2098.59209441827
3.6218,2099.98180154289
3.6219,2101.37249945697
3.622,2102.76418891174
3.6221,2104.15687065903
3.6222,2105.55054545129
3.6223,2106.94521404155
3.6224,2108.34087718345
3.6225,2109.73753563123
3.6226,2111.13519013976
3.6227,2112.53384146447
3.6228,2113.93349036142
3.6229,2115.33413758727
3.623,2116.7357838993
3.6231,2118.13843005536
3.6232,2119.54207681394
3.6233,2120.94672493413
3.6234,2122.35237517561
3.6235,2123.75902829869
3.6236,2125.16668506427
3.6237,2126.57534623387
3.6238,2127.98501256963
3.6239,2129.39568483427
3.624,2130.80736379114
3.6241,2132.22005020421
3.6242,2133.63374483803
3.6243,2135.04844845781
3.6244,2136.46416182932
3.6245,2137.88088571898
3.6246,2139.29862089381
3.6247,2140.71736812144
3.6248,2142.13712817012
3.6249,2143.55790180872
3.625,2144.97968980672
3.6251,2146.40249293421
3.6252,2147.82631196192
3.6253,2149.25114766115
3.6254,2150.67700080388
3.6255,2152.10387216266
3.6256,2153.53176251067
3.6257,2154.96067262173
3.6258,2156.39060327025
3.6259,2157.82155523128
3.626,2159.25352928049
3.6261,2160.68652619415
3.6262,2162.12054674919
3.6263,2163.55559172312
3.6264,2164.99166189411
3.6265,2166.42875804092
3.6266,2167.86688094296
3.6267,2169.30603138026
3.6268,2170.74621013346
3.6269,2172.18741798384
3.627,2173.6296557133
3.6271,2175.07292410438
3.6272,2176.51722394022
3.6273,2177.9625560046
3.6274,2179.40892108195
3.6275,2180.85631995729
3.6276,2182.3047534163
3.6277,2183.75422224527
3.6278,2185.20472723114
3.6279,2186.65626916147
3.628,2188.10884882444
3.6281,2189.56246700887
3.6282,2191.01712450423
3.6283,2192.4728221006
3.6284,2193.9295605887
3.6285,2195.38734075988
3.6286,2196.84616340614
3.6287,2198.3060293201
3.6288,2199.76693929503
3.6289,2201.22889412481
3.629,2202.69189460398
3.6291,2204.15594152772
3.6292,2205.62103569182
3.6293,2207.08717789274
3.6294,2208.55436892756
3.6295,2210.02260959401
3.6296,2211.49190069045
3.6297,2212.96224301588
3.6298,2214.43363736995
3.6299,2215.90608455294
3.63,2217.37958536579
3.6301,2218.85414061007
3.6302,2220.32975108798
3.6303,2221.8064176024
3.6304,2223.28414095681
3.6305,2224.76292195538
3.6306,2226.24276140288
3.6307,2227.72366010477
3.6308,2229.20561886711
3.6309,2230.68863849665
3.631,2232.17271980077
3.6311,2233.65786358748
3.6312,2235.14407066546
3.6313,2236.63134184405
3.6314,2238.11967793321
3.6315,2239.60907974357
3.6316,2241.09954808639
3.6317,2242.59108377362
3.6318,2244.08368761782
3.6319,2245.57736043222
3.632,2247.07210303072
3.6321,2248.56791622783
3.6322,2250.06480083877
3.6323,2251.56275767936
3.6324,2253.06178756611
3.6325,2254.56189131618
3.6326,2256.06306974738
3.6327,2257.56532367817
3.6328,2259.06865392768
3.6329,2260.5730613157
3.633,2262.07854666267
3.6331,2263.58511078969
3.6332,2265.09275451852
3.6333,2266.60147867157
3.6334,2268.11128407194
3.6335,2269.62217154337
3.6336,2271.13414191025
3.6337,2272.64719599766
3.6338,2274.16133463132
3.6339,2275.67655863763
3.634,2277.19286884365
3.6341,2278.71026607709
3.6342,2280.22875116634
3.6343,2281.74832494046
3.6344,2283.26898822916
3.6345,2284.79074186283
3.6346,2286.31358667251
3.6347,2287.83752348994
3.6348,2289.36255314749
3.6349,2290.88867647823
3.635,2292.41589431589
3.6351,2293.94420749485
3.6352,2295.4736168502
3.6353,2297.00412321766
3.6354,2298.53572743366
3.6355,2300.06843033527
3.6356,2301.60223276025
3.6357,2303.13713554703
3.6358,2304.67313953472
3.6359,2306.21024556309
3.636,2307.7484544726
3.6361,2309.28776710438
3.6362,2310.82818430023
3.6363,2312.36970690264
3.6364,2313.91233575478
3.6365,2315.45607170047
3.6366,2317.00091558423
3.6367,2318.54686825127
3.6368,2320.09393054746
3.6369,2321.64210331936
3.637,2323.1913874142
3.6371,2324.74178367991
3.6372,2326.29329296509
3.6373,2327.84591611902
3.6374,2329.39965399166
3.6375,2330.95450743368
3.6376,2332.51047729641
3.6377,2334.06756443186
3.6378,2335.62576969275
3.6379,2337.18509393247
3.638,2338.74553800509
3.6381,2340.30710276539
3.6382,2341.86978906882
3.6383,2343.43359777151
3.6384,2344.99852973031
3.6385,2346.56458580274
3.6386,2348.131766847
3.6387,2349.70007372201
3.6388,2351.26950728734
3.6389,2352.8400684033
3.639,2354.41175793086
3.6391,2355.98457673168
3.6392,2357.55852566815
3.6393,2359.1336056033
3.6394,2360.70981740091
3.6395,2362.28716192542
3.6396,2363.86564004198
3.6397,2365.44525261643
3.6398,2367.0260005153
3.6399,2368.60788460584
3.64,2370.19090575599
3.6401,2371.77506483437
3.6402,2373.36036271033
3.6403,2374.9468002539
3.6404,2376.53437833581
3.6405,2378.1230978275
3.6406,2379.71295960112
3.6407,2381.30396452949
3.6408,2382.89611348618
3.6409,2384.48940734542
3.641,2386.08384698217
3.6411,2387.67943327209
3.6412,2389.27616709154
3.6413,2390.87404931758
3.6414,2392.473080828
3.6415,2394.07326250128
3.6416,2395.67459521661
3.6417,2397.27707985388
3.6418,2398.88071729372
3.6419,2400.48550841743
3.642,2402.09145410705
3.6421,2403.69855524532
3.6422,2405.30681271568
3.6423,2406.9162274023
3.6424,2408.52680019006
3.6425,2410.13853196454
3.6426,2411.75142361205
3.6427,2413.36547601961
3.6428,2414.98069007495
3.6429,2416.59706666652
3.643,2418.21460668348
3.6431,2419.83331101571
3.6432,2421.45318055382
3.6433,2423.07421618913
3.6434,2424.69641881365
3.6435,2426.31978932017
3.6436,2427.94432860214
3.6437,2429.57003755377
3.6438,2431.19691706997
3.6439,2432.82496804638
3.644,2434.45419137936
3.6441,2436.08458796601
3.6442,2437.71615870411
3.6443,2439.34890449222
3.6444,2440.98282622958
3.6445,2442.61792481618
3.6446,2444.25420115272
3.6447,2445.89165614064
3.6448,2447.53029068211
3.6449,2449.17010568002
3.645,2450.81110203798
3.6451,2452.45328066034
3.6452,2454.09664245218
3.6453,2455.74118831931
3.6454,2457.38691916826
3.6455,2459.03383590632
3.6456,2460.68193944147
3.6457,2462.33123068247
3.6458,2463.98171053877
3.6459,2465.63337992058
3.646,2467.28623973884
3.6461,2468.94029090523
3.6462,2470.59553433214
3.6463,2472.25197093274
3.6464,2473.90960162089
3.6465,2475.56842731123
3.6466,2477.22844891912
3.6467,2478.88966736064
3.6468,2480.55208355265
3.6469,2482.21569841271
3.647,2483.88051285915
3.6471,2485.54652781103
3.6472,2487.21374418816
3.6473,2488.88216291107
3.6474,2490.55178490106
3.6475,2492.22261108016
3.6476,2493.89464237116
3.6477,2495.56787969757
3.6478,2497.24232398366
3.6479,2498.91797615446
3.648,2500.59483713572
3.6481,2502.27290785396
3.6482,2503.95218923643
3.6483,2505.63268221115
3.6484,2507.31438770688
3.6485,2508.99730665312
3.6486,2510.68143998014
3.6487,2512.36678861894
3.6488,2514.05335350129
3.6489,2515.74113555972
3.649,2517.43013572748
3.6491,2519.12035493861
3.6492,2520.81179412789
3.6493,2522.50445423085
3.6494,2524.19833618378
3.6495,2525.89344092373
3.6496,2527.58976938851
3.6497,2529.28732251668
3.6498,2530.98610124757
3.6499,2532.68610652126
3.65,2534.38733927858
3.6501,2536.08980046114
3.6502,2537.79349101131
3.6503,2539.49841187221
3.6504,2541.20456398773
3.6505,2542.91194830253
3.6506,2544.62056576201
3.6507,2546.33041731236
3.6508,2548.04150390052
3.6509,2549.75382647421
3.651,2551.46738598189
3.6511,2553.18218337283
3.6512,2554.89821959703
3.6513,2556.61549560526
3.6514,2558.33401234909
3.6515,2560.05377078083
3.6516,2561.77477185357
3.6517,2563.49701652117
3.6518,2565.22050573826
3.6519,2566.94524046025
3.652,2568.67122164332
3.6521,2570.39845024442
3.6522,2572.12692722128
3.6523,2573.85665353239
3.6524,2575.58763013703
3.6525,2577.31985799526
3.6526,2579.0533380679
3.6527,2580.78807131657
3.6528,2582.52405870365
3.6529,2584.2613011923
3.653,2585.99979974647
3.6531,2587.73955533088
3.6532,2589.48056891104
3.6533,2591.22284145323
3.6534,2592.96637392452
3.6535,2594.71116729277
3.6536,2596.45722252661
3.6537,2598.20454059546
3.6538,2599.95312246952
3.6539,2601.70296911978
3.654,2603.45408151802
3.6541,2605.20646063681
3.6542,2606.96010744949
3.6543,2608.7150229302
3.6544,2610.47120805388
3.6545,2612.22866379623
3.6546,2613.98739113376
3.6547,2615.74739104378
3.6548,2617.50866450437
3.6549,2619.27121249442
3.655,2621.03503599359
3.6551,2622.80013598237
3.6552,2624.56651344201
3.6553,2626.33416935456
3.6554,2628.10310470289
3.6555,2629.87332047064
3.6556,2631.64481764225
3.6557,2633.41759720298
3.6558,2635.19166013886
3.6559,2636.96700743674
3.656,2638.74364008426
3.6561,2640.52155906985
3.6562,2642.30076538277
3.6563,2644.08126001305
3.6564,2645.86304395154
3.6565,2647.64611818989
3.6566,2649.43048372056
3.6567,2651.2161415368
3.6568,2653.00309263267
3.6569,2654.79133800304
3.657,2656.58087864359
3.6571,2658.3717155508
3.6572,2660.16384972197
3.6573,2661.95728215518
3.6574,2663.75201384934
3.6575,2665.54804580419
3.6576,2667.34537902023
3.6577,2669.14401449881
3.6578,2670.94395324209
3.6579,2672.74519625302
3.658,2674.54774453539
3.6581,2676.35159909379
3.6582,2678.15676093362
3.6583,2679.9632310611
3.6584,2681.77101048327
3.6585,2683.58010020799
3.6586,2685.39050124392
3.6587,2687.20221460057
3.6588,2689.01524128823
3.6589,2690.82958231804
3.659,2692.64523870194
3.6591,2694.46221145271
3.6592,2696.28050158393
3.6593,2698.10011011003
3.6594,2699.92103804623
3.6595,2701.7432864086
3.6596,2703.56685621403
3.6597,2705.39174848022
3.6598,2707.21796422572
3.6599,2709.04550446987
3.66,2710.87437023288
3.6601,2712.70456253576
3.6602,2714.53608240037
3.6603,2716.36893084936
3.6604,2718.20310890626
3.6605,2720.0386175954
3.6606,2721.87545794195
3.6607,2723.7136309719
3.6608,2725.5531377121
3.6609,2727.39397919021
3.661,2729.23615643473
3.6611,2731.07967047499
3.6612,2732.92452234118
3.6613,2734.7707130643
3.6614,2736.61824367619
3.6615,2738.46711520955
3.6616,2740.31732869789
3.6617,2742.16888517558
3.6618,2744.02178567781
3.6619,2745.87603124063
3.662,2747.73162290093
3.6621,2749.58856169643
3.6622,2751.44684866571
3.6623,2753.30648484816
3.6624,2755.16747128406
3.6625,2757.02980901451
3.6626,2758.89349908144
3.6627,2760.75854252767
3.6628,2762.62494039682
3.6629,2764.49269373339
3.663,2766.36180358272
3.6631,2768.232270991
3.6632,2770.10409700526
3.6633,2771.97728267339
3.6634,2773.85182904413
3.6635,2775.72773716709
3.6636,2777.60500809269
3.6637,2779.48364287224
3.6638,2781.3636425579
3.6639,2783.24500820267
3.664,2785.12774086042
3.6641,2787.01184158586
3.6642,2788.89731143459
3.6643,2790.78415146303
3.6644,2792.67236272848
3.6645,2794.5619462891
3.6646,2796.45290320391
3.6647,2798.34523453277
3.6648,2800.23894133643
3.6649,2802.13402467648
3.665,2804.0304856154
3.6651,2805.92832521651
3.6652,2807.827544544
3.6653,2809.72814466294
3.6654,2811.63012663924
3.6655,2813.5334915397
3.6656,2815.43824043197
3.6657,2817.34437438459
3.6658,2819.25189446695
3.6659,2821.16080174931
3.666,2823.07109730282
3.6661,2824.98278219948
3.6662,2826.89585751218
3.6663,2828.81032431465
3.6664,2830.72618368154
3.6665,2832.64343668834
3.6666,2834.56208441144
3.6667,2836.48212792807
3.6668,2838.40356831637
3.6669,2840.32640665535
3.667,2842.25064402489
3.6671,2844.17628150575
3.6672,2846.10332017957
3.6673,2848.03176112888
3.6674,2849.96160543708
3.6675,2851.89285418846
3.6676,2853.82550846817
3.6677,2855.75956936229
3.6678,2857.69503795773
3.6679,2859.63191534232
3.668,2861.57020260477
3.6681,2863.50990083467
3.6682,2865.45101112249
3.6683,2867.39353455961
3.6684,2869.33747223827
3.6685,2871.28282525163
3.6686,2873.22959469372
3.6687,2875.17778165946
3.6688,2877.12738724467
3.6689,2879.07841254607
3.669,2881.03085866125
3.6691,2882.98472668871
3.6692,2884.94001772785
3.6693,2886.89673287894
3.6694,2888.85487324318
3.6695,2890.81443992264
3.6696,2892.77543402031
3.6697,2894.73785664005
3.6698,2896.70170888664
3.6699,2898.66699186577
3.67,2900.633706684
3.6701,2902.60185444881
3.6702,2904.57143626859
3.6703,2906.54245325261
3.6704,2908.51490651107
3.6705,2910.48879715506
3.6706,2912.46412629657
3.6707,2914.4408950485
3.6708,2916.41910452468
3.6709,2918.39875583981
3.671,2920.37985010952
3.6711,2922.36238845035
3.6712,2924.34637197975
3.6713,2926.33180181607
3.6714,2928.31867907858
3.6715,2930.30700488747
3.6716,2932.29678036382
3.6717,2934.28800662964
3.6718,2936.28068480786
3.6719,2938.27481602232
3.672,2940.27040139776
3.6721,2942.26744205987
3.6722,2944.26593913523
3.6723,2946.26589375135
3.6724,2948.26730703666
3.6725,2950.2701801205
3.6726,2952.27451413315
3.6727,2954.28031020579
3.6728,2956.28756947054
3.6729,2958.29629306043
3.673,2960.30648210943
3.6731,2962.31813775242
3.6732,2964.33126112521
3.6733,2966.34585336455
3.6734,2968.36191560809
3.6735,2970.37944899443
3.6736,2972.39845466309
3.6737,2974.41893375453
3.6738,2976.44088741013
3.6739,2978.46431677219
3.674,2980.48922298397
3.6741,2982.51560718965
3.6742,2984.54347053433
3.6743,2986.57281416407
3.6744,2988.60363922584
3.6745,2990.63594686757
3.6746,2992.66973823811
3.6747,2994.70501448725
3.6748,2996.74177676573
3.6749,2998.78002622521
3.675,3000.8197640183
3.6751,3002.86099129856
3.6752,3004.90370922048
3.6753,3006.9479189395
3.6754,3008.99362161199
3.6755,3011.04081839527
3.6756,3013.08951044762
3.6757,3015.13969892825
3.6758,3017.19138499732
3.6759,3019.24456981593
3.676,3021.29925454615
3.6761,3023.35544035098
3.6762,3025.41312839436
3.6763,3027.47231984121
3.6764,3029.53301585739
3.6765,3031.59521760969
3.6766,3033.65892626589
3.6767,3035.7241429947
3.6768,3037.79086896579
3.6769,3039.85910534978
3.677,3041.92885331826
3.6771,3044.00011404377
3.6772,3046.07288869979
3.6773,3048.1471784608
3.6774,3050.2229845022
3.6775,3052.30030800036
3.6776,3054.37915013263
3.6777,3056.45951207731
3.6778,3058.54139501365
3.6779,3060.62480012188
3.678,3062.7097285832
3.6781,3064.79618157974
3.6782,3066.88416029465
3.6783,3068.973665912
3.6784,3071.06469961686
3.6785,3073.15726259524
3.6786,3075.25135603414
3.6787,3077.34698112152
3.6788,3079.44413904633
3.6789,3081.54283099846
3.679,3083.64305816881
3.6791,3085.74482174922
3.6792,3087.84812293251
3.6793,3089.9529629125
3.6794,3092.05934288397
3.6795,3094.16726404267
3.6796,3096.27672758533
3.6797,3098.38773470967
3.6798,3100.50028661439
3.6799,3102.61438449914
3.68,3104.7300295646
3.6801,3106.84722301239
3.6802,3108.96596604513
3.6803,3111.08625986643
3.6804,3113.20810568088
3.6805,3115.33150469404
3.6806,3117.45645811248
3.6807,3119.58296714373
3.6808,3121.71103299634
3.6809,3123.84065687983
3.681,3125.97184000471
3.6811,3128.10458358247
3.6812,3130.23888882562
3.6813,3132.37475694765
3.6814,3134.51218916302
3.6815,3136.65118668721
3.6816,3138.7917507367
3.6817,3140.93388252893
3.6818,3143.07758328238
3.6819,3145.2228542165
3.682,3147.36969655174
3.6821,3149.51811150955
3.6822,3151.66810031239
3.6823,3153.81966418372
3.6824,3155.97280434798
3.6825,3158.12752203065
3.6826,3160.28381845816
3.6827,3162.441694858
3.6828,3164.60115245863
3.6829,3166.76219248954
3.683,3168.92481618119
3.6831,3171.08902476508
3.6832,3173.25481947371
3.6833,3175.4222015406
3.6834,3177.59117220024
3.6835,3179.76173268818
3.6836,3181.93388424096
3.6837,3184.10762809613
3.6838,3186.28296549225
3.6839,3188.45989766892
3.684,3190.63842586672
3.6841,3192.81855132726
3.6842,3195.00027529319
3.6843,3197.18359900815
3.6844,3199.3685237168
3.6845,3201.55505066483
3.6846,3203.74318109895
3.6847,3205.9329162669
3.6848,3208.12425741741
3.6849,3210.31720580027
3.685,3212.51176266626
3.6851,3214.70792926723
3.6852,3216.90570685601
3.6853,3219.10509668649
3.6854,3221.30610001356
3.6855,3223.50871809315
3.6856,3225.71295218224
3.6857,3227.91880353881
3.6858,3230.12627342189
3.6859,3232.33536309153
3.686,3234.54607380881
3.6861,3236.75840683587
3.6862,3238.97236343585
3.6863,3241.18794487294
3.6864,3243.40515241239
3.6865,3245.62398732045
3.6866,3247.84445086442
3.6867,3250.06654431266
3.6868,3252.29026893454
3.6869,3254.51562600048
3.687,3256.74261678196
3.6871,3258.97124255148
3.6872,3261.2015045826
3.6873,3263.43340414991
3.6874,3265.66694252905
3.6875,3267.90212099671
3.6876,3270.13894083064
3.6877,3272.3774033096
3.6878,3274.61750971343
3.6879,3276.85926132303
3.688,3279.10265942031
3.6881,3281.34770528828
3.6882,3283.59440021095
3.6883,3285.84274547343
3.6884,3288.09274236186
3.6885,3290.34439216345
3.6886,3292.59769616644
3.6887,3294.85265566015
3.6888,3297.10927193496
3.6889,3299.3675462823
3.689,3301.62747999466
3.6891,3303.88907436558
3.6892,3306.15233068969
3.6893,3308.41725026266
3.6894,3310.68383438123
3.6895,3312.95208434321
3.6896,3315.22200144746
3.6897,3317.49358699391
3.6898,3319.76684228358
3.6899,3322.04176861853
3.69,3324.3183673019
3.6901,3326.59663963791
3.6902,3328.87658693183
3.6903,3331.15821049002
3.6904,3333.44151161989
3.6905,3335.72649162996
3.6906,3338.01315182979
3.6907,3340.30149353003
3.6908,3342.59151804241
3.6909,3344.88322667974
3.691,3347.17662075588
3.6911,3349.4717015858
3.6912,3351.76847048554
3.6913,3354.06692877223
3.6914,3356.36707776405
3.6915,3358.66891878031
3.6916,3360.97245314137
3.6917,3363.27768216867
3.6918,3365.58460718478
3.6919,3367.8932295133
3.692,3370.20355047896
3.6921,3372.51557140755
3.6922,3374.82929362597
3.6923,3377.1447184622
3.6924,3379.46184724531
3.6925,3381.78068130547
3.6926,3384.10122197395
3.6927,3386.42347058308
3.6928,3388.74742846633
3.6929,3391.07309695822
3.693,3393.40047739442
3.6931,3395.72957111164
3.6932,3398.06037944774
3.6933,3400.39290374165
3.6934,3402.7271453334
3.6935,3405.06310556414
3.6936,3407.4007857761
3.6937,3409.74018731265
3.6938,3412.08131151821
3.6939,3414.42415973836
3.694,3416.76873331975
3.6941,3419.11503361015
3.6942,3421.46306195845
3.6943,3423.81281971462
3.6944,3426.16430822976
3.6945,3428.51752885609
3.6946,3430.87248294692
3.6947,3433.22917185669
3.6948,3435.58759694094
3.6949,3437.94775955634
3.695,3440.30966106067
3.6951,3442.67330281282
3.6952,3445.03868617281
3.6953,3447.40581250177
3.6954,3449.77468316195
3.6955,3452.14529951673
3.6956,3454.51766293059
3.6957,3456.89177476916
3.6958,3459.26763639917
3.6959,3461.6452491885
3.696,3464.02461450614
3.6961,3466.40573372219
3.6962,3468.78860820792
3.6963,3471.17323933568
3.6964,3473.55962847899
3.6965,3475.94777701249
3.6966,3478.33768631192
3.6967,3480.7293577542
3.6968,3483.12279271735
3.6969,3485.51799258055
3.697,3487.91495872408
3.6971,3490.31369252939
3.6972,3492.71419537905
3.6973,3495.11646865678
3.6974,3497.52051374743
3.6975,3499.92633203698
3.6976,3502.33392491258
3.6977,3504.7432937625
3.6978,3507.15443997616
3.6979,3509.56736494412
3.698,3511.98207005809
3.6981,3514.39855671092
3.6982,3516.81682629662
3.6983,3519.23688021034
3.6984,3521.65871984837
3.6985,3524.08234660816
3.6986,3526.50776188832
3.6987,3528.9349670886
3.6988,3531.3639636099
3.6989,3533.79475285428
3.699,3536.22733622495
3.6991,3538.66171512629
3.6992,3541.09789096383
3.6993,3543.53586514425
3.6994,3545.97563907539
3.6995,3548.41721416626
3.6996,3550.86059182703
3.6997,3553.30577346902
3.6998,3555.75276050472
3.6999,3558.2015543478
3.7,3560.65215641306
3.7001,3563.1045681165
3.7002,3565.55879087527
3.7003,3568.01482610768
3.7004,3570.47267523324
3.7005,3572.93233967261
3.7006,3575.3938208476
3.7007,3577.85712018124
3.7008,3580.32223909769
3.7009,3582.78917902231
3.701,3585.25794138162
3.7011,3587.72852760333
3.7012,3590.20093911631
3.7013,3592.67517735063
3.7014,3595.15124373752
3.7015,3597.6291397094
3.7016,3600.10886669986
3.7017,3602.5904261437
3.7018,3605.07381947687
3.7019,3607.55904813651
3.702,3610.04611356098
3.7021,3612.53501718978
3.7022,3615.02576046363
3.7023,3617.51834482441
3.7024,3620.01277171523
3.7025,3622.50904258034
3.7026,3625.00715886523
3.7027,3627.50712201655
3.7028,3630.00893348216
3.7029,3632.51259471109
3.703,3635.01810715361
3.7031,3637.52547226114
3.7032,3640.03469148633
3.7033,3642.54576628301
3.7034,3645.05869810622
3.7035,3647.5734884122
3.7036,3650.09013865839
3.7037,3652.60865030342
3.7038,3655.12902480716
3.7039,3657.65126363064
3.704,3660.17536823612
3.7041,3662.70134008708
3.7042,3665.22918064818
3.7043,3667.7588913853
3.7044,3670.29047376553
3.7045,3672.82392925719
3.7046,3675.35925932978
3.7047,3677.89646545402
3.7048,3680.43554910188
3.7049,3682.97651174649
3.705,3685.51935486225
3.7051,3688.06407992473
3.7052,3690.61068841075
3.7053,3693.15918179834
3.7054,3695.70956156676
3.7055,3698.26182919647
3.7056,3700.81598616917
3.7057,3703.37203396778
3.7058,3705.92997407644
3.7059,3708.48980798053
3.706,3711.05153716664
3.7061,3713.6151631226
3.7062,3716.18068733745
3.7063,3718.7481113015
3.7064,3721.31743650624
3.7065,3723.88866444443
3.7066,3726.46179661005
3.7067,3729.03683449832
3.7068,3731.61377960569
3.7069,3734.19263342985
3.707,3736.77339746972
3.7071,3739.35607322547
3.7072,3741.9406621985
3.7073,3744.52716589145
3.7074,3747.11558580823
3.7075,3749.70592345394
3.7076,3752.29818033498
3.7077,3754.89235795895
3.7078,3757.48845783473
3.7079,3760.08648147242
3.708,3762.68643038339
3.7081,3765.28830608026
3.7082,3767.89211007687
3.7083,3770.49784388835
3.7084,3773.10550903106
3.7085,3775.71510702262
3.7086,3778.3266393819
3.7087,3780.94010762904
3.7088,3783.55551328542
3.7089,3786.1728578737
3.709,3788.79214291776
3.7091,3791.41336994279
3.7092,3794.0365404752
3.7093,3796.66165604269
3.7094,3799.28871817421
3.7095,3801.91772839997
3.7096,3804.54868825146
3.7097,3807.18159926144
3.7098,3809.81646296391
3.7099,3812.45328089417
3.71,3815.09205458877
3.7101,3817.73278558555
3.7102,3820.3754754236
3.7103,3823.0201256433
3.7104,3825.6667377863
3.7105,3828.31531339553
3.7106,3830.96585401518
3.7107,3833.61836119074
3.7108,3836.27283646896
3.7109,3838.92928139789
3.711,3841.58769752685
3.7111,3844.24808640643
3.7112,3846.91044958852
3.7113,3849.5747886263
3.7114,3852.24110507422
3.7115,3854.90940048803
3.7116,3857.57967642475
3.7117,3860.2519344427
3.7118,3862.9261761015
3.7119,3865.60240296205
3.712,3868.28061658654
3.7121,3870.96081853845
3.7122,3873.64301038258
3.7123,3876.327193685
3.7124,3879.01337001307
3.7125,3881.70154093549
3.7126,3884.3917080222
3.7127,3887.0838728445
3.7128,3889.77803697495
3.7129,3892.47420198743
3.713,3895.17236945712
3.7131,3897.8725409605
3.7132,3900.57471807536
3.7133,3903.2789023808
3.7134,3905.98509545723
3.7135,3908.69329888636
3.7136,3911.4035142512
3.7137,3914.11574313611
3.7138,3916.82998712673
3.7139,3919.54624781002
3.714,3922.26452677426
3.7141,3924.98482560904
3.7142,3927.70714590528
3.7143,3930.43148925521
3.7144,3933.15785725236
3.7145,3935.88625149163
3.7146,3938.61667356919
3.7147,3941.34912508256
3.7148,3944.08360763058
3.7149,3946.82012281341
3.715,3949.55867223255
3.7151,3952.29925749081
3.7152,3955.04188019234
3.7153,3957.78654194261
3.7154,3960.53324434844
3.7155,3963.28198901796
3.7156,3966.03277756065
3.7157,3968.78561158731
3.7158,3971.54049271009
3.7159,3974.29742254247
3.716,3977.05640269927
3.7161,3979.81743479664
3.7162,3982.58052045207
3.7163,3985.34566128442
3.7164,3988.11285891386
3.7165,3990.88211496191
3.7166,3993.65343105145
3.7167,3996.42680880669
3.7168,3999.20224985319
3.7169,4001.97975581788
3.717,4004.759328329
3.7171,4007.54096901617
3.7172,4010.32467951036
3.7173,4013.11046144389
3.7174,4015.89831645042
3.7175,4018.68824616498
3.7176,4021.48025222396
3.7177,4024.2743362651
3.7178,4027.07049992751
3.7179,4029.86874485163
3.718,4032.6690726793
3.7181,4035.47148505369
3.7182,4038.27598361937
3.7183,4041.08257002223
3.7184,4043.89124590957
3.7185,4046.70201293003
3.7186,4049.51487273362
3.7187,4052.32982697173
3.7188,4055.14687729712
3.7189,4057.96602536391
3.719,4060.78727282761
3.7191,4063.61062134509
3.7192,4066.43607257461
3.7193,4069.26362817578
3.7194,4072.09328980963
3.7195,4074.92505913853
3.7196,4077.75893782625
3.7197,4080.59492753793
3.7198,4083.43302994012
3.7199,4086.27324670072
3.72,4089.11557948903
3.7201,4091.96002997574
3.7202,4094.80659983292
3.7203,4097.65529073404
3.7204,4100.50610435395
3.7205,4103.35904236889
3.7206,4106.2141064565
3.7207,4109.07129829581
3.7208,4111.93061956725
3.7209,4114.79207195262
3.721,4117.65565713517
3.7211,4120.52137679949
3.7212,4123.38923263161
3.7213,4126.25922631895
3.7214,4129.13135955032
3.7215,4132.00563401595
3.7216,4134.88205140747
3.7217,4137.7606134179
3.7218,4140.6413217417
3.7219,4143.52417807471
3.722,4146.40918411419
3.7221,4149.2963415588
3.7222,4152.18565210863
3.7223,4155.07711746518
3.7224,4157.97073933135
3.7225,4160.86651941146
3.7226,4163.76445941127
3.7227,4166.66456103792
3.7228,4169.566826
3.7229,4172.47125600751
3.723,4175.37785277186
3.7231,4178.2866180059
3.7232,4181.19755342391
3.7233,4184.11066074157
3.7234,4187.025941676
3.7235,4189.94339794576
3.7236,4192.86303127082
3.7237,4195.7848433726
3.7238,4198.70883597392
3.7239,4201.63501079907
3.724,4204.56336957374
3.7241,4207.49391402509
3.7242,4210.4266458817
3.7243,4213.36156687358
3.7244,4216.29867873219
3.7245,4219.23798319042
3.7246,4222.17948198262
3.7247,4225.12317684457
3.7248,4228.0690695135
3.7249,4231.01716172807
3.725,4233.96745522841
3.7251,4236.91995175607
3.7252,4239.87465305409
3.7253,4242.83156086693
3.7254,4245.79067694049
3.7255,4248.75200302216
3.7256,4251.71554086076
3.7257,4254.68129220658
3.7258,4257.64925881134
3.7259,4260.61944242825
3.726,4263.59184481197
3.7261,4266.5664677186
3.7262,4269.54331290573
3.7263,4272.5223821324
3.7264,4275.50367715912
3.7265,4278.48719974785
3.7266,4281.47295166204
3.7267,4284.46093466659
3.7268,4287.45115052788
3.7269,4290.44360101376
3.727,4293.43828789355
3.7271,4296.43521293804
3.7272,4299.43437791951
3.7273,4302.43578461168
3.7274,4305.4394347898
3.7275,4308.44533023054
3.7276,4311.4534727121
3.7277,4314.46386401414
3.7278,4317.4765059178
3.7279,4320.4914002057
3.728,4323.50854866196
3.7281,4326.52795307218
3.7282,4329.54961522345
3.7283,4332.57353690434
3.7284,4335.59971990491
3.7285,4338.62816601672
3.7286,4341.65887703283
3.7287,4344.69185474777
3.7288,4347.72710095759
3.7289,4350.76461745982
3.729,4353.8044060535
3.7291,4356.84646853916
3.7292,4359.89080671883
3.7293,4362.93742239605
3.7294,4365.98631737586
3.7295,4369.0374934648
3.7296,4372.09095247093
3.7297,4375.1466962038
3.7298,4378.20472647448
3.7299,4381.26504509554
3.73,4384.32765388107
3.7301,4387.39255464666
3.7302,4390.45974920944
3.7303,4393.52923938803
3.7304,4396.60102700257
3.7305,4399.67511387472
3.7306,4402.75150182767
3.7307,4405.83019268612
3.7308,4408.91118827629
3.7309,4411.99449042593
3.731,4415.08010096431
3.7311,4418.16802172222
3.7312,4421.25825453199
3.7313,4424.35080122747
3.7314,4427.44566364405
3.7315,4430.54284361863
3.7316,4433.64234298966
3.7317,4436.74416359713
3.7318,4439.84830728253
3.7319,4442.95477588893
3.732,4446.06357126091
3.7321,4449.1746952446
3.7322,4452.28814968766
3.7323,4455.40393643931
3.7324,4458.5220573503
3.7325,4461.64251427292
3.7326,4464.76530906102
3.7327,4467.89044356999
3.7328,4471.01791965677
3.7329,4474.14773917984
3.733,4477.27990399925
3.7331,4480.41441597658
3.7332,4483.55127697498
3.7333,4486.69048885915
3.7334,4489.83205349535
3.7335,4492.9759727514
3.7336,4496.12224849667
3.7337,4499.2708826021
3.7338,4502.42187694018
3.7339,4505.57523338498
3.734,4508.73095381211
3.7341,4511.88904009879
3.7342,4515.04949412375
3.7343,4518.21231776734
3.7344,4521.37751291145
3.7345,4524.54508143955
3.7346,4527.71502523669
3.7347,4530.88734618949
3.7348,4534.06204618613
3.7349,4537.2391271164
3.735,4540.41859087163
3.7351,4543.60043934477
3.7352,4546.78467443031
3.7353,4549.97129802436
3.7354,4553.16031202459
3.7355,4556.35171833026
3.7356,4559.54551884222
3.7357,4562.74171546292
3.7358,4565.94031009638
3.7359,4569.14130464821
3.736,4572.34470102564
3.7361,4575.55050113745
3.7362,4578.75870689406
3.7363,4581.96932020746
3.7364,4585.18234299125
3.7365,4588.39777716061
3.7366,4591.61562463235
3.7367,4594.83588732486
3.7368,4598.05856715814
3.7369,4601.28366605379
3.737,4604.51118593503
3.7371,4607.74112872668
3.7372,4610.97349635517
3.7373,4614.20829074852
3.7374,4617.44551383641
3.7375,4620.68516755008
3.7376,4623.92725382242
3.7377,4627.17177458793
3.7378,4630.41873178272
3.7379,4633.66812734451
3.738,4636.91996321266
3.7381,4640.17424132816
3.7382,4643.43096363358
3.7383,4646.69013207316
3.7384,4649.95174859275
3.7385,4653.21581513982
3.7386,4656.48233366347
3.7387,4659.75130611444
3.7388,4663.0227344451
3.7389,4666.29662060945
3.739,4669.57296656312
3.7391,4672.85177426339
3.7392,4676.13304566916
3.7393,4679.41678274098
3.7394,4682.70298744105
3.7395,4685.99166173318
3.7396,4689.28280758285
3.7397,4692.57642695718
3.7398,4695.87252182494
3.7399,4699.17109415654
3.74,4702.47214592403
3.7401,4705.77567910114
3.7402,4709.08169566321
3.7403,4712.39019758728
3.7404,4715.701186852
3.7405,4719.01466543772
3.7406,4722.33063532641
3.7407,4725.64909850172
3.7408,4728.97005694895
3.7409,4732.29351265508
3.741,4735.61946760873
3.7411,4738.9479238002
3.7412,4742.27888322145
3.7413,4745.61234786611
3.7414,4748.94831972948
3.7415,4752.28680080854
3.7416,4755.62779310192
3.7417,4758.97129860994
3.7418,4762.3173193346
3.7419,4765.66585727956
3.742,4769.01691445016
3.7421,4772.37049285344
3.7422,4775.7265944981
3.7423,4779.08522139454
3.7424,4782.44637555481
3.7425,4785.8100589927
3.7426,4789.17627372364
3.7427,4792.54502176476
3.7428,4795.9163051349
3.7429,4799.29012585456
3.743,4802.66648594596
3.7431,4806.045387433
3.7432,4809.42683234128
3.7433,4812.81082269809
3.7434,4816.19736053244
3.7435,4819.58644787502
3.7436,4822.97808675822
3.7437,4826.37227921616
3.7438,4829.76902728463
3.7439,4833.16833300114
3.744,4836.57019840493
3.7441,4839.97462553691
3.7442,4843.38161643973
3.7443,4846.79117315774
3.7444,4850.20329773701
3.7445,4853.61799222532
3.7446,4857.03525867216
3.7447,4860.45509912876
3.7448,4863.87751564805
3.7449,4867.30251028469
3.745,4870.73008509506
3.7451,4874.16024213726
3.7452,4877.59298347113
3.7453,4881.02831115822
3.7454,4884.46622726183
3.7455,4887.90673384696
3.7456,4891.34983298038
3.7457,4894.79552673056
3.7458,4898.24381716773
3.7459,4901.69470636383
3.746,4905.14819639256
3.7461,4908.60428932935
3.7462,4912.06298725138
3.7463,4915.52429223756
3.7464,4918.98820636856
3.7465,4922.45473172677
3.7466,4925.92387039635
3.7467,4929.3956244632
3.7468,4932.86999601497
3.7469,4936.34698714107
3.747,4939.82659993265
3.7471,4943.30883648264
3.7472,4946.79369888568
3.7473,4950.28118923821
3.7474,4953.77130963842
3.7475,4957.26406218625
3.7476,4960.75944898341
3.7477,4964.25747213338
3.7478,4967.75813374139
3.7479,4971.26143591445
3.748,4974.76738076133
3.7481,4978.27597039258
3.7482,4981.78720692051
3.7483,4985.30109245923
3.7484,4988.81762912458
3.7485,4992.33681903423
3.7486,4995.85866430758
3.7487,4999.38316706583
3.7488,5002.91032943197
3.7489,5006.44015353076
3.749,5009.97264148874
3.7491,5013.50779543426
3.7492,5017.04561749744
3.7493,5020.58610981018
3.7494,5024.12927450618
3.7495,5027.67511372095
3.7496,5031.22362959176
3.7497,5034.7748242577
3.7498,5038.32869985966
3.7499,5041.88525854029
3.75,5045.4445024441
3.7501,5049.00643371735
3.7502,5052.57105450813
3.7503,5056.13836696633
3.7504,5059.70837324365
3.7505,5063.28107549357
3.7506,5066.85647587142
3.7507,5070.43457653432
3.7508,5074.0153796412
3.7509,5077.59888735281
3.751,5081.18510183173
3.7511,5084.77402524234
3.7512,5088.36565975083
3.7513,5091.96000752523
3.7514,5095.55707073539
3.7515,5099.15685155298
3.7516,5102.7593521515
3.7517,5106.36457470626
3.7518,5109.97252139442
3.7519,5113.58319439496
3.752,5117.19659588869
3.7521,5120.81272805827
3.7522,5124.43159308818
3.7523,5128.05319316473
3.7524,5131.67753047608
3.7525,5135.30460721223
3.7526,5138.93442556503
3.7527,5142.56698772815
3.7528,5146.20229589712
3.7529,5149.84035226932
3.753,5153.48115904396
3.7531,5157.12471842213
3.7532,5160.77103260674
3.7533,5164.42010380257
3.7534,5168.07193421625
3.7535,5171.72652605628
3.7536,5175.38388153299
3.7537,5179.0440028586
3.7538,5182.70689224716
3.7539,5186.37255191461
3.754,5190.04098407874
3.7541,5193.71219095922
3.7542,5197.38617477757
3.7543,5201.06293775718
3.7544,5204.74248212333
3.7545,5208.42481010316
3.7546,5212.10992392568
3.7547,5215.79782582178
3.7548,5219.48851802423
3.7549,5223.18200276768
3.755,5226.87828228866
3.7551,5230.57735882558
3.7552,5234.27923461874
3.7553,5237.98391191031
3.7554,5241.69139294437
3.7555,5245.40167996688
3.7556,5249.11477522568
3.7557,5252.83068097052
3.7558,5256.54939945304
3.7559,5260.27093292676
3.756,5263.99528364712
3.7561,5267.72245387144
3.7562,5271.45244585896
3.7563,5275.18526187081
3.7564,5278.92090417002
3.7565,5282.65937502153
3.7566,5286.40067669221
3.7567,5290.1448114508
3.7568,5293.89178156798
3.7569,5297.64158931633
3.757,5301.39423697035
3.7571,5305.14972680645
3.7572,5308.90806110296
3.7573,5312.66924214013
3.7574,5316.43327220015
3.7575,5320.20015356709
3.7576,5323.96988852698
3.7577,5327.74247936776
3.7578,5331.51792837932
3.7579,5335.29623785345
3.758,5339.07741008388
3.7581,5342.86144736628
3.7582,5346.64835199826
3.7583,5350.43812627935
3.7584,5354.23077251103
3.7585,5358.02629299671
3.7586,5361.82469004176
3.7587,5365.62596595346
3.7588,5369.43012304107
3.7589,5373.23716361578
3.759,5377.04708999073
3.7591,5380.85990448102
3.7592,5384.67560940367
3.7593,5388.49420707769
3.7594,5392.31569982403
3.7595,5396.1400899656
3.7596,5399.96737982726
3.7597,5403.79757173584
3.7598,5407.63066802014
3.7599,5411.46667101089
3.76,5415.30558304083
3.7601,5419.14740644464
3.7602,5422.99214355897
3.7603,5426.83979672245
3.7604,5430.69036827568
3.7605,5434.54386056123
3.7606,5438.40027592364
3.7607,5442.25961670945
3.7608,5446.12188526716
3.7609,5449.98708394726
3.761,5453.85521510221
3.7611,5457.72628108649
3.7612,5461.60028425651
3.7613,5465.47722697072
3.7614,5469.35711158954
3.7615,5473.23994047537
3.7616,5477.12571599262
3.7617,5481.01444050769
3.7618,5484.90611638897
3.7619,5488.80074600687
3.762,5492.69833173378
3.7621,5496.5988759441
3.7622,5500.50238101423
3.7623,5504.40884932257
3.7624,5508.31828324956
3.7625,5512.2306851776
3.7626,5516.14605749115
3.7627,5520.06440257664
3.7628,5523.98572282255
3.7629,5527.91002061934
3.763,5531.83729835954
3.7631,5535.76755843764
3.7632,5539.7008032502
3.7633,5543.63703519578
3.7634,5547.57625667497
3.7635,5551.51847009039
3.7636,5555.46367784668
3.7637,5559.41188235052
3.7638,5563.36308601062
3.7639,5567.31729123772
3.764,5571.27450044461
3.7641,5575.23471604611
3.7642,5579.19794045906
3.7643,5583.16417610237
3.7644,5587.13342539699
3.7645,5591.1056907659
3.7646,5595.08097463413
3.7647,5599.05927942878
3.7648,5603.04060757898
3.7649,5607.0249615159
3.765,5611.0123436728
3.7651,5615.00275648497
3.7652,5618.99620238977
3.7653,5622.9926838266
3.7654,5626.99220323695
3.7655,5630.99476306436
3.7656,5635.00036575442
3.7657,5639.00901375481
3.7658,5643.02070951528
3.7659,5647.03545548763
3.766,5651.05325412574
3.7661,5655.07410788557
3.7662,5659.09801922516
3.7663,5663.12499060462
3.7664,5667.15502448613
3.7665,5671.18812333398
3.7666,5675.22428961451
3.7667,5679.26352579617
3.7668,5683.30583434949
3.7669,5687.35121774709
3.767,5691.39967846366
3.7671,5695.45121897603
3.7672,5699.50584176307
3.7673,5703.56354930578
3.7674,5707.62434408725
3.7675,5711.68822859268
3.7676,5715.75520530935
3.7677,5719.82527672665
3.7678,5723.8984453361
3.7679,5727.9747136313
3.768,5732.05408410797
3.7681,5736.13655926394
3.7682,5740.22214159916
3.7683,5744.31083361567
3.7684,5748.40263781765
3.7685,5752.49755671141
3.7686,5756.59559280534
3.7687,5760.69674860999
3.7688,5764.80102663802
3.7689,5768.90842940422
3.769,5773.01895942549
3.7691,5777.13261922089
3.7692,5781.24941131159
3.7693,5785.36933822091
3.7694,5789.49240247428
3.7695,5793.61860659929
3.7696,5797.74795312567
3.7697,5801.88044458528
3.7698,5806.01608351213
3.7699,5810.15487244236
3.77,5814.29681391429
3.7701,5818.44191046835
3.7702,5822.59016464715
3.7703,5826.74157899545
3.7704,5830.89615606014
3.7705,5835.05389839028
3.7706,5839.21480853711
3.7707,5843.378889054
3.7708,5847.5461424965
3.7709,5851.71657142231
3.771,5855.89017839131
3.7711,5860.06696596554
3.7712,5864.24693670922
3.7713,5868.43009318872
3.7714,5872.6164379726
3.7715,5876.80597363161
3.7716,5880.99870273865
3.7717,5885.1946278688
3.7718,5889.39375159935
3.7719,5893.59607650975
3.772,5897.80160518164
3.7721,5902.01034019885
3.7722,5906.2222841474
3.7723,5910.43743961548
3.7724,5914.65580919351
3.7725,5918.87739547408
3.7726,5923.10220105199
3.7727,5927.33022852423
3.7728,5931.56148048998
3.7729,5935.79595955066
3.773,5940.03366830984
3.7731,5944.27460937336
3.7732,5948.51878534921
3.7733,5952.76619884763
3.7734,5957.01685248105
3.7735,5961.27074886413
3.7736,5965.52789061375
3.7737,5969.78828034898
3.7738,5974.05192069113
3.7739,5978.31881426375
3.774,5982.58896369259
3.7741,5986.86237160562
3.7742,5991.13904063306
3.7743,5995.41897340734
3.7744,5999.70217256315
3.7745,6003.98864073739
3.7746,6008.2783805692
3.7747,6012.57139469996
3.7748,6016.8676857733
3.7749,6021.16725643508
3.775,6025.4701093334
3.7751,6029.77624711863
3.7752,6034.08567244336
3.7753,6038.39838796245
3.7754,6042.714396333
3.7755,6047.03370021437
3.7756,6051.35630226817
3.7757,6055.68220515828
3.7758,6060.01141155084
3.7759,6064.34392411422
3.776,6068.67974551911
3.7761,6073.01887843841
3.7762,6077.36132554733
3.7763,6081.70708952332
3.7764,6086.05617304613
3.7765,6090.40857879776
3.7766,6094.76430946251
3.7767,6099.12336772692
3.7768,6103.48575627986
3.7769,6107.85147781244
3.777,6112.22053501809
3.7771,6116.59293059249
3.7772,6120.96866723362
3.7773,6125.34774764178
3.7774,6129.73017451952
3.7775,6134.11595057171
3.7776,6138.50507850551
3.7777,6142.89756103037
3.7778,6147.29340085806
3.7779,6151.69260070264
3.778,6156.09516328046
3.7781,6160.50109131021
3.7782,6164.91038751287
3.7783,6169.32305461172
3.7784,6173.73909533237
3.7785,6178.15851240274
3.7786,6182.58130855307
3.7787,6187.00748651591
3.7788,6191.43704902614
3.7789,6195.86999882096
3.779,6200.3063386399
3.7791,6204.74607122479
3.7792,6209.18919931984
3.7793,6213.63572567155
3.7794,6218.08565302876
3.7795,6222.53898414267
3.7796,6226.99572176678
3.7797,6231.45586865695
3.7798,6235.9194275714
3.7799,6240.38640127065
3.78,6244.85679251761
3.7801,6249.33060407751
3.7802,6253.80783871794
3.7803,6258.28849920883
3.7804,6262.77258832248
3.7805,6267.26010883355
3.7806,6271.75106351905
3.7807,6276.24545515833
3.7808,6280.74328653315
3.7809,6285.24456042758
3.781,6289.7492796281
3.7811,6294.25744692355
3.7812,6298.76906510511
3.7813,6303.28413696638
3.7814,6307.8026653033
3.7815,6312.3246529142
3.7816,6316.85010259979
3.7817,6321.37901716316
3.7818,6325.91139940979
3.7819,6330.44725214753
3.782,6334.98657818663
3.7821,6339.52938033974
3.7822,6344.07566142187
3.7823,6348.62542425047
3.7824,6353.17867164534
3.7825,6357.7354064287
3.7826,6362.29563142519
3.7827,6366.85934946181
3.7828,6371.426563368
3.7829,6375.99727597559
3.783,6380.57149011882
3.7831,6385.14920863436
3.7832,6389.73043436126
3.7833,6394.31517014102
3.7834,6398.90341881753
3.7835,6403.49518323712
3.7836,6408.09046624854
3.7837,6412.68927070294
3.7838,6417.29159945393
3.7839,6421.89745535754
3.784,6426.50684127221
3.7841,6431.11976005883
3.7842,6435.73621458072
3.7843,6440.35620770365
3.7844,6444.97974229581
3.7845,6449.60682122784
3.7846,6454.23744737283
3.7847,6458.87162360631
3.7848,6463.50935280626
3.7849,6468.1506378531
3.785,6472.79548162972
3.7851,6477.44388702144
3.7852,6482.09585691607
3.7853,6486.75139420385
3.7854,6491.41050177749
3.7855,6496.07318253218
3.7856,6500.73943936556
3.7857,6505.40927517772
3.7858,6510.08269287126
3.7859,6514.75969535122
3.786,6519.44028552513
3.7861,6524.12446630299
3.7862,6528.81224059728
3.7863,6533.50361132297
3.7864,6538.19858139749
3.7865,6542.89715374078
3.7866,6547.59933127526
3.7867,6552.30511692583
3.7868,6557.0145136199
3.7869,6561.72752428735
3.787,6566.44415186058
3.7871,6571.16439927447
3.7872,6575.88826946642
3.7873,6580.61576537632
3.7874,6585.34688994657
3.7875,6590.08164612207
3.7876,6594.82003685024
3.7877,6599.56206508101
3.7878,6604.30773376682
3.7879,6609.05704586262
3.788,6613.8100043259
3.7881,6618.56661211665
3.7882,6623.3268721974
3.7883,6628.09078753318
3.7884,6632.85836109158
3.7885,6637.6295958427
3.7886,6642.40449475918
3.7887,6647.18306081619
3.7888,6651.96529699144
3.7889,6656.75120626517
3.789,6661.54079162018
3.7891,6666.3340560418
3.7892,6671.1310025179
3.7893,6675.93163403891
3.7894,6680.73595359781
3.7895,6685.54396419012
3.7896,6690.35566881393
3.7897,6695.17107046989
3.7898,6699.99017216119
3.7899,6704.81297689359
3.79,6709.63948767542
3.7901,6714.46970751758
3.7902,6719.30363943352
3.7903,6724.14128643928
3.7904,6728.98265155346
3.7905,6733.82773779725
3.7906,6738.6765481944
3.7907,6743.52908577125
3.7908,6748.38535355673
3.7909,6753.24535458233
3.791,6758.10909188215
3.7911,6762.97656849287
3.7912,6767.84778745377
3.7913,6772.72275180671
3.7914,6777.60146459616
3.7915,6782.48392886918
3.7916,6787.37014767543
3.7917,6792.26012406717
3.7918,6797.15386109929
3.7919,6802.05136182926
3.792,6806.95262931716
3.7921,6811.8576666257
3.7922,6816.7664768202
3.7923,6821.67906296859
3.7924,6826.59542814143
3.7925,6831.51557541188
3.7926,6836.43950785575
3.7927,6841.36722855146
3.7928,6846.29874058007
3.7929,6851.23404702527
3.793,6856.17315097337
3.7931,6861.11605551333
3.7932,6866.06276373673
3.7933,6871.01327873782
3.7934,6875.96760361348
3.7935,6880.92574146321
3.7936,6885.8876953892
3.7937,6890.85346849626
3.7938,6895.82306389186
3.7939,6900.79648468614
3.794,6905.77373399187
3.7941,6910.75481492449
3.7942,6915.73973060212
3.7943,6920.72848414553
3.7944,6925.72107867814
3.7945,6930.71751732606
3.7946,6935.71780321807
3.7947,6940.72193948562
3.7948,6945.72992926283
3.7949,6950.74177568652
3.795,6955.75748189616
3.7951,6960.77705103392
3.7952,6965.80048624465
3.7953,6970.82779067591
3.7954,6975.85896747792
3.7955,6980.8940198036
3.7956,6985.93295080859
3.7957,6990.9757636512
3.7958,6996.02246149245
3.7959,7001.07304749605
3.796,7006.12752482845
3.7961,7011.18589665876
3.7962,7016.24816615884
3.7963,7021.31433650324
3.7964,7026.38441086923
3.7965,7031.45839243679
3.7966,7036.53628438864
3.7967,7041.6180899102
3.7968,7046.70381218963
3.7969,7051.79345441781
3.797,7056.88701978834
3.7971,7061.98451149756
3.7972,7067.08593274456
3.7973,7072.19128673113
3.7974,7077.30057666184
3.7975,7082.41380574397
3.7976,7087.53097718756
3.7977,7092.6520942054
3.7978,7097.777160013
3.7979,7102.90617782866
3.798,7108.03915087341
3.7981,7113.17608237104
3.7982,7118.3169755481
3.7983,7123.4618336339
3.7984,7128.61065986052
3.7985,7133.7634574628
3.7986,7138.92022967836
3.7987,7144.08097974756
3.7988,7149.24571091356
3.7989,7154.41442642229
3.799,7159.58712952246
3.7991,7164.76382346556
3.7992,7169.94451150587
3.7993,7175.12919690043
3.7994,7180.3178829091
3.7995,7185.51057279451
3.7996,7190.7072698221
3.7997,7195.90797726009
3.7998,7201.1126983795
3.7999,7206.32143645416
3.8,7211.5341947607
3.8001,7216.75097657856
3.8002,7221.97178518997
3.8003,7227.19662388
3.8004,7232.4254959365
3.8005,7237.65840465017
3.8006,7242.8953533145
3.8007,7248.13634522582
3.8008,7253.38138368327
3.8009,7258.63047198882
3.801,7263.88361344728
3.8011,7269.14081136629
3.8012,7274.4020690563
3.8013,7279.66738983061
3.8014,7284.93677700537
3.8015,7290.21023389955
3.8016,7295.487763835
3.8017,7300.76937013636
3.8018,7306.05505613117
3.8019,7311.34482514979
3.802,7316.63868052546
3.8021,7321.93662559424
3.8022,7327.23866369509
3.8023,7332.54479816981
3.8024,7337.85503236306
3.8025,7343.16936962238
3.8026,7348.48781329817
3.8027,7353.81036674371
3.8028,7359.13703331514
3.8029,7364.46781637148
3.803,7369.80271927466
3.8031,7375.14174538944
3.8032,7380.48489808351
3.8033,7385.83218072742
3.8034,7391.18359669462
3.8035,7396.53914936146
3.8036,7401.89884210718
3.8037,7407.26267831391
3.8038,7412.63066136668
3.8039,7418.00279465344
3.804,7423.37908156502
3.8041,7428.75952549519
3.8042,7434.14412984059
3.8043,7439.53289800082
3.8044,7444.92583337835
3.8045,7450.3229393786
3.8046,7455.7242194099
3.8047,7461.1296768835
3.8048,7466.5393152136
3.8049,7471.95313781729
3.805,7477.37114811462
3.8051,7482.79334952857
3.8052,7488.21974548504
3.8053,7493.65033941289
3.8054,7499.08513474392
3.8055,7504.52413491286
3.8056,7509.96734335741
3.8057,7515.4147635182
3.8058,7520.86639883881
3.8059,7526.3222527658
3.806,7531.78232874867
3.8061,7537.24663023987
3.8062,7542.71516069485
3.8063,7548.18792357198
3.8064,7553.66492233263
3.8065,7559.14616044115
3.8066,7564.63164136482
3.8067,7570.12136857393
3.8068,7575.61534554175
3.8069,7581.11357574451
3.807,7586.61606266146
3.8071,7592.1228097748
3.8072,7597.63382056975
3.8073,7603.1490985345
3.8074,7608.66864716024
3.8075,7614.19246994117
3.8076,7619.72057037447
3.8077,7625.25295196036
3.8078,7630.78961820202
3.8079,7636.33057260567
3.808,7641.87581868053
3.8081,7647.42535993884
3.8082,7652.97919989585
3.8083,7658.53734206984
3.8084,7664.09978998211
3.8085,7669.66654715696
3.8086,7675.23761712175
3.8087,7680.81300340686
3.8088,7686.3927095457
3.8089,7691.97673907471
3.809,7697.56509553339
3.8091,7703.15778246427
3.8092,7708.7548034129
3.8093,7714.35616192792
3.8094,7719.96186156098
3.8095,7725.57190586681
3.8096,7731.18629840319
3.8097,7736.80504273095
3.8098,7742.42814241398
3.8099,7748.05560101924
3.81,7753.68742211676
3.8101,7759.32360927961
3.8102,7764.96416608397
3.8103,7770.60909610908
3.8104,7776.25840293724
3.8105,7781.91209015386
3.8106,7787.5701613474
3.8107,7793.23262010944
3.8108,7798.89947003462
3.8109,7804.57071472068
3.811,7810.24635776845
3.8111,7815.92640278188
3.8112,7821.61085336797
3.8113,7827.29971313688
3.8114,7832.99298570183
3.8115,7838.69067467918
3.8116,7844.39278368836
3.8117,7850.09931635196
3.8118,7855.81027629565
3.8119,7861.52566714824
3.812,7867.24549254165
3.8121,7872.96975611093
3.8122,7878.69846149426
3.8123,7884.43161233294
3.8124,7890.1692122714
3.8125,7895.91126495723
3.8126,7901.65777404113
3.8127,7907.40874317696
3.8128,7913.16417602171
3.8129,7918.92407623553
3.813,7924.68844748171
3.8131,7930.45729342669
3.8132,7936.23061774009
3.8133,7942.00842409465
3.8134,7947.79071616631
3.8135,7953.57749763414
3.8136,7959.36877218039
3.8137,7965.16454349049
3.8138,7970.96481525303
3.8139,7976.76959115977
3.814,7982.57887490567
3.8141,7988.39267018884
3.8142,7994.21098071061
3.8143,8000.03381017547
3.8144,8005.86116229111
3.8145,8011.6930407684
3.8146,8017.52944932143
3.8147,8023.37039166747
3.8148,8029.21587152698
3.8149,8035.06589262365
3.815,8040.92045868436
3.8151,8046.77957343922
3.8152,8052.64324062151
3.8153,8058.51146396777
3.8154,8064.38424721775
3.8155,8070.26159411439
3.8156,8076.14350840389
3.8157,8082.02999383567
3.8158,8087.92105416236
3.8159,8093.81669313984
3.816,8099.71691452722
3.8161,8105.62172208685
3.8162,8111.53111958433
3.8163,8117.44511078848
3.8164,8123.36369947141
3.8165,8129.28688940843
3.8166,8135.21468437814
3.8167,8141.14708816237
3.8168,8147.08410454624
3.8169,8153.02573731811
3.817,8158.9719902696
3.8171,8164.92286719563
3.8172,8170.87837189434
3.8173,8176.83850816719
3.8174,8182.8032798189
3.8175,8188.77269065746
3.8176,8194.74674449415
3.8177,8200.72544514355
3.8178,8206.7087964235
3.8179,8212.69680215515
3.818,8218.68946616296
3.8181,8224.68679227464
3.8182,8230.68878432125
3.8183,8236.69544613713
3.8184,8242.70678155992
3.8185,8248.72279443059
3.8186,8254.7434885934
3.8187,8260.76886789594
3.8188,8266.79893618911
3.8189,8272.83369732714
3.819,8278.87315516758
3.8191,8284.91731357131
3.8192,8290.96617640253
3.8193,8297.01974752879
3.8194,8303.07803082096
3.8195,8309.14103015325
3.8196,8315.20874940323
3.8197,8321.28119245181
3.8198,8327.35836318322
3.8199,8333.44026548509
3.82,8339.52690324835
3.8201,8345.61828036733
3.8202,8351.7144007397
3.8203,8357.8152682665
3.8204,8363.92088685214
3.8205,8370.03126040438
3.8206,8376.14639283439
3.8207,8382.26628805667
3.8208,8388.39094998914
3.8209,8394.52038255306
3.821,8400.65458967312
3.8211,8406.79357527736
3.8212,8412.93734329723
3.8213,8419.08589766757
3.8214,8425.23924232662
3.8215,8431.39738121601
3.8216,8437.56031828078
3.8217,8443.72805746938
3.8218,8449.90060273366
3.8219,8456.07795802889
3.822,8462.26012731375
3.8221,8468.44711455034
3.8222,8474.63892370418
3.8223,8480.83555874423
3.8224,8487.03702364285
3.8225,8493.24332237585
3.8226,8499.45445892246
3.8227,8505.67043726537
3.8228,8511.89126139069
3.8229,8518.11693528797
3.823,8524.34746295023
3.8231,8530.58284837392
3.8232,8536.82309555894
3.8233,8543.06820850865
3.8234,8549.31819122988
3.8235,8555.57304773292
3.8236,8561.8327820315
3.8237,8568.09739814284
3.8238,8574.36690008763
3.8239,8580.64129189004
3.824,8586.92057757768
3.8241,8593.2047611817
3.8242,8599.49384673669
3.8243,8605.78783828073
3.8244,8612.08673985541
3.8245,8618.3905555058
3.8246,8624.69928928047
3.8247,8631.01294523148
3.8248,8637.33152741441
3.8249,8643.65503988834
3.825,8649.98348671584
3.8251,8656.31687196303
3.8252,8662.65519969951
3.8253,8668.99847399842
3.8254,8675.3466989364
3.8255,8681.69987859364
3.8256,8688.05801705384
3.8257,8694.42111840423
3.8258,8700.7891867356
3.8259,8707.16222614223
3.826,8713.540240722
3.8261,8719.92323457628
3.8262,8726.31121181001
3.8263,8732.70417653169
3.8264,8739.10213285337
3.8265,8745.50508489063
3.8266,8751.91303676266
3.8267,8758.32599259216
3.8268,8764.74395650544
3.8269,8771.16693263234
3.827,8777.5949251063
3.8271,8784.02793806434
3.8272,8790.46597564704
3.8273,8796.90904199858
3.8274,8803.3571412667
3.8275,8809.81027760276
3.8276,8816.26845516168
3.8277,8822.73167810201
3.8278,8829.19995058588
3.8279,8835.67327677902
3.828,8842.15166085077
3.8281,8848.63510697408
3.8282,8855.1236193255
3.8283,8861.61720208522
3.8284,8868.11585943702
3.8285,8874.61959556832
3.8286,8881.12841467016
3.8287,8887.6423209372
3.8288,8894.16131856774
3.8289,8900.68541176372
3.829,8907.21460473071
3.8291,8913.74890167791
3.8292,8920.28830681819
3.8293,8926.83282436806
3.8294,8933.38245854766
3.8295,8939.93721358081
3.8296,8946.49709369497
3.8297,8953.06210312127
3.8298,8959.63224609451
3.8299,8966.20752685315
3.83,8972.78794963933
3.8301,8979.37351869883
3.8302,8985.96423828116
3.8303,8992.56011263947
3.8304,8999.16114603062
3.8305,9005.76734271513
3.8306,9012.37870695724
3.8307,9018.99524302487
3.8308,9025.61695518964
3.8309,9032.24384772686
3.831,9038.87592491557
3.8311,9045.51319103849
3.8312,9052.15565038206
3.8313,9058.80330723645
3.8314,9065.45616589553
3.8315,9072.11423065689
3.8316,9078.77750582186
3.8317,9085.44599569547
3.8318,9092.11970458652
3.8319,9098.79863680752
3.832,9105.48279667471
3.8321,9112.1721885081
3.8322,9118.86681663141
3.8323,9125.56668537215
3.8324,9132.27179906153
3.8325,9138.98216203457
3.8326,9145.69777863
3.8327,9152.41865319033
3.8328,9159.14479006186
3.8329,9165.87619359462
3.833,9172.61286814243
3.8331,9179.35481806288
3.8332,9186.10204771735
3.8333,9192.85456147099
3.8334,9199.61236369273
3.8335,9206.37545875531
3.8336,9213.14385103525
3.8337,9219.91754491285
3.8338,9226.69654477225
3.8339,9233.48085500136
3.834,9240.27047999189
3.8341,9247.0654241394
3.8342,9253.86569184322
3.8343,9260.67128750652
3.8344,9267.48221553627
3.8345,9274.2984803433
3.8346,9281.12008634224
3.8347,9287.94703795154
3.8348,9294.7793395935
3.8349,9301.61699569427
3.835,9308.46001068382
3.8351,9315.30838899598
3.8352,9322.1621350684
3.8353,9329.02125334261
3.8354,9335.88574826398
3.8355,9342.75562428174
3.8356,9349.630885849
3.8357,9356.5115374227
3.8358,9363.39758346369
3.8359,9370.28902843665
3.836,9377.18587681017
3.8361,9384.08813305669
3.8362,9390.99580165257
3.8363,9397.90888707802
3.8364,9404.82739381715
3.8365,9411.75132635798
3.8366,9418.68068919241
3.8367,9425.61548681624
3.8368,9432.55572372919
3.8369,9439.50140443486
3.837,9446.4525334408
3.8371,9453.40911525843
3.8372,9460.37115440311
3.8373,9467.33865539414
3.8374,9474.31162275471
3.8375,9481.29006101195
3.8376,9488.27397469694
3.8377,9495.26336834468
3.8378,9502.25824649411
3.8379,9509.25861368812
3.838,9516.26447447354
3.8381,9523.27583340116
3.8382,9530.2926950257
3.8383,9537.31506390586
3.8384,9544.3429446043
3.8385,9551.37634168763
3.8386,9558.41525972645
3.8387,9565.4597032953
3.8388,9572.50967697274
3.8389,9579.56518534126
3.839,9586.62623298737
3.8391,9593.69282450154
3.8392,9600.76496447824
3.8393,9607.84265751594
3.8394,9614.92590821711
3.8395,9622.01472118819
3.8396,9629.10910103967
3.8397,9636.20905238601
3.8398,9643.3145798457
3.8399,9650.42568804124
3.84,9657.54238159915
3.8401,9664.66466514997
3.8402,9671.79254332827
3.8403,9678.92602077265
3.8404,9686.06510212574
3.8405,9693.20979203421
3.8406,9700.36009514876
3.8407,9707.51601612415
3.8408,9714.67755961918
3.8409,9721.8447302967
3.841,9729.01753282362
3.8411,9736.19597187092
3.8412,9743.38005211361
3.8413,9750.56977823081
3.8414,9757.76515490566
3.8415,9764.96618682542
3.8416,9772.1728786814
3.8417,9779.385235169
3.8418,9786.60326098771
3.8419,9793.8269608411
3.842,9801.05633943683
3.8421,9808.29140148667
3.8422,9815.53215170648
3.8423,9822.77859481622
3.8424,9830.03073553997
3.8425,9837.2885786059
3.8426,9844.55212874632
3.8427,9851.82139069764
3.8428,9859.0963692004
3.8429,9866.37706899926
3.843,9873.66349484303
3.8431,9880.95565148462
3.8432,9888.2535436811
3.8433,9895.55717619368
3.8434,9902.8665537877
3.8435,9910.18168123267
3.8436,9917.50256330223
3.8437,9924.8292047742
3.8438,9932.16161043054
3.8439,9939.49978505737
3.844,9946.84373344502
3.8441,9954.19346038793
3.8442,9961.54897068475
3.8443,9968.91026913831
3.8444,9976.2773605556
3.8445,9983.65024974783
3.8446,9991.02894153036
3.8447,9998.41344072279
