x,psi
0,1
0.001,0.9999995
0.002,0.99999800000175
0.003,0.99999550000975
0.004,0.9999920000315
0.005,0.9999875000775
0.006,0.99998200016125
0.007,0.999975500299249
0.008,0.999968000510997
0.009,0.999959500818992
0.01,0.999950001248733
0.011,0.999939501828717
0.012,0.999928002590442
0.013,0.999915503568403
0.014,0.999902004800096
0.015,0.999887506326016
0.016,0.999872008189653
0.017,0.999855510437499
0.018,0.999838013119043
0.019,0.999819516286772
0.02,0.999800019996168
0.021,0.999779524305714
0.022,0.999758029276888
0.023,0.999735534974165
0.024,0.999712041465017
0.025,0.999687548819911
0.026,0.99966205711231
0.027,0.999635566418674
0.028,0.999608076818455
0.029,0.999579588394101
0.03,0.999550101231055
0.031,0.999519615417751
0.032,0.99948813104562
0.033,0.999455648209083
0.034,0.999422167005554
0.035,0.99938768753544
0.036,0.999352209902137
0.037,0.999315734212034
0.038,0.999278260574509
0.039,0.99923978910193
0.04,0.999200319909655
0.041,0.99915985311603
0.042,0.999118388842388
0.043,0.99907592721305
0.044,0.999032468355326
0.045,0.998988012399509
0.046,0.998942559478879
0.047,0.9988961097297
0.048,0.998848663291222
0.049,0.998800220305677
0.05,0.998750780918279
0.051,0.998700345277226
0.052,0.998648913533695
0.053,0.998596485841845
0.054,0.998543062358816
0.055,0.998488643244724
0.056,0.998433228662665
0.057,0.998376818778712
0.058,0.998319413761915
0.059,0.998261013784298
0.06,0.998201619020861
0.061,0.998141229649579
0.062,0.998079845851398
0.063,0.998017467810238
0.064,0.997954095712988
0.065,0.997889729749511
0.066,0.997824370112635
0.067,0.997758016998159
0.068,0.997690670604849
0.069,0.997622331134438
0.07,0.997552998791622
0.071,0.997482673784063
0.072,0.997411356322388
0.073,0.997339046620184
0.074,0.997265744894
0.075,0.997191451363345
0.076,0.997116166250687
0.077,0.997039889781452
0.078,0.996962622184024
0.079,0.99688436368974
0.08,0.996805114532894
0.081,0.996724874950732
0.082,0.996643645183453
0.083,0.996561425474207
0.084,0.996478216069092
0.085,0.996394017217157
0.086,0.996308829170398
0.087,0.996222652183754
0.088,0.996135486515113
0.089,0.996047332425304
0.09,0.995958190178099
0.091,0.99586806004021
0.092,0.995776942281289
0.093,0.995684837173926
0.094,0.995591744993649
0.095,0.99549766601892
0.096,0.995402600531136
0.097,0.995306548814627
0.098,0.995209511156652
0.099,0.995111487847402
0.1,0.995012479179995
0.101,0.994912485450479
0.102,0.994811506957822
0.103,0.994709544003921
0.104,0.994606596893592
0.105,0.994502665934575
0.106,0.994397751437527
0.107,0.994291853716024
0.108,0.994184973086558
0.109,0.994077109868535
0.11,0.993968264384275
0.111,0.993858436959009
0.112,0.993747627920878
0.113,0.993635837600932
0.114,0.993523066333127
0.115,0.993409314454323
0.116,0.993294582304284
0.117,0.993178870225676
0.118,0.993062178564065
0.119,0.992944507667915
0.12,0.992825857888586
0.121,0.992706229580332
0.122,0.992585623100302
0.123,0.992464038808534
0.124,0.992341477067956
0.125,0.992217938244384
0.126,0.992093422706519
0.127,0.991967930825947
0.128,0.991841462977136
0.129,0.991714019537431
0.13,0.99158560088706
0.131,0.991456207409123
0.132,0.991325839489599
0.133,0.991194497517337
0.134,0.991062181884055
0.135,0.990928892984343
0.136,0.990794631215655
0.137,0.990659396978312
0.138,0.990523190675497
0.139,0.990386012713253
0.14,0.990247863500483
0.141,0.990108743448946
0.142,0.989968652973255
0.143,0.989827592490876
0.144,0.989685562422127
0.145,0.989542563190172
0.146,0.989398595221023
0.147,0.989253658943537
0.148,0.989107754789411
0.149,0.988960883193183
0.15,0.988813044592229
0.151,0.98866423942676
0.152,0.988514468139821
0.153,0.988363731177287
0.154,0.988212028987865
0.155,0.988059362023086
0.156,0.987905730737306
0.157,0.987751135587704
0.158,0.98759557703428
0.159,0.987439055539849
0.16,0.987281571570043
0.161,0.987123125593309
0.162,0.986963718080901
0.163,0.986803349506885
0.164,0.986642020348131
0.165,0.986479731084314
0.166,0.98631648219791
0.167,0.986152274174193
0.168,0.985987107501237
0.169,0.985820982669905
0.17,0.985653900173856
0.171,0.985485860509537
0.172,0.985316864176181
0.173,0.985146911675807
0.174,0.984976003513214
0.175,0.984804140195983
0.176,0.98463132223447
0.177,0.984457550141806
0.178,0.984282824433893
0.179,0.984107145629403
0.18,0.983930514249775
0.181,0.983752930819212
0.182,0.983574395864677
0.183,0.983394909915894
0.184,0.983214473505343
0.185,0.983033087168257
0.186,0.98285075144262
0.187,0.982667466869165
0.188,0.982483233991371
0.189,0.982298053355458
0.19,0.982111925510389
0.191,0.981924851007863
0.192,0.981736830402313
0.193,0.981547864250908
0.194,0.981357953113541
0.195,0.981167097552836
0.196,0.98097529813414
0.197,0.980782555425519
0.198,0.98058886999776
0.199,0.980394242424362
0.2,0.980198673281541
0.201,0.980002163148218
0.202,0.979804712606026
0.203,0.979606322239297
0.204,0.979406992635068
0.205,0.979206724383073
0.206,0.97900551807574
0.207,0.978803374308191
0.208,0.978600293678237
0.209,0.978396276786377
0.21,0.978191324235791
0.211,0.977985436632341
0.212,0.977778614584568
0.213,0.977570858703685
0.214,0.977362169603577
0.215,0.9771525479008
0.216,0.976941994214574
0.217,0.97673050916678
0.218,0.976518093381962
0.219,0.976304747487317
0.22,0.976090472112698
0.221,0.975875267890606
0.222,0.975659135456191
0.223,0.975442075447244
0.224,0.975224088504202
0.225,0.975005175270134
0.226,0.974785336390747
0.227,0.974564572514378
0.228,0.974342884291994
0.229,0.974120272377184
0.23,0.973896737426161
0.231,0.973672280097757
0.232,0.973446901053416
0.233,0.973220600957197
0.234,0.972993380475769
0.235,0.972765240278402
0.236,0.972536181036972
0.237,0.972306203425952
0.238,0.972075308122412
0.239,0.971843495806013
0.24,0.971610767159006
0.241,0.971377122866228
0.242,0.971142563615096
0.243,0.970907090095608
0.244,0.970670703000337
0.245,0.970433403024429
0.246,0.970195190865596
0.247,0.969956067224118
0.248,0.969716032802835
0.249,0.969475088307148
0.25,0.96923323444501
0.251,0.968990471926926
0.252,0.968746801465952
0.253,0.968502223777685
0.254,0.968256739580264
0.255,0.968010349594367
0.256,0.967763054543204
0.257,0.967514855152516
0.258,0.967265752150572
0.259,0.967015746268164
0.26,0.966764838238603
0.261,0.966513028797715
0.262,0.966260318683842
0.263,0.966006708637832
0.264,0.96575219940304
0.265,0.965496791725322
0.266,0.965240486353033
0.267,0.964983284037021
0.268,0.964725185530625
0.269,0.964466191589672
0.27,0.964206302972473
0.271,0.963945520439816
0.272,0.963683844754969
0.273,0.963421276683667
0.274,0.963157816994119
0.275,0.962893466456995
0.276,0.962628225845428
0.277,0.962362095935007
0.278,0.962095077503775
0.279,0.961827171332226
0.28,0.961558378203297
0.281,0.961288698902371
0.282,0.961018134217265
0.283,0.960746684938234
0.284,0.960474351857961
0.285,0.960201135771558
0.286,0.959927037476558
0.287,0.959652057772913
0.288,0.959376197462992
0.289,0.959099457351574
0.29,0.958821838245844
0.291,0.958543340955392
0.292,0.958263966292208
0.293,0.957983715070675
0.294,0.957702588107571
0.295,0.957420586222058
0.296,0.957137710235683
0.297,0.956853960972374
0.298,0.956569339258432
0.299,0.956283845922532
0.3,0.955997481795715
0.301,0.955710247711386
0.302,0.95542214450531
0.303,0.955133173015607
0.304,0.954843334082748
0.305,0.954552628549551
0.306,0.954261057261179
0.307,0.953968621065133
0.308,0.953675320811249
0.309,0.953381157351693
0.31,0.953086131540959
0.311,0.952790244235865
0.312,0.952493496295544
0.313,0.952195888581447
0.314,0.951897421957332
0.315,0.951598097289265
0.316,0.951297915445613
0.317,0.950996877297042
0.318,0.95069498371651
0.319,0.950392235579264
0.32,0.950088633762837
0.321,0.949784179147042
0.322,0.949478872613969
0.323,0.949172715047979
0.324,0.948865707335704
0.325,0.948557850366035
0.326,0.948249145030128
0.327,0.94793959222139
0.328,0.947629192835479
0.329,0.947317947770302
0.33,0.947005857926005
0.331,0.946692924204975
0.332,0.94637914751183
0.333,0.946064528753418
0.334,0.945749068838812
0.335,0.945432768679304
0.336,0.945115629188405
0.337,0.944797651281834
0.338,0.94447883587752
0.339,0.944159183895594
0.34,0.943838696258384
0.341,0.943517373890413
0.342,0.943195217718395
0.343,0.942872228671226
0.344,0.942548407679984
0.345,0.942223755677925
0.346,0.941898273600472
0.347,0.941571962385221
0.348,0.941244822971925
0.349,0.940916856302499
0.35,0.940588063321009
0.351,0.940258444973673
0.352,0.939928002208851
0.353,0.939596735977044
0.354,0.939264647230888
0.355,0.938931736925151
0.356,0.938598006016725
0.357,0.938263455464627
0.358,0.937928086229989
0.359,0.937591899276055
0.36,0.937254895568179
0.361,0.936917076073817
0.362,0.936578441762523
0.363,0.936238993605947
0.364,0.935898732577827
0.365,0.935557659653986
0.366,0.935215775812328
0.367,0.934873082032831
0.368,0.934529579297546
0.369,0.934185268590586
0.37,0.933840150898129
0.371,0.933494227208409
0.372,0.933147498511711
0.373,0.932799965800369
0.374,0.932451630068757
0.375,0.932102492313288
0.376,0.931752553532409
0.377,0.931401814726594
0.378,0.931050276898341
0.379,0.930697941052167
0.38,0.930344808194602
0.381,0.929990879334186
0.382,0.929636155481464
0.383,0.929280637648979
0.384,0.928924326851269
0.385,0.928567224104863
0.386,0.928209330428275
0.387,0.927850646841999
0.388,0.927491174368503
0.389,0.927130914032229
0.39,0.926769866859581
0.391,0.926408033878926
0.392,0.926045416120586
0.393,0.925682014616835
0.394,0.925317830401893
0.395,0.92495286451192
0.396,0.924587117985014
0.397,0.924220591861205
0.398,0.923853287182447
0.399,0.923485204992618
0.4,0.923116346337511
0.401,0.922746712264832
0.402,0.922376303824193
0.403,0.922005122067109
0.404,0.92163316804699
0.405,0.921260442819139
0.406,0.920886947440747
0.407,0.920512682970884
0.408,0.9201376504705
0.409,0.919761851002414
0.41,0.919385285631316
0.411,0.919007955423753
0.412,0.918629861448131
0.413,0.918251004774709
0.414,0.917871386475592
0.415,0.917491007624725
0.416,0.917109869297892
0.417,0.916727972572707
0.418,0.916345318528612
0.419,0.915961908246868
0.42,0.915577742810557
0.421,0.915192823304567
0.422,0.914807150815594
0.423,0.914420726432138
0.424,0.91403355124449
0.425,0.913645626344736
0.426,0.913256952826744
0.427,0.912867531786167
0.428,0.912477364320429
0.429,0.912086451528728
0.43,0.911694794512025
0.431,0.911302394373041
0.432,0.910909252216252
0.433,0.910515369147885
0.434,0.91012074627591
0.435,0.909725384710036
0.436,0.909329285561708
0.437,0.908932449944098
0.438,0.908534878972102
0.439,0.908136573762335
0.44,0.907737535433125
0.441,0.907337765104508
0.442,0.906937263898223
0.443,0.906536032937707
0.444,0.906134073348089
0.445,0.905731386256185
0.446,0.905327972790491
0.447,0.904923834081184
0.448,0.904518971260107
0.449,0.904113385460773
0.45,0.903707077818355
0.451,0.903300049469679
0.452,0.902892301553224
0.453,0.902483835209113
0.454,0.902074651579109
0.455,0.901664751806608
0.456,0.901254137036635
0.457,0.90084280841584
0.458,0.900430767092491
0.459,0.900018014216468
0.46,0.899604550939259
0.461,0.899190378413955
0.462,0.898775497795245
0.463,0.898359910239406
0.464,0.897943616904304
0.465,0.897526618949385
0.466,0.897108917535672
0.467,0.896690513825755
0.468,0.896271408983792
0.469,0.895851604175499
0.47,0.895431100568146
0.471,0.895009899330551
0.472,0.894588001633075
0.473,0.894165408647619
0.474,0.893742121547614
0.475,0.89331814150802
0.476,0.892893469705316
0.477,0.892468107317499
0.478,0.892042055524077
0.479,0.891615315506061
0.48,0.891187888445964
0.481,0.890759775527792
0.482,0.89033097793704
0.483,0.889901496860688
0.484,0.889471333487191
0.485,0.889040489006481
0.486,0.888608964609952
0.487,0.888176761490462
0.488,0.887743880842327
0.489,0.88731032386131
0.49,0.886876091744621
0.491,0.88644118569091
0.492,0.886005606900259
0.493,0.885569356574182
0.494,0.885132435915613
0.495,0.884694846128904
0.496,0.884256588419821
0.497,0.883817663995536
0.498,0.88337807406462
0.499,0.882937819837042
0.5,0.882496902524159
0.501,0.882055323338715
0.502,0.881613083494829
0.503,0.881170184207998
0.504,0.880726626695083
0.505,0.880282412174309
0.506,0.879837541865258
0.507,0.879392016988862
0.508,0.8789458387674
0.509,0.878499008424489
0.51,0.878051527185082
0.511,0.87760339627546
0.512,0.877154616923228
0.513,0.876705190357308
0.514,0.876255117807935
0.515,0.875804400506649
0.516,0.875353039686293
0.517,0.874901036581004
0.518,0.874448392426208
0.519,0.873995108458617
0.52,0.87354118591622
0.521,0.87308662603828
0.522,0.872631430065325
0.523,0.872175599239148
0.524,0.871719134802795
0.525,0.871262038000564
0.526,0.870804310077997
0.527,0.870345952281877
0.528,0.869886965860217
0.529,0.869427352062261
0.53,0.868967112138474
0.531,0.868506247340538
0.532,0.868044758921345
0.533,0.867582648134993
0.534,0.867119916236779
0.535,0.866656564483195
0.536,0.86619259413192
0.537,0.865728006441816
0.538,0.865262802672923
0.539,0.864796984086452
0.54,0.864330551944777
0.541,0.863863507511436
0.542,0.863395852051118
0.543,0.862927586829662
0.544,0.862458713114051
0.545,0.861989232172402
0.546,0.861519145273967
0.547,0.861048453689121
0.548,0.860577158689362
0.549,0.860105261547299
0.55,0.859632763536652
0.551,0.859159665932245
0.552,0.858685970009996
0.553,0.858211677046917
0.554,0.857736788321106
0.555,0.85726130511174
0.556,0.856785228699072
0.557,0.856308560364422
0.558,0.855831301390175
0.559,0.855353453059771
0.56,0.854875016657703
0.561,0.854395993469511
0.562,0.853916384781774
0.563,0.853436191882103
0.564,0.852955416059142
0.565,0.852474058602557
0.566,0.851992120803028
0.567,0.85150960395225
0.568,0.851026509342922
0.569,0.850542838268744
0.57,0.850058592024411
0.571,0.849573771905603
0.572,0.849088379208987
0.573,0.848602415232206
0.574,0.848115881273872
0.575,0.847628778633565
0.576,0.847141108611824
0.577,0.846652872510141
0.578,0.846164071630959
0.579,0.845674707277661
0.58,0.845184780754568
0.581,0.844694293366932
0.582,0.844203246420929
0.583,0.843711641223656
0.584,0.843219479083124
0.585,0.842726761308251
0.586,0.842233489208857
0.587,0.841739664095659
0.588,0.841245287280265
0.589,0.840750360075168
0.59,0.840254883793739
0.591,0.839758859750224
0.592,0.839262289259735
0.593,0.838765173638247
0.594,0.838267514202591
0.595,0.837769312270448
0.596,0.837270569160344
0.597,0.836771286191642
0.598,0.83627146468454
0.599,0.835771105960063
0.6,0.835270211340057
0.601,0.834768782147183
0.602,0.834266819704912
0.603,0.833764325337521
0.604,0.833261300370084
0.605,0.832757746128466
0.606,0.832253663939321
0.607,0.831749055130083
0.608,0.831243921028962
0.609,0.830738262964936
0.61,0.830232082267749
0.611,0.829725380267899
0.612,0.82921815829664
0.613,0.828710417685971
0.614,0.82820215976863
0.615,0.827693385878091
0.616,0.827184097348557
0.617,0.826674295514955
0.618,0.826163981712927
0.619,0.825653157278829
0.62,0.825141823549722
0.621,0.824629981863365
0.622,0.824117633558215
0.623,0.823604779973415
0.624,0.82309142244879
0.625,0.822577562324845
0.626,0.822063200942754
0.627,0.821548339644355
0.628,0.821032979772148
0.629,0.820517122669287
0.63,0.820000769679571
0.631,0.819483922147445
0.632,0.818966581417987
0.633,0.818448748836907
0.634,0.81793042575054
0.635,0.817411613505841
0.636,0.816892313450377
0.637,0.816372526932323
0.638,0.815852255300455
0.639,0.815331499904147
0.64,0.814810262093361
0.641,0.814288543218644
0.642,0.813766344631123
0.643,0.813243667682497
0.644,0.812720513725031
0.645,0.812196884111552
0.646,0.811672780195444
0.647,0.811148203330639
0.648,0.810623154871614
0.649,0.810097636173384
0.65,0.809571648591495
0.651,0.809045193482023
0.652,0.808518272201562
0.653,0.807990886107224
0.654,0.807463036556627
0.655,0.806934724907896
0.656,0.806405952519651
0.657,0.805876720751005
0.658,0.80534703096156
0.659,0.804816884511395
0.66,0.804286282761066
0.661,0.803755227071598
0.662,0.803223718804479
0.663,0.802691759321654
0.664,0.802159349985521
0.665,0.801626492158924
0.666,0.801093187205146
0.667,0.800559436487907
0.668,0.800025241371353
0.669,0.799490603220056
0.67,0.798955523399004
0.671,0.798420003273597
0.672,0.797884044209641
0.673,0.797347647573341
0.674,0.796810814731299
0.675,0.796273547050504
0.676,0.795735845898328
0.677,0.795197712642521
0.678,0.794659148651204
0.679,0.794120155292865
0.68,0.793580733936351
0.681,0.793040885950863
0.682,0.792500612705952
0.683,0.791959915571511
0.684,0.791418795917772
0.685,0.790877255115296
0.686,0.790335294534971
0.687,0.789792915548006
0.688,0.789250119525924
0.689,0.788706907840556
0.69,0.788163281864038
0.691,0.7876192429688
0.692,0.787074792527567
0.693,0.786529931913348
0.694,0.785984662499433
0.695,0.785438985659387
0.696,0.784892902767044
0.697,0.7843464151965
0.698,0.783799524322109
0.699,0.783252231518479
0.7,0.78270453816046
0.701,0.782156445623147
0.702,0.781607955281866
0.703,0.781059068512176
0.704,0.780509786689857
0.705,0.779960111190907
0.706,0.779410043391537
0.707,0.778859584668165
0.708,0.778308736397408
0.709,0.777757499956082
0.71,0.777205876721189
0.711,0.776653868069917
0.712,0.776101475379631
0.713,0.77554870002787
0.714,0.77499554339234
0.715,0.774442006850907
0.716,0.773888091781594
0.717,0.773333799562576
0.718,0.772779131572169
0.719,0.77222408918883
0.72,0.77166867379115
0.721,0.771112886757847
0.722,0.770556729467762
0.723,0.77000020329985
0.724,0.76944330963318
0.725,0.768886049846925
0.726,0.768328425320358
0.727,0.767770437432845
0.728,0.767212087563844
0.729,0.766653377092893
0.73,0.766094307399607
0.731,0.765534879863677
0.732,0.764975095864856
0.733,0.764414956782959
0.734,0.763854463997858
0.735,0.763293618889471
0.736,0.762732422837765
0.737,0.76217087722274
0.738,0.761608983424434
0.739,0.76104674282291
0.74,0.760484156798252
0.741,0.759921226730562
0.742,0.759357953999952
0.743,0.758794339986542
0.744,0.758230386070448
0.745,0.757666093631782
0.746,0.757101464050644
0.747,0.756536498707119
0.748,0.755971198981268
0.749,0.755405566253125
0.75,0.754839601902691
0.751,0.754273307309927
0.752,0.753706683854752
0.753,0.753139732917032
0.754,0.752572455876582
0.755,0.752004854113152
0.756,0.751436929006429
0.757,0.750868681936028
0.758,0.750300114281485
0.759,0.749731227422256
0.76,0.749162022737706
0.761,0.748592501607109
0.762,0.748022665409641
0.763,0.74745251552437
0.764,0.746882053330258
0.765,0.746311280206149
0.766,0.745740197530769
0.767,0.745168806682716
0.768,0.744597109040456
0.769,0.744025105982321
0.77,0.743452798886499
0.771,0.742880189131029
0.772,0.7423072780938
0.773,0.74173406715254
0.774,0.741160557684814
0.775,0.740586751068018
0.776,0.740012648679373
0.777,0.739438251895921
0.778,0.738863562094517
0.779,0.738288580651827
0.78,0.737713308944321
0.781,0.737137748348265
0.782,0.736561900239721
0.783,0.735985765994539
0.784,0.735409346988349
0.785,0.734832644596561
0.786,0.734255660194355
0.787,0.733678395156679
0.788,0.733100850858241
0.789,0.732523028673507
0.79,0.731944929976691
0.791,0.731366556141754
0.792,0.730787908542398
0.793,0.730208988552056
0.794,0.729629797543896
0.795,0.729050336890805
0.796,0.728470607965393
0.797,0.727890612139982
0.798,0.727310350786601
0.799,0.726729825276985
0.8,0.726149036982564
0.801,0.725567987274465
0.802,0.724986677523498
0.803,0.724405109100157
0.804,0.723823283374614
0.805,0.723241201716712
0.806,0.722658865495959
0.807,0.722076276081527
0.808,0.721493434842242
0.809,0.720910343146584
0.81,0.720327002362674
0.811,0.719743413858278
0.812,0.719159579000795
0.813,0.718575499157255
0.814,0.717991175694313
0.815,0.717406609978245
0.816,0.71682180337494
0.817,0.716236757249897
0.818,0.71565147296822
0.819,0.715065951894613
0.82,0.714480195393372
0.821,0.713894204828385
0.822,0.713307981563122
0.823,0.712721526960631
0.824,0.712134842383537
0.825,0.711547929194031
0.826,0.710960788753868
0.827,0.710373422424362
0.828,0.709785831566381
0.829,0.709198017540339
0.83,0.708609981706197
0.831,0.70802172542345
0.832,0.70743325005113
0.833,0.706844556947793
0.834,0.706255647471523
0.835,0.705666522979917
0.836,0.705077184830089
0.837,0.704487634378658
0.838,0.703897872981749
0.839,0.703307901994982
0.84,0.702717722773473
0.841,0.702127336671822
0.842,0.701536745044116
0.843,0.700945949243918
0.844,0.700354950624264
0.845,0.699763750537658
0.846,0.699172350336069
0.847,0.698580751370922
0.848,0.697988954993096
0.849,0.697396962552918
0.85,0.696804775400158
0.851,0.696212394884027
0.852,0.695619822353166
0.853,0.695027059155645
0.854,0.694434106638961
0.855,0.693840966150027
0.856,0.693247639035169
0.857,0.692654126640124
0.858,0.692060430310034
0.859,0.691466551389438
0.86,0.690872491222269
0.861,0.690278251151853
0.862,0.689683832520897
0.863,0.689089236671491
0.864,0.688494464945097
0.865,0.687899518682549
0.866,0.687304399224047
0.867,0.68670910790915
0.868,0.686113646076774
0.869,0.685518015065185
0.87,0.684922216211996
0.871,0.684326250854161
0.872,0.683730120327971
0.873,0.683133825969048
0.874,0.682537369112343
0.875,0.681940751092127
0.876,0.68134397324199
0.877,0.680747036894835
0.878,0.680149943382873
0.879,0.679552694037618
0.88,0.678955290189883
0.881,0.678357733169775
0.882,0.677760024306691
0.883,0.677162164929311
0.884,0.676564156365598
0.885,0.675965999942787
0.886,0.675367696987385
0.887,0.674769248825165
0.888,0.674170656781162
0.889,0.673571922179666
0.89,0.67297304634422
0.891,0.672374030597614
0.892,0.671774876261882
0.893,0.671175584658295
0.894,0.670576157107358
0.895,0.669976594928805
0.896,0.669376899441593
0.897,0.668777071963902
0.898,0.668177113813124
0.899,0.667577026305863
0.9,0.66697681075793
0.901,0.666376468484336
0.902,0.66577600079929
0.903,0.665175409016192
0.904,0.664574694447632
0.905,0.663973858405383
0.906,0.663372902200396
0.907,0.662771827142796
0.908,0.662170634541881
0.909,0.661569325706112
0.91,0.660967901943111
0.911,0.660366364559656
0.912,0.65976471486168
0.913,0.659162954154261
0.914,0.65856108374162
0.915,0.657959104927119
0.916,0.657357019013251
0.917,0.656754827301644
0.918,0.656152531093045
0.919,0.655550131687328
0.92,0.65494763038348
0.921,0.654345028479601
0.922,0.6537423272729
0.923,0.65313952805969
0.924,0.652536632135381
0.925,0.65193364079448
0.926,0.651330555330584
0.927,0.650727377036375
0.928,0.650124107203618
0.929,0.649520747123156
0.93,0.648917298084904
0.931,0.648313761377848
0.932,0.647710138290036
0.933,0.647106430108578
0.934,0.64650263811964
0.935,0.64589876360844
0.936,0.645294807859243
0.937,0.644690772155358
0.938,0.644086657779133
0.939,0.643482466011951
0.94,0.642878198134226
0.941,0.642273855425397
0.942,0.641669439163926
0.943,0.641064950627294
0.944,0.640460391091996
0.945,0.639855761833535
0.946,0.63925106412642
0.947,0.638646299244162
0.948,0.638041468459271
0.949,0.637436573043246
0.95,0.636831614266579
0.951,0.636226593398745
0.952,0.635621511708199
0.953,0.635016370462374
0.954,0.634411170927676
0.955,0.633805914369478
0.956,0.633200602052117
0.957,0.632595235238893
0.958,0.63198981519206
0.959,0.631384343172825
0.96,0.630778820441343
0.961,0.630173248256713
0.962,0.629567627876975
0.963,0.628961960559104
0.964,0.628356247559007
0.965,0.62775049013152
0.966,0.627144689530404
0.967,0.626538847008338
0.968,0.625932963816917
0.969,0.625327041206652
0.97,0.624721080426959
0.971,0.624115082726157
0.972,0.62350904935147
0.973,0.622902981549015
0.974,0.622296880563802
0.975,0.621690747639731
0.976,0.621084584019587
0.977,0.620478390945033
0.978,0.619872169656613
0.979,0.619265921393741
0.98,0.618659647394702
0.981,0.618053348896647
0.982,0.617447027135586
0.983,0.616840683346389
0.984,0.616234318762781
0.985,0.615627934617334
0.986,0.615021532141468
0.987,0.614415112565448
0.988,0.613808677118373
0.989,0.613202227028181
0.99,0.61259576352164
0.991,0.611989287824345
0.992,0.611382801160716
0.993,0.610776304753992
0.994,0.610169799826229
0.995,0.609563287598295
0.996,0.608956769289868
0.997,0.608350246119431
0.998,0.607743719304266
0.999,0.607137190060458
1,0.606530659602881
1.001,0.605924129145203
1.002,0.605317599899878
1.003,0.604711073078143
1.004,0.604104549890015
1.005,0.603498031544287
1.006,0.602891519248524
1.007,0.60228501420906
1.008,0.601678517630996
1.009,0.601072030718191
1.01,0.600465554673267
1.011,0.599859090697596
1.012,0.599252639991304
1.013,0.598646203753262
1.014,0.598039783181088
1.015,0.597433379471139
1.016,0.596826993818508
1.017,0.596220627417022
1.018,0.595614281459239
1.019,0.595007957136443
1.02,0.594401655638641
1.021,0.593795378154559
1.022,0.593189125871638
1.023,0.592582899976036
1.024,0.591976701652615
1.025,0.591370532084946
1.026,0.590764392455303
1.027,0.590158283944655
1.028,0.589552207732672
1.029,0.588946164997711
1.03,0.588340156916823
1.031,0.587734184665739
1.032,0.587128249418878
1.033,0.586522352349334
1.034,0.585916494628877
1.035,0.585310677427951
1.036,0.584704901915666
1.037,0.5840991692598
1.038,0.583493480626793
1.039,0.582887837181743
1.04,0.582282240088404
1.041,0.581676690509184
1.042,0.581071189605137
1.043,0.580465738535968
1.044,0.57986033846002
1.045,0.579254990534277
1.046,0.578649695914361
1.047,0.578044455754525
1.048,0.577439271207654
1.049,0.576834143425258
1.05,0.576229073557473
1.051,0.575624062753052
1.052,0.575019112159368
1.053,0.574414222922408
1.054,0.573809396186769
1.055,0.573204633095657
1.056,0.572599934790882
1.057,0.571995302412856
1.058,0.571390737100591
1.059,0.570786239991692
1.06,0.570181812222359
1.061,0.56957745492738
1.062,0.56897316924013
1.063,0.568368956292568
1.064,0.567764817215232
1.065,0.567160753137238
1.066,0.566556765186278
1.067,0.565952854488612
1.068,0.565349022169072
1.069,0.564745269351053
1.07,0.564141597156514
1.071,0.563538006705971
1.072,0.5629344991185
1.073,0.562331075511729
1.074,0.561727737001836
1.075,0.561124484703547
1.076,0.560521319730136
1.077,0.559918243193414
1.078,0.559315256203735
1.079,0.558712359869988
1.08,0.558109555299595
1.081,0.55750684359851
1.082,0.556904225871213
1.083,0.55630170322071
1.084,0.555699276748528
1.085,0.555096947554716
1.086,0.554494716737837
1.087,0.553892585394968
1.088,0.553290554621697
1.089,0.552688625512121
1.09,0.552086799158843
1.091,0.551485076652967
1.092,0.550883459084097
1.093,0.550281947540335
1.094,0.549680543108279
1.095,0.549079246873016
1.096,0.548478059918124
1.097,0.547876983325667
1.098,0.547276018176193
1.099,0.546675165548731
1.1,0.546074426520788
1.101,0.545473802168347
1.102,0.544873293565864
1.103,0.544272901786268
1.104,0.543672627900953
1.105,0.543072472979779
1.106,0.54247243809107
1.107,0.541872524301609
1.108,0.541272732676639
1.109,0.540673064279855
1.11,0.540073520173407
1.111,0.539474101417894
1.112,0.538874809072361
1.113,0.538275644194302
1.114,0.53767660783965
1.115,0.53707770106278
1.116,0.536478924916503
1.117,0.535880280452066
1.118,0.53528176871915
1.119,0.534683390765862
1.12,0.534085147638742
1.121,0.533487040382753
1.122,0.532889070041279
1.123,0.532291237656127
1.124,0.531693544267522
1.125,0.531095990914104
1.126,0.530498578632926
1.127,0.529901308459452
1.128,0.529304181427556
1.129,0.528707198569518
1.13,0.52811036091602
1.131,0.527513669496148
1.132,0.526917125337385
1.133,0.526320729465614
1.134,0.52572448290511
1.135,0.525128386678543
1.136,0.52453244180697
1.137,0.523936649309839
1.138,0.523341010204983
1.139,0.522745525508616
1.14,0.522150196235337
1.141,0.521555023398121
1.142,0.520960008008321
1.143,0.520365151075666
1.144,0.519770453608255
1.145,0.519175916612559
1.146,0.518581541093416
1.147,0.517987328054031
1.148,0.517393278495972
1.149,0.516799393419169
1.15,0.516205673821912
1.151,0.515612120700847
1.152,0.515018735050978
1.153,0.51442551786566
1.154,0.513832470136599
1.155,0.513239592853853
1.156,0.512646887005823
1.157,0.512054353579259
1.158,0.511461993559251
1.159,0.510869807929232
1.16,0.510277797670973
1.161,0.509685963764583
1.162,0.509094307188503
1.163,0.508502828919511
1.164,0.507911529932714
1.165,0.507320411201548
1.166,0.506729473697776
1.167,0.506138718391486
1.168,0.505548146251092
1.169,0.504957758243325
1.17,0.504367555333239
1.171,0.503777538484204
1.172,0.503187708657906
1.173,0.502598066814343
1.174,0.502008613911829
1.175,0.501419350906984
1.176,0.500830278754738
1.177,0.500241398408327
1.178,0.499652710819294
1.179,0.49906421693748
1.18,0.49847591771103
1.181,0.497887814086389
1.182,0.497299907008297
1.183,0.496712197419792
1.184,0.496124686262202
1.185,0.495537374475153
1.186,0.494950262996556
1.187,0.494363352762614
1.188,0.493776644707814
1.189,0.493190139764932
1.19,0.492603838865024
1.191,0.49201774293743
1.192,0.49143185290977
1.193,0.490846169707942
1.194,0.490260694256121
1.195,0.489675427476756
1.196,0.489090370290573
1.197,0.488505523616566
1.198,0.487920888372002
1.199,0.487336465472415
1.2,0.486752255831609
1.201,0.486168260361651
1.202,0.485584479972873
1.203,0.485000915573869
1.204,0.484417568071494
1.205,0.483834438370863
1.206,0.483251527375349
1.207,0.48266883598658
1.208,0.482086365104441
1.209,0.481504115627069
1.21,0.480922088450852
1.211,0.480340284470431
1.212,0.479758704578693
1.213,0.479177349666776
1.214,0.47859622062406
1.215,0.478015318338172
1.216,0.477434643694983
1.217,0.476854197578604
1.218,0.476273980871388
1.219,0.475693994453925
1.22,0.475114239205044
1.221,0.474534716001811
1.222,0.473955425719525
1.223,0.473376369231719
1.224,0.472797547410161
1.225,0.472218961124846
1.226,0.471640611244001
1.227,0.47106249863408
1.228,0.470484624159765
1.229,0.469906988683964
1.23,0.469329593067807
1.231,0.468752438170651
1.232,0.468175524850072
1.233,0.467598853961867
1.234,0.467022426360054
1.235,0.466446242896868
1.236,0.465870304422761
1.237,0.465294611786402
1.238,0.464719165834672
1.239,0.464143967412669
1.24,0.463569017363701
1.241,0.462994316529287
1.242,0.462419865749158
1.243,0.461845665861251
1.244,0.461271717701714
1.245,0.460698022104898
1.246,0.460124579903362
1.247,0.459551391927868
1.248,0.458978459007384
1.249,0.458405781969076
1.25,0.457833361638314
1.251,0.457261198838669
1.252,0.456689294391908
1.253,0.456117649117998
1.254,0.455546263835102
1.255,0.454975139359581
1.256,0.454404276505989
1.257,0.453833676087075
1.258,0.45326333891378
1.259,0.452693265795238
1.26,0.452123457538774
1.261,0.451553914949903
1.262,0.450984638832328
1.263,0.450415629987943
1.264,0.449846889216827
1.265,0.449278417317245
1.266,0.448710215085651
1.267,0.448142283316679
1.268,0.447574622803151
1.269,0.447007234336069
1.27,0.446440118704618
1.271,0.445873276696164
1.272,0.445306709096254
1.273,0.444740416688613
1.274,0.444174400255146
1.275,0.443608660575936
1.276,0.443043198429242
1.277,0.4424780145915
1.278,0.441913109837322
1.279,0.441348484939494
1.28,0.440784140668975
1.281,0.4402200777949
1.282,0.439656297084574
1.283,0.439092799303474
1.284,0.438529585215249
1.285,0.437966655581718
1.286,0.43740401116287
1.287,0.436841652716862
1.288,0.436279581000021
1.289,0.435717796766838
1.29,0.435156300769976
1.291,0.43459509376026
1.292,0.434034176486683
1.293,0.433473549696403
1.294,0.43291321413474
1.295,0.43235317054518
1.296,0.431793419669372
1.297,0.431233962247128
1.298,0.430674799016421
1.299,0.430115930713386
1.3,0.429557358072318
1.301,0.428999081825674
1.302,0.428441102704069
1.303,0.42788342143628
1.304,0.427326038749239
1.305,0.42676895536804
1.306,0.426212172015932
1.307,0.425655689414322
1.308,0.425099508282776
1.309,0.424543629339012
1.31,0.423988053298908
1.311,0.423432780876495
1.312,0.422877812783961
1.313,0.422323149731645
1.314,0.421768792428044
1.315,0.421214741579806
1.316,0.420660997891735
1.317,0.420107562066784
1.318,0.419554434806063
1.319,0.419001616808831
1.32,0.4184491087725
1.321,0.417896911392633
1.322,0.417345025362945
1.323,0.416793451375301
1.324,0.416242190119717
1.325,0.415691242284358
1.326,0.415140608555539
1.327,0.414590289617726
1.328,0.414040286153534
1.329,0.413490598843725
1.33,0.412941228367211
1.331,0.412392175401054
1.332,0.411843440620462
1.333,0.411295024698792
1.334,0.410746928307547
1.335,0.410199152116381
1.336,0.409651696793092
1.337,0.409104563003627
1.338,0.408557751412079
1.339,0.408011262680689
1.34,0.407465097469842
1.341,0.406919256438072
1.342,0.406373740242059
1.343,0.405828549536627
1.344,0.40528368497475
1.345,0.404739147207543
1.346,0.40419493688427
1.347,0.40365105465234
1.348,0.403107501157308
1.349,0.402564277042872
1.35,0.402021382950879
1.351,0.401478819521319
1.352,0.400936587392327
1.353,0.400394687200185
1.354,0.39985311957932
1.355,0.399311885162302
1.356,0.398770984579848
1.357,0.398230418460821
1.358,0.397690187432226
1.359,0.397150292119216
1.36,0.396610733145088
1.361,0.396071511131284
1.362,0.395532626697392
1.363,0.394994080461145
1.364,0.39445587303842
1.365,0.393918005043242
1.366,0.393380477087779
1.367,0.392843289782346
1.368,0.392306443735403
1.369,0.391769939553556
1.37,0.391233777841557
1.371,0.390697959202303
1.372,0.390162484236838
1.373,0.389627353544352
1.374,0.389092567722182
1.375,0.388558127365809
1.376,0.388024033068865
1.377,0.387490285423124
1.378,0.386956885018511
1.379,0.386423832443097
1.38,0.385891128283098
1.381,0.385358773122882
1.382,0.384826767544962
1.383,0.384295112129999
1.384,0.383763807456803
1.385,0.383232854102333
1.386,0.382702252641696
1.387,0.382172003648149
1.388,0.381642107693097
1.389,0.381112565346097
1.39,0.380583377174852
1.391,0.380054543745219
1.392,0.379526065621204
1.393,0.378997943364964
1.394,0.378470177536806
1.395,0.377942768695191
1.396,0.37741571739673
1.397,0.376889024196186
1.398,0.376362689646475
1.399,0.375836714298667
1.4,0.375311098701984
1.401,0.374785843403802
1.402,0.374260948949651
1.403,0.373736415883215
1.404,0.373212244746335
1.405,0.372688436079004
1.406,0.372164990419374
1.407,0.37164190830375
1.408,0.371119190266597
1.409,0.370596836840534
1.41,0.37007484855634
1.411,0.36955322594295
1.412,0.369031969527459
1.413,0.368511079835121
1.414,0.367990557389347
1.415,0.367470402711711
1.416,0.366950616321946
1.417,0.366431198737947
1.418,0.365912150475769
1.419,0.36539347204963
1.42,0.364875163971912
1.421,0.364357226753156
1.422,0.363839660902072
1.423,0.363322466925531
1.424,0.36280564532857
1.425,0.36228919661439
1.426,0.361773121284361
1.427,0.361257419838018
1.428,0.360742092773063
1.429,0.360227140585366
1.43,0.359712563768966
1.431,0.359198362816072
1.432,0.358684538217062
1.433,0.358171090460483
1.434,0.357658020033055
1.435,0.357145327419671
1.436,0.356633013103394
1.437,0.356121077565462
1.438,0.355609521285285
1.439,0.35509834474045
1.44,0.354587548406717
1.441,0.354077132758025
1.442,0.353567098266486
1.443,0.353057445402394
1.444,0.352548174634216
1.445,0.352039286428603
1.446,0.351530781250384
1.447,0.351022659562566
1.448,0.350514921826341
1.449,0.350007568501082
1.45,0.349500600044344
1.451,0.348994016911866
1.452,0.348487819557572
1.453,0.347982008433571
1.454,0.347476583990159
1.455,0.346971546675817
1.456,0.346466896937217
1.457,0.345962635219216
1.458,0.345458761964864
1.459,0.344955277615399
1.46,0.34445218261025
1.461,0.343949477387041
1.462,0.343447162381586
1.463,0.342945238027895
1.464,0.342443704758172
1.465,0.341942563002816
1.466,0.341441813190424
1.467,0.340941455747791
1.468,0.340441491099908
1.469,0.339941919669968
1.47,0.339442741879364
1.471,0.338943958147689
1.472,0.338445568892739
1.473,0.337947574530515
1.474,0.337449975475219
1.475,0.336952772139261
1.476,0.336455964933257
1.477,0.335959554266028
1.478,0.335463540544607
1.479,0.334967924174233
1.48,0.334472705558356
1.481,0.33397788509864
1.482,0.333483463194957
1.483,0.332989440245396
1.484,0.332495816646259
1.485,0.332002592792064
1.486,0.331509769075545
1.487,0.331017345887655
1.488,0.330525323617564
1.489,0.330033702652664
1.49,0.329542483378565
1.491,0.329051666179103
1.492,0.328561251436333
1.493,0.328071239530538
1.494,0.327581630840224
1.495,0.327092425742125
1.496,0.326603624611201
1.497,0.326115227820642
1.498,0.325627235741869
1.499,0.325139648744532
1.5,0.324652467196516
1.501,0.324165691463936
1.502,0.323679321911145
1.503,0.323193358900729
1.504,0.322707802793515
1.505,0.322222653948564
1.506,0.32173791272318
1.507,0.321253579472905
1.508,0.320769654551524
1.509,0.320286138311066
1.51,0.319803031101804
1.511,0.319320333272255
1.512,0.318838045169186
1.513,0.31835616713761
1.514,0.317874699520789
1.515,0.317393642660238
1.516,0.316912996895722
1.517,0.316432762565261
1.518,0.315952940005127
1.519,0.31547352954985
1.52,0.314994531532217
1.521,0.314515946283273
1.522,0.314037774132324
1.523,0.313560015406935
1.524,0.313082670432934
1.525,0.312605739534415
1.526,0.312129223033735
1.527,0.311653121251519
1.528,0.311177434506658
1.529,0.310702163116313
1.53,0.310227307395917
1.531,0.309752867659174
1.532,0.309278844218061
1.533,0.30880523738283
1.534,0.30833204746201
1.535,0.307859274762406
1.536,0.307386919589104
1.537,0.306914982245469
1.538,0.306443463033149
1.539,0.305972362252073
1.54,0.305501680200458
1.541,0.305031417174805
1.542,0.304561573469902
1.543,0.304092149378829
1.544,0.303623145192954
1.545,0.303154561201938
1.546,0.302686397693735
1.547,0.302218654954594
1.548,0.301751333269062
1.549,0.301284432919981
1.55,0.300817954188495
1.551,0.300351897354049
1.552,0.299886262694389
1.553,0.299421050485565
1.554,0.298956261001934
1.555,0.298491894516159
1.556,0.298027951299212
1.557,0.297564431620374
1.558,0.297101335747241
1.559,0.296638663945718
1.56,0.296176416480027
1.561,0.295714593612706
1.562,0.295253195604613
1.563,0.294792222714921
1.564,0.294331675201128
1.565,0.293871553319054
1.566,0.293411857322843
1.567,0.292952587464963
1.568,0.292493743996213
1.569,0.292035327165719
1.57,0.291577337220937
1.571,0.291119774407659
1.572,0.290662638970006
1.573,0.290205931150438
1.574,0.289749651189753
1.575,0.289293799327085
1.576,0.288838375799911
1.577,0.288383380844048
1.578,0.287928814693659
1.579,0.287474677581253
1.58,0.287020969737685
1.581,0.286567691392158
1.582,0.286114842772227
1.583,0.285662424103801
1.584,0.285210435611139
1.585,0.28475887751686
1.586,0.284307750041938
1.587,0.283857053405707
1.588,0.283406787825861
1.589,0.282956953518458
1.59,0.282507550697919
1.591,0.282058579577032
1.592,0.281610040366953
1.593,0.281161933277208
1.594,0.280714258515692
1.595,0.280267016288677
1.596,0.279820206800806
1.597,0.279373830255101
1.598,0.278927886852962
1.599,0.278482376794168
1.6,0.278037300276883
1.601,0.277592657497652
1.602,0.277148448651406
1.603,0.276704673931464
1.604,0.276261333529535
1.605,0.275818427635718
1.606,0.275375956438504
1.607,0.274933920124781
1.608,0.274492318879831
1.609,0.274051152887336
1.61,0.273610422329378
1.611,0.273170127386441
1.612,0.272730268237411
1.613,0.272290845059583
1.614,0.271851858028656
1.615,0.271413307318742
1.616,0.270975193102362
1.617,0.270537515550451
1.618,0.270100274832358
1.619,0.26966347111585
1.62,0.269227104567114
1.621,0.268791175350754
1.622,0.268355683629801
1.623,0.267920629565708
1.624,0.267486013318354
1.625,0.267051835046048
1.626,0.266618094905528
1.627,0.266184793051965
1.628,0.265751929638964
1.629,0.265319504818565
1.63,0.264887518741247
1.631,0.26445597155593
1.632,0.264024863409973
1.633,0.263594194449181
1.634,0.263163964817804
1.635,0.262734174658539
1.636,0.262304824112535
1.637,0.261875913319391
1.638,0.261447442417159
1.639,0.261019411542348
1.64,0.260591820829923
1.641,0.260164670413311
1.642,0.259737960424398
1.643,0.259311690993535
1.644,0.258885862249538
1.645,0.258460474319692
1.646,0.258035527329749
1.647,0.257611021403934
1.648,0.257186956664946
1.649,0.256763333233959
1.65,0.256340151230624
1.651,0.255917410773073
1.652,0.25549511197792
1.653,0.25507325496026
1.654,0.254651839833677
1.655,0.254230866710241
1.656,0.253810335700512
1.657,0.253390246913543
1.658,0.252970600456879
1.659,0.252551396436563
1.66,0.252132634957136
1.661,0.251714316121638
1.662,0.251296440031612
1.663,0.250879006787105
1.664,0.250462016486671
1.665,0.250045469227372
1.666,0.24962936510478
1.667,0.249213704212982
1.668,0.248798486644577
1.669,0.248383712490682
1.67,0.247969381840935
1.671,0.247555494783491
1.672,0.247142051405033
1.673,0.246729051790764
1.674,0.24631649602442
1.675,0.245904384188262
1.676,0.245492716363086
1.677,0.245081492628221
1.678,0.244670713061529
1.679,0.244260377739415
1.68,0.243850486736821
1.681,0.243441040127233
1.682,0.243032037982681
1.683,0.242623480373741
1.684,0.24221536736954
1.685,0.241807699037753
1.686,0.241400475444611
1.687,0.2409936966549
1.688,0.240587362731962
1.689,0.240181473737699
1.69,0.239776029732578
1.691,0.239371030775625
1.692,0.238966476924437
1.693,0.238562368235177
1.694,0.238158704762579
1.695,0.237755486559951
1.696,0.237352713679174
1.697,0.236950386170709
1.698,0.236548504083594
1.699,0.23614706746545
1.7,0.235746076362482
1.701,0.235345530819481
1.702,0.234945430879825
1.703,0.234545776585486
1.704,0.234146567977024
1.705,0.2337478050936
1.706,0.233349487972966
1.707,0.232951616651478
1.708,0.232554191164093
1.709,0.23215721154437
1.71,0.231760677824476
1.711,0.231364590035187
1.712,0.230968948205888
1.713,0.230573752364578
1.714,0.230179002537872
1.715,0.229784698751001
1.716,0.229390841027817
1.717,0.228997429390794
1.718,0.22860446386103
1.719,0.228211944458249
1.72,0.227819871200805
1.721,0.227428244105683
1.722,0.227037063188501
1.723,0.226646328463514
1.724,0.226256039943613
1.725,0.22586619764033
1.726,0.225476801563841
1.727,0.225087851722966
1.728,0.224699348125172
1.729,0.224311290776576
1.73,0.223923679681947
1.731,0.223536514844707
1.732,0.223149796266935
1.733,0.22276352394937
1.734,0.222377697891411
1.735,0.22199231809112
1.736,0.221607384545225
1.737,0.221222897249124
1.738,0.220838856196883
1.739,0.22045526138124
1.74,0.220072112793612
1.741,0.219689410424089
1.742,0.219307154261445
1.743,0.218925344293131
1.744,0.218543980505287
1.745,0.218163062882738
1.746,0.217782591408997
1.747,0.217402566066271
1.748,0.217022986835458
1.749,0.216643853696154
1.75,0.216265166626653
1.751,0.215886925603951
1.752,0.215509130603745
1.753,0.215131781600439
1.754,0.214754878567145
1.755,0.214378421475685
1.756,0.214002410296594
1.757,0.213626844999123
1.758,0.213251725551238
1.759,0.212877051919627
1.76,0.212502824069699
1.761,0.212129041965589
1.762,0.211755705570158
1.763,0.211382814844996
1.764,0.211010369750426
1.765,0.210638370245505
1.766,0.210266816288025
1.767,0.209895707834519
1.768,0.20952504484026
1.769,0.209154827259266
1.77,0.2087850550443
1.771,0.208415728146873
1.772,0.208046846517249
1.773,0.207678410104444
1.774,0.207310418856231
1.775,0.206942872719139
1.776,0.20657577163846
1.777,0.206209115558247
1.778,0.20584290442132
1.779,0.205477138169267
1.78,0.205111816742445
1.781,0.204746940079984
1.782,0.204382508119789
1.783,0.204018520798545
1.784,0.203654978051714
1.785,0.203291879813541
1.786,0.202929226017057
1.787,0.20256701659408
1.788,0.202205251475216
1.789,0.201843930589867
1.79,0.201483053866225
1.791,0.201122621231281
1.792,0.200762632610828
1.793,0.200403087929457
1.794,0.200043987110566
1.795,0.199685330076358
1.796,0.199327116747847
1.797,0.198969347044857
1.798,0.198612020886027
1.799,0.198255138188814
1.8,0.197898698869492
1.801,0.197542702843158
1.802,0.197187150023731
1.803,0.196832040323959
1.804,0.196477373655417
1.805,0.196123149928513
1.806,0.195769369052488
1.807,0.195416030935418
1.808,0.195063135484221
1.809,0.194710682604653
1.81,0.194358672201316
1.811,0.194007104177657
1.812,0.193655978435971
1.813,0.193305294877407
1.814,0.192955053401964
1.815,0.192605253908499
1.816,0.192255896294728
1.817,0.191906980457227
1.818,0.191558506291436
1.819,0.191210473691661
1.82,0.190862882551077
1.821,0.190515732761728
1.822,0.190169024214534
1.823,0.189822756799289
1.824,0.189476930404666
1.825,0.18913154491822
1.826,0.188786600226388
1.827,0.188442096214494
1.828,0.188098032766749
1.829,0.187754409766255
1.83,0.187411227095009
1.831,0.187068484633903
1.832,0.186726182262726
1.833,0.18638431986017
1.834,0.186042897303829
1.835,0.185701914470203
1.836,0.1853613712347
1.837,0.185021267471641
1.838,0.184681603054258
1.839,0.184342377854699
1.84,0.184003591744031
1.841,0.183665244592241
1.842,0.183327336268242
1.843,0.182989866639869
1.844,0.182652835573888
1.845,0.182316242935995
1.846,0.181980088590819
1.847,0.181644372401925
1.848,0.181309094231818
1.849,0.180974253941941
1.85,0.180639851392683
1.851,0.180305886443377
1.852,0.179972358952306
1.853,0.179639268776703
1.854,0.179306615772753
1.855,0.178974399795601
1.856,0.178642620699346
1.857,0.178311278337051
1.858,0.177980372560741
1.859,0.177649903221407
1.86,0.177319870169009
1.861,0.176990273252478
1.862,0.176661112319719
1.863,0.176332387217612
1.864,0.176004097792016
1.865,0.175676243887771
1.866,0.175348825348702
1.867,0.175021842017617
1.868,0.174695293736316
1.869,0.174369180345587
1.87,0.174043501685216
1.871,0.173718257593979
1.872,0.173393447909658
1.873,0.173069072469029
1.874,0.172745131107878
1.875,0.172421623660993
1.876,0.172098549962172
1.877,0.171775909844226
1.878,0.171453703138977
1.879,0.171131929677266
1.88,0.170810589288951
1.881,0.170489681802912
1.882,0.170169207047053
1.883,0.169849164848305
1.884,0.169529555032627
1.885,0.169210377425009
1.886,0.168891631849477
1.887,0.168573318129092
1.888,0.168255436085954
1.889,0.167937985541206
1.89,0.167620966315033
1.891,0.167304378226669
1.892,0.166988221094394
1.893,0.166672494735543
1.894,0.166357198966504
1.895,0.16604233360272
1.896,0.165727898458695
1.897,0.165413893347994
1.898,0.165100318083248
1.899,0.164787172476153
1.9,0.164474456337474
1.901,0.164162169477049
1.902,0.163850311703789
1.903,0.163538882825685
1.904,0.163227882649803
1.905,0.162917310982294
1.906,0.162607167628392
1.907,0.162297452392419
1.908,0.161988165077786
1.909,0.161679305486996
1.91,0.161370873421647
1.911,0.161062868682432
1.912,0.160755291069146
1.913,0.160448140380686
1.914,0.160141416415051
1.915,0.15983511896935
1.916,0.1595292478398
1.917,0.159223802821731
1.918,0.158918783709587
1.919,0.15861419029693
1.92,0.15831002237644
1.921,0.158006279739922
1.922,0.157702962178303
1.923,0.157400069481638
1.924,0.157097601439113
1.925,0.156795557839046
1.926,0.156493938468888
1.927,0.156192743115228
1.928,0.155891971563796
1.929,0.155591623599464
1.93,0.155291699006248
1.931,0.154992197567312
1.932,0.154693119064969
1.933,0.154394463280686
1.934,0.154096229995083
1.935,0.153798418987938
1.936,0.15350103003819
1.937,0.153204062923939
1.938,0.15290751742245
1.939,0.152611393310156
1.94,0.152315690362661
1.941,0.152020408354739
1.942,0.151725547060339
1.943,0.151431106252591
1.944,0.151137085703801
1.945,0.150843485185458
1.946,0.150550304468238
1.947,0.150257543322003
1.948,0.149965201515805
1.949,0.149673278817889
1.95,0.149381774995693
1.951,0.149090689815855
1.952,0.148800023044212
1.953,0.148509774445802
1.954,0.148219943784871
1.955,0.147930530824868
1.956,0.147641535328456
1.957,0.147352957057508
1.958,0.147064795773114
1.959,0.146777051235578
1.96,0.146489723204427
1.961,0.146202811438409
1.962,0.145916315695497
1.963,0.14563023573289
1.964,0.14534457130702
1.965,0.145059322173548
1.966,0.144774488087372
1.967,0.144490068802626
1.968,0.144206064072683
1.969,0.143922473650161
1.97,0.143639297286919
1.971,0.143356534734067
1.972,0.143074185741961
1.973,0.142792250060212
1.974,0.142510727437684
1.975,0.142229617622497
1.976,0.141948920362034
1.977,0.141668635402937
1.978,0.141388762491113
1.979,0.141109301371737
1.98,0.140830251789253
1.981,0.140551613487375
1.982,0.140273386209094
1.983,0.139995569696676
1.984,0.139718163691668
1.985,0.139441167934896
1.986,0.139164582166473
1.987,0.138888406125796
1.988,0.138612639551555
1.989,0.138337282181726
1.99,0.138062333753584
1.991,0.137787794003698
1.992,0.137513662667935
1.993,0.137239939481466
1.994,0.136966624178765
1.995,0.13669371649361
1.996,0.13642121615909
1.997,0.136149122907605
1.998,0.135877436470867
1.999,0.135606156579906
2,0.135335282965069
2.001,0.135064815356025
2.002,0.134794753481764
2.003,0.134525097070606
2.004,0.134255845850195
2.005,0.133986999547507
2.006,0.133718557888852
2.007,0.133450520599875
2.008,0.133182887405559
2.009,0.132915658030226
2.01,0.132648832197542
2.011,0.132382409630519
2.012,0.132116390051515
2.013,0.131850773182238
2.014,0.13158555874375
2.015,0.131320746456467
2.016,0.131056336040162
2.017,0.130792327213968
2.018,0.13052871969638
2.019,0.130265513205257
2.02,0.130002707457826
2.021,0.129740302170683
2.022,0.129478297059795
2.023,0.129216691840504
2.024,0.128955486227528
2.025,0.128694679934964
2.026,0.128434272676291
2.027,0.12817426416437
2.028,0.127914654111451
2.029,0.127655442229169
2.03,0.127396628228554
2.031,0.127138211820024
2.032,0.126880192713399
2.033,0.126622570617891
2.034,0.126365345242117
2.035,0.126108516294094
2.036,0.125852083481246
2.037,0.125596046510404
2.038,0.125340405087808
2.039,0.125085158919112
2.04,0.124830307709383
2.041,0.124575851163107
2.042,0.124321788984188
2.043,0.124068120875951
2.044,0.123814846541149
2.045,0.123561965681957
2.046,0.123309477999981
2.047,0.123057383196259
2.048,0.122805680971261
2.049,0.122554371024895
2.05,0.122303453056505
2.051,0.122052926764876
2.052,0.121802791848239
2.053,0.121553048004266
2.054,0.121303694930081
2.055,0.121054732322254
2.056,0.12080615987681
2.057,0.120557977289229
2.058,0.120310184254446
2.059,0.120062780466858
2.06,0.119815765620321
2.061,0.119569139408156
2.062,0.119322901523153
2.063,0.119077051657567
2.064,0.118831589503125
2.065,0.11858651475103
2.066,0.118341827091957
2.067,0.118097526216062
2.068,0.117853611812979
2.069,0.117610083571826
2.07,0.117366941181205
2.071,0.117124184329207
2.072,0.116881812703412
2.073,0.116639825990889
2.074,0.116398223878206
2.075,0.116157006051423
2.076,0.115916172196102
2.077,0.115675721997304
2.078,0.115435655139594
2.079,0.115195971307044
2.08,0.114956670183232
2.081,0.114717751451248
2.082,0.114479214793691
2.083,0.11424105989268
2.084,0.114003286429847
2.085,0.113765894086344
2.086,0.113528882542847
2.087,0.113292251479553
2.088,0.113056000576187
2.089,0.112820129512001
2.09,0.112584637965779
2.091,0.112349525615838
2.092,0.112114792140028
2.093,0.11188043721574
2.094,0.111646460519902
2.095,0.111412861728985
2.096,0.111179640519004
2.097,0.11094679656552
2.098,0.110714329543644
2.099,0.110482239128037
2.1,0.110250524992913
2.101,0.110019186812043
2.102,0.109788224258754
2.103,0.109557637005933
2.104,0.10932742472603
2.105,0.10909758709106
2.106,0.108868123772602
2.107,0.108639034441807
2.108,0.108410318769394
2.109,0.108181976425658
2.11,0.107954007080468
2.111,0.107726410403271
2.112,0.107499186063093
2.113,0.107272333728544
2.114,0.107045853067817
2.115,0.106819743748692
2.116,0.106594005438537
2.117,0.106368637804313
2.118,0.10614364051257
2.119,0.105919013229458
2.12,0.105694755620722
2.121,0.105470867351707
2.122,0.105247348087359
2.123,0.10502419749223
2.124,0.104801415230478
2.125,0.104579000965867
2.126,0.104356954361774
2.127,0.104135275081188
2.128,0.103913962786713
2.129,0.10369301714057
2.13,0.103472437804599
2.131,0.103252224440263
2.132,0.103032376708645
2.133,0.102812894270457
2.134,0.102593776786039
2.135,0.102375023915358
2.136,0.102156635318017
2.137,0.101938610653249
2.138,0.101720949579928
2.139,0.101503651756564
2.14,0.101286716841308
2.141,0.101070144491954
2.142,0.10085393436594
2.143,0.100638086120355
2.144,0.100422599411932
2.145,0.100207473897058
2.146,0.0999927092317748
2.147,0.0997783050717773
2.148,0.0995642610724195
2.149,0.0993505768887149
2.15,0.0991372521753389
2.151,0.0989242865866311
2.152,0.0987116797765972
2.153,0.098499431398911
2.154,0.098287541106917
2.155,0.0980760085536318
2.156,0.0978648333917468
2.157,0.0976540152736298
2.158,0.0974435538513275
2.159,0.0972334487765672
2.16,0.0970236997007592
2.161,0.0968143062749987
2.162,0.096605268150068
2.163,0.0963965849764385
2.164,0.0961882564042725
2.165,0.095980282083426
2.166,0.0957726616634498
2.167,0.0955653947935924
2.168,0.0953584811228015
2.169,0.0951519202997263
2.17,0.0949457119727196
2.171,0.0947398557898398
2.172,0.0945343513988526
2.173,0.0943291984472335
2.174,0.0941243965821699
2.175,0.0939199454505626
2.176,0.0937158446990282
2.177,0.0935120939739013
2.178,0.093308692921236
2.179,0.0931056411868085
2.18,0.0929029384161187
2.181,0.0927005842543923
2.182,0.0924985783465829
2.183,0.0922969203373742
2.184,0.0920956098711816
2.185,0.0918946465921545
2.186,0.0916940301441781
2.187,0.0914937601708755
2.188,0.0912938363156098
2.189,0.091094258221486
2.19,0.0908950255313529
2.191,0.0906961378878052
2.192,0.0904975949331855
2.193,0.0902993963095861
2.194,0.0901015416588514
2.195,0.0899040306225792
2.196,0.0897068628421233
2.197,0.0895100379585953
2.198,0.0893135556128663
2.199,0.0891174154455691
2.2,0.0889216170971001
2.201,0.0887261602076214
2.202,0.0885310444170626
2.203,0.0883362693651226
2.204,0.0881418346912719
2.205,0.0879477400347542
2.206,0.0877539850345887
2.207,0.0875605693295716
2.208,0.0873674925582786
2.209,0.0871747543590661
2.21,0.0869823543700738
2.211,0.0867902922292264
2.212,0.0865985675742354
2.213,0.0864071800426009
2.214,0.0862161292716141
2.215,0.0860254148983584
2.216,0.0858350365597121
2.217,0.0856449938923497
2.218,0.0854552865327442
2.219,0.0852659141171687
2.22,0.0850768762816985
2.221,0.0848881726622128
2.222,0.084699802894397
2.223,0.0845117666137441
2.224,0.0843240634555567
2.225,0.0841366930549492
2.226,0.0839496550468494
2.227,0.0837629490660001
2.228,0.0835765747469617
2.229,0.0833905317241135
2.23,0.0832048196316556
2.231,0.083019438103611
2.232,0.0828343867738273
2.233,0.0826496652759785
2.234,0.0824652732435672
2.235,0.0822812103099258
2.236,0.0820974761082191
2.237,0.0819140702714454
2.238,0.0817309924324391
2.239,0.0815482422238719
2.24,0.0813658192782547
2.241,0.08118372322794
2.242,0.0810019537051231
2.243,0.0808205103418441
2.244,0.0806393927699899
2.245,0.0804586006212957
2.246,0.0802781335273472
2.247,0.080097991119582
2.248,0.0799181730292917
2.249,0.0797386788876235
2.25,0.0795595083255823
2.251,0.0793806609740321
2.252,0.079202136463698
2.253,0.0790239344251681
2.254,0.0788460544888949
2.255,0.0786684962851977
2.256,0.0784912594442636
2.257,0.0783143435961501
2.258,0.078137748370786
2.259,0.0779614733979742
2.26,0.0777855183073922
2.261,0.0776098827285952
2.262,0.0774345662910168
2.263,0.0772595686239713
2.264,0.0770848893566554
2.265,0.0769105281181495
2.266,0.0767364845374203
2.267,0.0765627582433216
2.268,0.076389348864597
2.269,0.0762162560298805
2.27,0.0760434793676994
2.271,0.075871018506475
2.272,0.0756988730745252
2.273,0.0755270427000656
2.274,0.0753555270112115
2.275,0.0751843256359794
2.276,0.0750134382022892
2.277,0.0748428643379652
2.278,0.0746726036707385
2.279,0.074502655828248
2.28,0.0743330204380428
2.281,0.0741636971275834
2.282,0.0739946855242435
2.283,0.0738259852553119
2.284,0.0736575959479939
2.285,0.0734895172294131
2.286,0.0733217487266131
2.287,0.0731542900665593
2.288,0.0729871408761401
2.289,0.0728203007821691
2.29,0.0726537694113864
2.291,0.0724875463904607
2.292,0.0723216313459904
2.293,0.0721560239045056
2.294,0.0719907236924695
2.295,0.0718257303362805
2.296,0.0716610434622734
2.297,0.0714966626967211
2.298,0.0713325876658364
2.299,0.0711688179957735
2.3,0.0710053533126299
2.301,0.0708421932424475
2.302,0.0706793374112147
2.303,0.0705167854448678
2.304,0.0703545369692927
2.305,0.0701925916103264
2.306,0.0700309489937588
2.307,0.0698696087453339
2.308,0.0697085704907521
2.309,0.0695478338556711
2.31,0.0693873984657077
2.311,0.0692272639464396
2.312,0.069067429923407
2.313,0.0689078960221137
2.314,0.0687486618680292
2.315,0.0685897270865901
2.316,0.0684310913032016
2.317,0.068272754143239
2.318,0.0681147152320498
2.319,0.0679569741949543
2.32,0.0677995306572483
2.321,0.0676423842442035
2.322,0.0674855345810701
2.323,0.0673289812930776
2.324,0.0671727240054366
2.325,0.0670167623433404
2.326,0.0668610959319667
2.327,0.0667057243964786
2.328,0.0665506473620267
2.329,0.0663958644537502
2.33,0.0662413752967788
2.331,0.0660871795162339
2.332,0.0659332767372302
2.333,0.0657796665848775
2.334,0.0656263486842816
2.335,0.0654733226605466
2.336,0.0653205881387756
2.337,0.0651681447440728
2.338,0.0650159921015447
2.339,0.0648641298363016
2.34,0.0647125575734594
2.341,0.0645612749381405
2.342,0.0644102815554758
2.343,0.0642595770506061
2.344,0.0641091610486833
2.345,0.0639590331748721
2.346,0.0638091930543515
2.347,0.063659640312316
2.348,0.0635103745739773
2.349,0.0633613954645659
2.35,0.0632127026093321
2.351,0.0630642956335477
2.352,0.0629161741625076
2.353,0.062768337821531
2.354,0.062620786235963
2.355,0.0624735190311759
2.356,0.0623265358325706
2.357,0.0621798362655782
2.358,0.0620334199556616
2.359,0.0618872865283163
2.36,0.0617414356090724
2.361,0.0615958668234958
2.362,0.0614505797971895
2.363,0.0613055741557953
2.364,0.0611608495249949
2.365,0.0610164055305115
2.366,0.060872241798111
2.367,0.0607283579536037
2.368,0.0605847536228456
2.369,0.0604414284317393
2.37,0.0602983820062361
2.371,0.0601556139723371
2.372,0.0600131239560944
2.373,0.0598709115836127
2.374,0.0597289764810505
2.375,0.0595873182746215
2.376,0.0594459365905962
2.377,0.0593048310553031
2.378,0.0591640012951297
2.379,0.0590234469365244
2.38,0.0588831676059978
2.381,0.0587431629301235
2.382,0.0586034325355402
2.383,0.0584639760489522
2.384,0.0583247930971316
2.385,0.0581858833069191
2.386,0.0580472463052253
2.387,0.0579088817190322
2.388,0.0577707891753947
2.389,0.0576329683014414
2.39,0.0574954187243766
2.391,0.0573581400714808
2.392,0.0572211319701126
2.393,0.0570843940477101
2.394,0.0569479259317916
2.395,0.0568117272499572
2.396,0.0566757976298905
2.397,0.0565401366993591
2.398,0.0564047440862165
2.399,0.0562696194184032
2.4,0.0561347623239479
2.401,0.0560001724309689
2.402,0.0558658493676751
2.403,0.0557317927623677
2.404,0.0555980022434411
2.405,0.0554644774393844
2.406,0.0553312179787825
2.407,0.0551982234903174
2.408,0.0550654936027694
2.409,0.0549330279450185
2.41,0.0548008261460455
2.411,0.0546688878349333
2.412,0.0545372126408681
2.413,0.0544058001931408
2.414,0.0542746501211477
2.415,0.0541437620543926
2.416,0.0540131356224873
2.417,0.0538827704551528
2.418,0.0537526661822213
2.419,0.0536228224336364
2.42,0.0534932388394551
2.421,0.0533639150298484
2.422,0.0532348506351032
2.423,0.0531060452856227
2.424,0.0529774986119282
2.425,0.0528492102446599
2.426,0.0527211798145786
2.427,0.0525934069525661
2.428,0.0524658912896271
2.429,0.0523386324568902
2.43,0.0522116300856087
2.431,0.0520848838071622
2.432,0.0519583932530576
2.433,0.0518321580549303
2.434,0.0517061778445453
2.435,0.0515804522537983
2.436,0.0514549809147173
2.437,0.0513297634594629
2.438,0.0512047995203304
2.439,0.0510800887297501
2.44,0.050955630720289
2.441,0.0508314251246519
2.442,0.0507074715756821
2.443,0.050583769706363
2.444,0.050460319149819
2.445,0.0503371195393167
2.446,0.0502141705082659
2.447,0.0500914716902209
2.448,0.0499690227188814
2.449,0.0498468232280939
2.45,0.0497248728518524
2.451,0.0496031712242998
2.452,0.0494817179797289
2.453,0.0493605127525837
2.454,0.0492395551774601
2.455,0.0491188448891073
2.456,0.0489983815224286
2.457,0.0488781647124829
2.458,0.0487581940944853
2.459,0.0486384693038087
2.46,0.0485189899759843
2.461,0.048399755746703
2.462,0.0482807662518165
2.463,0.0481620211273383
2.464,0.0480435200094445
2.465,0.0479252625344753
2.466,0.0478072483389358
2.467,0.0476894770594969
2.468,0.0475719483329968
2.469,0.0474546617964414
2.47,0.047337617087006
2.471,0.0472208138420358
2.472,0.0471042516990474
2.473,0.0469879302957293
2.474,0.0468718492699434
2.475,0.0467560082597257
2.476,0.0466404069032876
2.477,0.0465250448390165
2.478,0.0464099217054772
2.479,0.0462950371414129
2.48,0.0461803907857458
2.481,0.0460659822775785
2.482,0.0459518112561948
2.483,0.0458378773610609
2.484,0.045724180231826
2.485,0.0456107195083238
2.486,0.045497494830573
2.487,0.0453845058387785
2.488,0.0452717521733325
2.489,0.0451592334748151
2.49,0.0450469493839957
2.491,0.0449348995418337
2.492,0.0448230835894796
2.493,0.0447115011682757
2.494,0.0446001519197574
2.495,0.044489035485654
2.496,0.0443781515078896
2.497,0.044267499628584
2.498,0.0441570794900538
2.499,0.0440468907348133
2.5,0.0439369330055754
2.501,0.0438272059452525
2.502,0.0437177091969574
2.503,0.0436084424040045
2.504,0.0434994052099102
2.505,0.0433905972583943
2.506,0.0432820181933809
2.507,0.0431736676589988
2.508,0.0430655452995831
2.509,0.0429576507596755
2.51,0.0428499836840256
2.511,0.0427425437175917
2.512,0.0426353305055417
2.513,0.0425283436932537
2.514,0.0424215829263174
2.515,0.0423150478505347
2.516,0.0422087381119205
2.517,0.0421026533567038
2.518,0.0419967932313284
2.519,0.0418911573824538
2.52,0.0417857454569563
2.521,0.0416805571019295
2.522,0.0415755919646853
2.523,0.0414708496927551
2.524,0.0413663299338898
2.525,0.0412620323360618
2.526,0.041157956547465
2.527,0.0410541022165158
2.528,0.0409504689918541
2.529,0.0408470565223442
2.53,0.0407438644570755
2.531,0.0406408924453633
2.532,0.0405381401367495
2.533,0.0404356071810041
2.534,0.0403332932281249
2.535,0.0402311979283396
2.536,0.0401293209321054
2.537,0.0400276618901109
2.538,0.0399262204532759
2.539,0.0398249962727532
2.54,0.0397239889999284
2.541,0.0396231982864217
2.542,0.0395226237840878
2.543,0.0394222651450175
2.544,0.0393221220215377
2.545,0.0392221940662128
2.546,0.0391224809318452
2.547,0.0390229822714764
2.548,0.038923697738387
2.549,0.0388246269860986
2.55,0.0387257696683735
2.551,0.0386271254392163
2.552,0.038528693952874
2.553,0.0384304748638374
2.554,0.0383324678268412
2.555,0.0382346724968654
2.556,0.0381370885291356
2.557,0.0380397155791238
2.558,0.0379425533025495
2.559,0.03784560135538
2.56,0.0377488593938313
2.561,0.037652327074369
2.562,0.0375560040537088
2.563,0.0374598899888175
2.564,0.0373639845369132
2.565,0.0372682873554668
2.566,0.0371727981022021
2.567,0.0370775164350967
2.568,0.0369824420123828
2.569,0.036887574492548
2.57,0.0367929135343355
2.571,0.0366984587967456
2.572,0.0366042099390357
2.573,0.0365101666207213
2.574,0.0364163285015767
2.575,0.0363226952416359
2.576,0.0362292665011927
2.577,0.0361360419408019
2.578,0.0360430212212799
2.579,0.0359502040037053
2.58,0.0358575899494194
2.581,0.0357651787200274
2.582,0.0356729699773984
2.583,0.0355809633836667
2.584,0.0354891586012321
2.585,0.0353975552927604
2.586,0.0353061531211847
2.587,0.0352149517497053
2.588,0.035123950841791
2.589,0.0350331500611794
2.59,0.0349425490718774
2.591,0.0348521475381624
2.592,0.0347619451245823
2.593,0.0346719414959566
2.594,0.034582136317377
2.595,0.0344925292542076
2.596,0.0344031199720862
2.597,0.0343139081369241
2.598,0.0342248934149078
2.599,0.0341360754724985
2.6,0.0340474539764336
2.601,0.0339590285937266
2.602,0.0338707989916684
2.603,0.0337827648378273
2.604,0.0336949258000501
2.605,0.0336072815464624
2.606,0.0335198317454692
2.607,0.0334325760657558
2.608,0.0333455141762879
2.609,0.0332586457463127
2.61,0.0331719704453591
2.611,0.0330854879432384
2.612,0.0329991979100453
2.613,0.0329131000161576
2.614,0.0328271939322376
2.615,0.0327414793292323
2.616,0.0326559558783739
2.617,0.0325706232511808
2.618,0.0324854811194575
2.619,0.0324005291552957
2.62,0.0323157670310747
2.621,0.032231194419462
2.622,0.0321468109934136
2.623,0.032062616426175
2.624,0.0319786103912811
2.625,0.0318947925625577
2.626,0.0318111626141209
2.627,0.0317277202203787
2.628,0.0316444650560308
2.629,0.0315613967960694
2.63,0.0314785151157798
2.631,0.0313958196907407
2.632,0.0313133101968252
2.633,0.0312309863102006
2.634,0.0311488477073296
2.635,0.0310668940649704
2.636,0.0309851250601774
2.637,0.0309035403703016
2.638,0.0308221396729913
2.639,0.0307409226461923
2.64,0.0306598889681487
2.641,0.0305790383174033
2.642,0.0304983703727978
2.643,0.0304178848134739
2.644,0.0303375813188733
2.645,0.0302574595687384
2.646,0.0301775192431126
2.647,0.0300977600223411
2.648,0.030018181587071
2.649,0.0299387836182522
2.65,0.0298595657971373
2.651,0.0297805278052828
2.652,0.0297016693245489
2.653,0.0296229900371005
2.654,0.0295444896254072
2.655,0.029466167772244
2.656,0.0293880241606918
2.657,0.0293100584741378
2.658,0.029232270396276
2.659,0.0291546596111074
2.66,0.0290772258029408
2.661,0.0289999686563929
2.662,0.0289228878563893
2.663,0.028845983088164
2.664,0.028769254037261
2.665,0.0286927003895336
2.666,0.0286163218311458
2.667,0.028540118048572
2.668,0.0284640887285979
2.669,0.0283882335583205
2.67,0.028312552225149
2.671,0.028237044416805
2.672,0.0281617098213226
2.673,0.0280865481270494
2.674,0.0280115590226464
2.675,0.0279367421970888
2.676,0.0278620973396662
2.677,0.0277876241399828
2.678,0.0277133222879583
2.679,0.0276391914738279
2.68,0.0275652313881428
2.681,0.0274914417217707
2.682,0.0274178221658958
2.683,0.02734437241202
2.684,0.0272710921519622
2.685,0.0271979810778596
2.686,0.0271250388821676
2.687,0.0270522652576604
2.688,0.026979659897431
2.689,0.0269072224948922
2.69,0.0268349527437763
2.691,0.0267628503381359
2.692,0.0266909149723441
2.693,0.026619146341095
2.694,0.0265475441394038
2.695,0.0264761080626073
2.696,0.0264048378063644
2.697,0.0263337330666561
2.698,0.0262627935397863
2.699,0.0261920189223816
2.7,0.0261214089113923
2.701,0.026050963204092
2.702,0.0259806814980785
2.703,0.025910563491274
2.704,0.0258406088819253
2.705,0.0257708173686042
2.706,0.0257011886502078
2.707,0.0256317224259589
2.708,0.0255624183954063
2.709,0.0254932762584251
2.71,0.025424295715217
2.711,0.0253554764663107
2.712,0.0252868182125619
2.713,0.0252183206551541
2.714,0.0251499834955986
2.715,0.0250818064357347
2.716,0.0250137891777305
2.717,0.0249459314240826
2.718,0.0248782328776166
2.719,0.0248106932414877
2.72,0.0247433122191806
2.721,0.0246760895145099
2.722,0.0246090248316205
2.723,0.0245421178749877
2.724,0.0244753683494178
2.725,0.024408775960048
2.726,0.0243423404123469
2.727,0.0242760614121146
2.728,0.0242099386654833
2.729,0.0241439718789172
2.73,0.024078160759213
2.731,0.0240125050135001
2.732,0.0239470043492409
2.733,0.0238816584742309
2.734,0.0238164670965992
2.735,0.0237514299248086
2.736,0.0236865466676558
2.737,0.0236218170342719
2.738,0.0235572407341223
2.739,0.0234928174770073
2.74,0.0234285469730621
2.741,0.0233644289327571
2.742,0.0233004630668983
2.743,0.0232366490866272
2.744,0.0231729867034213
2.745,0.0231094756290944
2.746,0.0230461155757965
2.747,0.0229829062560144
2.748,0.0229198473825715
2.749,0.0228569386686286
2.75,0.0227941798276834
2.751,0.0227315705735716
2.752,0.0226691106204661
2.753,0.0226067996828782
2.754,0.022544637475657
2.755,0.0224826237139903
2.756,0.0224207581134041
2.757,0.0223590403897634
2.758,0.0222974702592722
2.759,0.0222360474384736
2.76,0.0221747716442501
2.761,0.0221136425938237
2.762,0.0220526600047563
2.763,0.0219918235949497
2.764,0.0219311330826458
2.765,0.0218705881864268
2.766,0.0218101886252157
2.767,0.0217499341182758
2.768,0.0216898243852115
2.769,0.0216298591459684
2.77,0.0215700381208329
2.771,0.0215103610304334
2.772,0.0214508275957393
2.773,0.0213914375380622
2.774,0.0213321905790553
2.775,0.0212730864407141
2.776,0.0212141248453763
2.777,0.021155305515722
2.778,0.0210966281747737
2.779,0.0210380925458969
2.78,0.0209796983527999
2.781,0.0209214453195338
2.782,0.0208633331704932
2.783,0.0208053616304158
2.784,0.0207475304243829
2.785,0.0206898392778194
2.786,0.020632287916494
2.787,0.0205748760665191
2.788,0.0205176034543514
2.789,0.0204604698067916
2.79,0.0204034748509848
2.791,0.0203466183144204
2.792,0.0202898999249325
2.793,0.0202333194106999
2.794,0.0201768765002461
2.795,0.0201205709224396
2.796,0.0200644024064941
2.797,0.0200083706819681
2.798,0.0199524754787659
2.799,0.0198967165271369
2.8,0.0198410935576759
2.801,0.0197856063013238
2.802,0.0197302544893667
2.803,0.0196750378534369
2.804,0.0196199561255126
2.805,0.019565009037918
2.806,0.0195101963233234
2.807,0.0194555177147455
2.808,0.0194009729455473
2.809,0.0193465617494381
2.81,0.019292283860474
2.811,0.0192381390130575
2.812,0.0191841269419379
2.813,0.0191302473822114
2.814,0.0190765000693209
2.815,0.0190228847390563
2.816,0.0189694011275548
2.817,0.0189160489713005
2.818,0.0188628280071246
2.819,0.0188097379722059
2.82,0.0187567786040703
2.821,0.0187039496405912
2.822,0.0186512508199896
2.823,0.0185986818808338
2.824,0.01854624256204
2.825,0.0184939326028719
2.826,0.0184417517429411
2.827,0.0183896997222069
2.828,0.0183377762809764
2.829,0.0182859811599049
2.83,0.0182343140999953
2.831,0.0181827748425989
2.832,0.0181313631294147
2.833,0.0180800787024902
2.834,0.0180289213042207
2.835,0.0179778906773501
2.836,0.0179269865649702
2.837,0.0178762087105213
2.838,0.017825556857792
2.839,0.0177750307509192
2.84,0.0177246301343883
2.841,0.0176743547530332
2.842,0.0176242043520361
2.843,0.0175741786769277
2.844,0.0175242774735874
2.845,0.017474500488243
2.846,0.0174248474674711
2.847,0.0173753181581965
2.848,0.017325912307693
2.849,0.0172766296635829
2.85,0.0172274699738371
2.851,0.0171784329867752
2.852,0.0171295184510656
2.853,0.0170807261157252
2.854,0.0170320557301199
2.855,0.0169835070439639
2.856,0.0169350798073204
2.857,0.0168867737706013
2.858,0.0168385886845671
2.859,0.0167905243003273
2.86,0.0167425803693397
2.861,0.0166947566434113
2.862,0.0166470528746974
2.863,0.0165994688157022
2.864,0.0165520042192787
2.865,0.0165046588386284
2.866,0.0164574324273017
2.867,0.0164103247391974
2.868,0.0163633355285631
2.869,0.0163164645499952
2.87,0.0162697115584384
2.871,0.0162230763091863
2.872,0.0161765585578808
2.873,0.0161301580605126
2.874,0.0160838745734208
2.875,0.0160377078532931
2.876,0.0159916576571655
2.877,0.0159457237424226
2.878,0.0158999058667974
2.879,0.0158542037883713
2.88,0.015808617265574
2.881,0.0157631460571835
2.882,0.015717789922326
2.883,0.0156725486204763
2.884,0.0156274219114568
2.885,0.0155824095554387
2.886,0.0155375113129407
2.887,0.01549272694483
2.888,0.0154480562123216
2.889,0.0154034988769786
2.89,0.0153590547007118
2.891,0.01531472344578
2.892,0.0152705048747899
2.893,0.0152263987506958
2.894,0.0151824048367997
2.895,0.0151385228967513
2.896,0.0150947526945478
2.897,0.015051093994534
2.898,0.015007546561402
2.899,0.0149641101601915
2.9,0.0149207845562894
2.901,0.0148775695154298
2.902,0.0148344648036939
2.903,0.0147914701875103
2.904,0.0147485854336545
2.905,0.0147058103092487
2.906,0.0146631445817624
2.907,0.0146205880190117
2.908,0.0145781403891593
2.909,0.0145358014607148
2.91,0.0144935710025342
2.911,0.0144514487838201
2.912,0.0144094345741215
2.913,0.0143675281433334
2.914,0.0143257292616975
2.915,0.0142840376998013
2.916,0.0142424532285785
2.917,0.0142009756193087
2.918,0.0141596046436173
2.919,0.0141183400734755
2.92,0.0140771816812003
2.921,0.0140361292394541
2.922,0.0139951825212448
2.923,0.0139543412999257
2.924,0.0139136053491954
2.925,0.0138729744430976
2.926,0.013832448356021
2.927,0.0137920268626995
2.928,0.0137517097382115
2.929,0.0137114967579804
2.93,0.0136713876977741
2.931,0.0136313823337051
2.932,0.0135914804422301
2.933,0.0135516818001504
2.934,0.0135119861846112
2.935,0.0134723933731017
2.936,0.0134329031434554
2.937,0.0133935152738492
2.938,0.0133542295428039
2.939,0.0133150457291838
2.94,0.0132759636121968
2.941,0.0132369829713938
2.942,0.0131981035866691
2.943,0.01315932523826
2.944,0.0131206477067469
2.945,0.0130820707730527
2.946,0.0130435942184431
2.947,0.0130052178245264
2.948,0.0129669413732532
2.949,0.0129287646469164
2.95,0.012890687428151
2.951,0.012852709499934
2.952,0.0128148306455842
2.953,0.0127770506487623
2.954,0.0127393692934701
2.955,0.0127017863640514
2.956,0.0126643016451908
2.957,0.0126269149219142
2.958,0.0125896259795885
2.959,0.0125524346039214
2.96,0.0125153405809612
2.961,0.0124783436970969
2.962,0.0124414437390576
2.963,0.0124046404939128
2.964,0.012367933749072
2.965,0.0123313232922848
2.966,0.0122948089116401
2.967,0.0122583903955668
2.968,0.012222067532833
2.969,0.0121858401125462
2.97,0.0121497079241528
2.971,0.0121136707574384
2.972,0.0120777284025271
2.973,0.0120418806498819
2.974,0.0120061272903039
2.975,0.0119704681149326
2.976,0.0119349029152458
2.977,0.0118994314830589
2.978,0.0118640536105253
2.979,0.0118287690901358
2.98,0.0117935777147187
2.981,0.0117584792774395
2.982,0.0117234735718008
2.983,0.011688560391642
2.984,0.0116537395311392
2.985,0.011619010784805
2.986,0.0115843739474884
2.987,0.0115498288143745
2.988,0.0115153751809844
2.989,0.0114810128431749
2.99,0.0114467415971385
2.991,0.0114125612394029
2.992,0.0113784715668313
2.993,0.0113444723766217
2.994,0.0113105634663071
2.995,0.0112767446337549
2.996,0.0112430156771673
2.997,0.0112093763950804
2.998,0.0111758265863646
2.999,0.0111423660502241
3,0.0111089945861967
3.001,0.0110757119941538
3.002,0.0110425180742999
3.003,0.0110094126271728
3.004,0.0109763954536429
3.005,0.0109434663549134
3.006,0.0109106251325201
3.007,0.0108778715883308
3.008,0.0108452055245454
3.009,0.0108126267436959
3.01,0.0107801350486456
3.011,0.0107477302425894
3.012,0.0107154121290534
3.013,0.0106831805118947
3.014,0.0106510351953011
3.015,0.0106189759837912
3.016,0.0105870026822139
3.017,0.0105551150957479
3.018,0.0105233130299025
3.019,0.010491596290516
3.02,0.0104599646837568
3.021,0.0104284180161222
3.022,0.0103969560944388
3.023,0.0103655787258618
3.024,0.0103342857178753
3.025,0.0103030768782915
3.026,0.010271952015251
3.027,0.0102409109372224
3.028,0.0102099534530017
3.029,0.0101790793717127
3.03,0.0101482885028063
3.031,0.0101175806560606
3.032,0.0100869556415804
3.033,0.010056413269797
3.034,0.0100259533514682
3.035,0.00999557569767784
3.036,0.00996528011983569
3.037,0.00993506642967713
3.038,0.00990493443926296
3.039,0.00987488396097916
3.04,0.00984491480753666
3.041,0.00981502679197107
3.042,0.00978521972764248
3.043,0.00975549342823521
3.044,0.00972584770775756
3.045,0.00969628238054156
3.046,0.00966679726124276
3.047,0.00963739216483996
3.048,0.00960806690663496
3.049,0.00957882130225235
3.05,0.00954965516763922
3.051,0.00952056831906496
3.052,0.00949156057312096
3.053,0.00946263174672043
3.054,0.00943378165709807
3.055,0.00940501012180989
3.056,0.00937631695873291
3.057,0.00934770198606494
3.058,0.00931916502232431
3.059,0.00929070588634962
3.06,0.0092623243972995
3.061,0.00923402037465234
3.062,0.00920579363820602
3.063,0.0091776440080777
3.064,0.00914957130470351
3.065,0.00912157534883833
3.066,0.00909365596155549
3.067,0.00906581296424658
3.068,0.0090380461786211
3.069,0.00901035542670627
3.07,0.00898274053084673
3.071,0.0089552013137043
3.072,0.00892773759825769
3.073,0.00890034920780227
3.074,0.00887303596594977
3.075,0.00884579769662803
3.076,0.00881863422408074
3.077,0.00879154537286714
3.078,0.00876453096786182
3.079,0.00873759083425438
3.08,0.00871072479754917
3.081,0.00868393268356507
3.082,0.00865721431843516
3.083,0.00863056952860649
3.084,0.00860399814083979
3.085,0.00857749998220919
3.086,0.00855107488010194
3.087,0.00852472266221817
3.088,0.00849844315657058
3.089,0.00847223619148418
3.09,0.00844610159559599
3.091,0.0084200391978548
3.092,0.00839404882752088
3.093,0.00836813031416567
3.094,0.00834228348767153
3.095,0.00831650817823145
3.096,0.00829080421634878
3.097,0.00826517143283695
3.098,0.00823960965881913
3.099,0.00821411872572805
3.1,0.00818869846530563
3.101,0.0081633487096027
3.102,0.00813806929097879
3.103,0.00811286004210176
3.104,0.00808772079594756
3.105,0.00806265138579991
3.106,0.00803765164525005
3.107,0.00801272140819643
3.108,0.00798786050884443
3.109,0.00796306878170603
3.11,0.0079383460615996
3.111,0.00791369218364952
3.112,0.00788910698328597
3.113,0.00786459029624457
3.114,0.00784014195856612
3.115,0.0078157618065963
3.116,0.00779144967698539
3.117,0.00776720540668795
3.118,0.00774302883296255
3.119,0.00771891979337143
3.12,0.00769487812578028
3.121,0.00767090366835787
3.122,0.00764699625957577
3.123,0.00762315573820809
3.124,0.00759938194333113
3.125,0.00757567471432312
3.126,0.00755203389086389
3.127,0.00752845931293458
3.128,0.00750495082081735
3.129,0.00748150825509507
3.13,0.007458131456651
3.131,0.00743482026666853
3.132,0.00741157452663083
3.133,0.00738839407832058
3.134,0.00736527876381964
3.135,0.00734222842550877
3.136,0.00731924290606729
3.137,0.00729632204847282
3.138,0.00727346569600094
3.139,0.00725067369222487
3.14,0.00722794588101523
3.141,0.00720528210653964
3.142,0.00718268221326248
3.143,0.00716014604594455
3.144,0.00713767344964277
3.145,0.00711526426970988
3.146,0.00709291835179408
3.147,0.0070706355418388
3.148,0.00704841568608231
3.149,0.00702625863105746
3.15,0.00700416422359133
3.151,0.00698213231080495
3.152,0.00696016274011298
3.153,0.00693825535922336
3.154,0.00691641001613705
3.155,0.00689462655914766
3.156,0.00687290483684118
3.157,0.00685124469809565
3.158,0.00682964599208082
3.159,0.00680810856825787
3.16,0.00678663227637907
3.161,0.00676521696648745
3.162,0.00674386248891652
3.163,0.00672256869428992
3.164,0.0067013354335211
3.165,0.00668016255781304
3.166,0.00665904991865787
3.167,0.0066379973678366
3.168,0.00661700475741875
3.169,0.00659607193976209
3.17,0.00657519876751227
3.171,0.00655438509360252
3.172,0.00653363077125331
3.173,0.00651293565397204
3.174,0.00649229959555272
3.175,0.00647172245007564
3.176,0.00645120407190703
3.177,0.00643074431569877
3.178,0.00641034303638804
3.179,0.00639000008919698
3.18,0.00636971532963243
3.181,0.00634948861348551
3.182,0.00632931979683137
3.183,0.00630920873602882
3.184,0.00628915528772003
3.185,0.00626915930883017
3.186,0.00624922065656713
3.187,0.00622933918842113
3.188,0.00620951476216445
3.189,0.00618974723585105
3.19,0.00617003646781629
3.191,0.00615038231667655
3.192,0.00613078464132894
3.193,0.00611124330095095
3.194,0.00609175815500012
3.195,0.00607232906321372
3.196,0.00605295588560839
3.197,0.00603363848247985
3.198,0.00601437671440252
3.199,0.00599517044222925
3.2,0.00597601952709091
3.201,0.00595692383039611
3.202,0.00593788321383087
3.203,0.00591889753935824
3.204,0.00589996666921801
3.205,0.00588109046592634
3.206,0.00586226879227549
3.207,0.00584350151133338
3.208,0.00582478848644336
3.209,0.00580612958122381
3.21,0.00578752465956781
3.211,0.00576897358564283
3.212,0.00575047622389037
3.213,0.00573203243902565
3.214,0.00571364209603723
3.215,0.0056953050601867
3.216,0.00567702119700836
3.217,0.00565879037230883
3.218,0.00564061245216676
3.219,0.00562248730293248
3.22,0.00560441479122763
3.221,0.00558639478394486
3.222,0.00556842714824749
3.223,0.00555051175156912
3.224,0.00553264846161335
3.225,0.00551483714635342
3.226,0.00549707767403185
3.227,0.00547936991316013
3.228,0.00546171373251833
3.229,0.00544410900115484
3.23,0.00542655558838595
3.231,0.00540905336379553
3.232,0.00539160219723472
3.233,0.00537420195882156
3.234,0.00535685251894064
3.235,0.00533955374824278
3.236,0.00532230551764468
3.237,0.00530510769832855
3.238,0.00528796016174183
3.239,0.00527086277959676
3.24,0.00525381542387012
3.241,0.00523681796680284
3.242,0.00521987028089965
3.243,0.00520297223892876
3.244,0.00518612371392152
3.245,0.00516932457917203
3.246,0.00515257470823686
3.247,0.00513587397493464
3.248,0.00511922225334578
3.249,0.00510261941781205
3.25,0.00508606534293631
3.251,0.00506955990358211
3.252,0.00505310297487336
3.253,0.00503669443219399
3.254,0.00502033415118762
3.255,0.00500402200775717
3.256,0.00498775787806453
3.257,0.00497154163853024
3.258,0.00495537316583311
3.259,0.00493925233690989
3.26,0.00492317902895493
3.261,0.00490715311941979
3.262,0.00489117448601295
3.263,0.00487524300669941
3.264,0.0048593585597004
3.265,0.00484352102349297
3.266,0.00482773027680968
3.267,0.00481198619863825
3.268,0.00479628866822118
3.269,0.00478063756505545
3.27,0.00476503276889213
3.271,0.00474947415973606
3.272,0.00473396161784546
3.273,0.00471849502373165
3.274,0.00470307425815862
3.275,0.00468769920214274
3.276,0.00467236973695238
3.277,0.00465708574410758
3.278,0.00464184710537969
3.279,0.004626653702791
3.28,0.00461150541861445
3.281,0.00459640213537319
3.282,0.00458134373584033
3.283,0.0045663301030385
3.284,0.00455136112023956
3.285,0.00453643667096422
3.286,0.0045215566389817
3.287,0.00450672090830938
3.288,0.00449192936321246
3.289,0.00447718188820355
3.29,0.00446247836804242
3.291,0.00444781868773556
3.292,0.00443320273253586
3.293,0.00441863038794229
3.294,0.00440410153969949
3.295,0.00438961607379745
3.296,0.00437517387647119
3.297,0.00436077483420034
3.298,0.00434641883370882
3.299,0.00433210576196453
3.3,0.00431783550617893
3.301,0.00430360795380673
3.302,0.00428942299254552
3.303,0.00427528051033542
3.304,0.00426118039535876
3.305,0.00424712253603967
3.306,0.00423310682104378
3.307,0.00421913313927784
3.308,0.00420520137988937
3.309,0.00419131143226631
3.31,0.0041774631860367
3.311,0.00416365653106825
3.312,0.00414989135746809
3.313,0.00413616755558231
3.314,0.00412248501599571
3.315,0.00410884362953138
3.316,0.00409524328725034
3.317,0.00408168388045127
3.318,0.00406816530067005
3.319,0.00405468743967949
3.32,0.00404125018948894
3.321,0.00402785344234394
3.322,0.00401449709072588
3.323,0.00400118102735164
3.324,0.00398790514517322
3.325,0.00397466933737744
3.326,0.00396147349738553
3.327,0.00394831751885278
3.328,0.00393520129566826
3.329,0.00392212472195436
3.33,0.00390908769206653
3.331,0.00389609010059288
3.332,0.00388313184235383
3.333,0.00387021281240177
3.334,0.00385733290602072
3.335,0.00384449201872592
3.336,0.00383169004626357
3.337,0.00381892688461038
3.338,0.00380620242997329
3.339,0.00379351657878908
3.34,0.00378086922772404
3.341,0.00376826027367359
3.342,0.00375568961376196
3.343,0.00374315714534182
3.344,0.00373066276599391
3.345,0.00371820637352675
3.346,0.00370578786597619
3.347,0.00369340714160517
3.348,0.00368106409890327
3.349,0.00366875863658641
3.35,0.00365649065359651
3.351,0.00364426004910108
3.352,0.00363206672249294
3.353,0.0036199105733898
3.354,0.00360779150163397
3.355,0.00359570940729196
3.356,0.00358366419065414
3.357,0.00357165575223442
3.358,0.00355968399276987
3.359,0.00354774881322035
3.36,0.0035358501147682
3.361,0.00352398779881788
3.362,0.00351216176699558
3.363,0.00350037192114893
3.364,0.00348861816334658
3.365,0.00347690039587793
3.366,0.00346521852125271
3.367,0.00345357244220064
3.368,0.00344196206167112
3.369,0.00343038728283284
3.37,0.00341884800907345
3.371,0.00340734414399919
3.372,0.00339587559143457
3.373,0.00338444225542197
3.374,0.00337304404022135
3.375,0.00336168085030986
3.376,0.00335035259038149
3.377,0.00333905916534675
3.378,0.00332780048033229
3.379,0.00331657644068056
3.38,0.00330538695194946
3.381,0.003294231919912
3.382,0.00328311125055594
3.383,0.00327202485008343
3.384,0.00326097262491068
3.385,0.00324995448166762
3.386,0.00323897032719753
3.387,0.00322802006855667
3.388,0.00321710361301399
3.389,0.00320622086805073
3.39,0.00319537174136011
3.391,0.00318455614084695
3.392,0.00317377397462732
3.393,0.00316302515102822
3.394,0.00315230957858723
3.395,0.00314162716605213
3.396,0.00313097782238059
3.397,0.00312036145673978
3.398,0.00310977797850606
3.399,0.00309922729726463
3.4,0.00308870932280915
3.401,0.00307822396514144
3.402,0.00306777113447109
3.403,0.00305735074121514
3.404,0.00304696269599771
3.405,0.00303660690964969
3.406,0.00302628329320835
3.407,0.00301599175791704
3.408,0.0030057322152248
3.409,0.00299550457678604
3.41,0.00298530875446018
3.411,0.00297514466031132
3.412,0.00296501220660788
3.413,0.00295491130582227
3.414,0.00294484187063054
3.415,0.002934803813912
3.416,0.00292479704874894
3.417,0.00291482148842624
3.418,0.00290487704643103
3.419,0.00289496363645236
3.42,0.00288508117238084
3.421,0.00287522956830831
3.422,0.00286540873852749
3.423,0.00285561859753165
3.424,0.00284585906001421
3.425,0.00283613004086849
3.426,0.00282643145518728
3.427,0.00281676321826256
3.428,0.00280712524558511
3.429,0.0027975174528442
3.43,0.00278793975592723
3.431,0.00277839207091939
3.432,0.00276887431410333
3.433,0.0027593864019588
3.434,0.00274992825116233
3.435,0.00274049977858685
3.436,0.00273110090130141
3.437,0.00272173153657078
3.438,0.00271239160185513
3.439,0.00270308101480971
3.44,0.00269379969328448
3.441,0.00268454755532377
3.442,0.00267532451916598
3.443,0.00266613050324317
3.444,0.00265696542618079
3.445,0.00264782920679732
3.446,0.00263872176410389
3.447,0.00262964301730399
3.448,0.00262059288579312
3.449,0.00261157128915842
3.45,0.0026025781471784
3.451,0.00259361337982251
3.452,0.00258467690725088
3.453,0.00257576864981394
3.454,0.0025668885280521
3.455,0.00255803646269541
3.456,0.00254921237466321
3.457,0.00254041618506381
3.458,0.00253164781519413
3.459,0.00252290718653941
3.46,0.00251419422077282
3.461,0.00250550883975515
3.462,0.00249685096553447
3.463,0.0024882205203458
3.464,0.00247961742661076
3.465,0.00247104160693726
3.466,0.00246249298411914
3.467,0.00245397148113585
3.468,0.00244547702115208
3.469,0.00243700952751751
3.47,0.00242856892376637
3.471,0.0024201551336172
3.472,0.00241176808097243
3.473,0.00240340768991813
3.474,0.00239507388472361
3.475,0.00238676658984114
3.476,0.00237848572990557
3.477,0.00237023122973403
3.478,0.00236200301432558
3.479,0.00235380100886089
3.48,0.00234562513870191
3.481,0.00233747532939152
3.482,0.00232935150665322
3.483,0.00232125359639078
3.484,0.00231318152468794
3.485,0.00230513521780803
3.486,0.0022971146021937
3.487,0.00228911960446653
3.488,0.00228115015142674
3.489,0.00227320617005286
3.49,0.00226528758750138
3.491,0.00225739433110644
3.492,0.00224952632837947
3.493,0.00224168350700891
3.494,0.00223386579485986
3.495,0.00222607311997372
3.496,0.00221830541056791
3.497,0.00221056259503552
3.498,0.00220284460194499
3.499,0.00219515136003978
3.5,0.00218748279823804
3.501,0.00217983884563228
3.502,0.00217221943148906
3.503,0.00216462448524866
3.504,0.00215705393652473
3.505,0.00214950771510401
3.506,0.00214198575094595
3.507,0.00213448797418245
3.508,0.00212701431511748
3.509,0.00211956470422676
3.51,0.00211213907215749
3.511,0.00210473734972796
3.512,0.00209735946792728
3.513,0.002090005357915
3.514,0.00208267495102085
3.515,0.00207536817874437
3.516,0.00206808497275461
3.517,0.00206082526488982
3.518,0.00205358898715709
3.519,0.00204637607173206
3.52,0.00203918645095859
3.521,0.00203202005734843
3.522,0.00202487682358092
3.523,0.00201775668250267
3.524,0.00201065956712719
3.525,0.00200358541063465
3.526,0.0019965341463715
3.527,0.00198950570785018
3.528,0.00198250002874877
3.529,0.00197551704291072
3.53,0.0019685566843445
3.531,0.00196161888722329
3.532,0.00195470358588464
3.533,0.0019478107148302
3.534,0.00194094020872537
3.535,0.00193409200239897
3.536,0.00192726603084297
3.537,0.00192046222921213
3.538,0.00191368053282372
3.539,0.00190692087715717
3.54,0.00190018319785377
3.541,0.00189346743071638
3.542,0.00188677351170906
3.543,0.00188010137695681
3.544,0.00187345096274523
3.545,0.00186682220552021
3.546,0.00186021504188762
3.547,0.00185362940861299
3.548,0.0018470652426212
3.549,0.00184052248099618
3.55,0.00183400106098058
3.551,0.00182750091997546
3.552,0.00182102199554
3.553,0.00181456422539116
3.554,0.0018081275474034
3.555,0.00180171189960832
3.556,0.00179531722019443
3.557,0.00178894344750675
3.558,0.00178259052004656
3.559,0.00177625837647107
3.56,0.00176994695559313
3.561,0.00176365619638088
3.562,0.0017573860379575
3.563,0.00175113641960084
3.564,0.00174490728074317
3.565,0.00173869856097082
3.566,0.00173251020002392
3.567,0.00172634213779606
3.568,0.001720194314334
3.569,0.00171406666983736
3.57,0.00170795914465832
3.571,0.0017018716793013
3.572,0.00169580421442267
3.573,0.00168975669083043
3.574,0.00168372904948393
3.575,0.00167772123149355
3.576,0.00167173317812039
3.577,0.00166576483077597
3.578,0.00165981613102195
3.579,0.00165388702056979
3.58,0.00164797744128047
3.581,0.00164208733516421
3.582,0.0016362166443801
3.583,0.00163036531123587
3.584,0.00162453327818756
3.585,0.00161872048783922
3.586,0.0016129268829426
3.587,0.00160715240639685
3.588,0.00160139700124827
3.589,0.00159566061068993
3.59,0.00158994317806143
3.591,0.00158424464684859
3.592,0.00157856496068313
3.593,0.0015729040633424
3.594,0.00156726189874905
3.595,0.00156163841097079
3.596,0.00155603354422001
3.597,0.00155044724285356
3.598,0.00154487945137242
3.599,0.00153933011442139
3.6,0.00153379917678884
3.601,0.00152828658340634
3.602,0.00152279227934847
3.603,0.00151731620983242
3.604,0.00151185832021777
3.605,0.00150641855600615
3.606,0.00150099686284098
3.607,0.00149559318650715
3.608,0.00149020747293075
3.609,0.00148483966817878
3.61,0.00147948971845881
3.611,0.00147415757011875
3.612,0.00146884316964652
3.613,0.00146354646366979
3.614,0.00145826739895565
3.615,0.00145300592241034
3.616,0.00144776198107898
3.617,0.00144253552214524
3.618,0.00143732649293109
3.619,0.00143213484089648
3.62,0.00142696051363907
3.621,0.00142180345889392
3.622,0.00141666362453324
3.623,0.00141154095856607
3.624,0.00140643540913801
3.625,0.00140134692453093
3.626,0.00139627545316265
3.627,0.00139122094358673
3.628,0.0013861833444921
3.629,0.00138116260470285
3.63,0.00137615867317786
3.631,0.00137117149901061
3.632,0.00136620103142884
3.633,0.00136124721979424
3.634,0.00135631001360225
3.635,0.00135138936248171
3.636,0.00134648521619458
3.637,0.00134159752463569
3.638,0.00133672623783246
3.639,0.00133187130594456
3.64,0.00132703267926369
3.641,0.00132221030821329
3.642,0.00131740414334822
3.643,0.00131261413535453
3.644,0.00130784023504914
3.645,0.00130308239337959
3.646,0.00129834056142374
3.647,0.0012936146903895
3.648,0.00128890473161455
3.649,0.00128421063656607
3.65,0.00127953235684046
3.651,0.00127486984416303
3.652,0.00127022305038778
3.653,0.00126559192749708
3.654,0.00126097642760142
3.655,0.0012563765029391
3.656,0.001251792105876
3.657,0.00124722318890526
3.658,0.00124266970464705
3.659,0.00123813160584826
3.66,0.00123360884538222
3.661,0.00122910137624849
3.662,0.0012246091515725
3.663,0.00122013212460532
3.664,0.00121567024872342
3.665,0.00121122347742833
3.666,0.00120679176434642
3.667,0.0012023750632286
3.668,0.00119797332795006
3.669,0.00119358651251
3.67,0.00118921457103137
3.671,0.00118485745776057
3.672,0.0011805151270672
3.673,0.00117618753344381
3.674,0.00117187463150559
3.675,0.00116757637599013
3.676,0.00116329272175714
3.677,0.00115902362378819
3.678,0.00115476903718644
3.679,0.00115052891717637
3.68,0.00114630321910351
3.681,0.00114209189843419
3.682,0.00113789491075526
3.683,0.00113371221177382
3.684,0.00112954375731697
3.685,0.00112538950333154
3.686,0.00112124940588382
3.687,0.0011171234211593
3.688,0.0011130115054624
3.689,0.00110891361521623
3.69,0.00110482970696229
3.691,0.00110075973736023
3.692,0.00109670366318762
3.693,0.0010926614413396
3.694,0.0010886330288287
3.695,0.00108461838278456
3.696,0.00108061746045365
3.697,0.00107663021919902
3.698,0.00107265661650005
3.699,0.00106869660995215
3.7,0.00106475015726658
3.701,0.00106081721627012
3.702,0.00105689774490482
3.703,0.00105299170122778
3.704,0.00104909904341087
3.705,0.00104521972974046
3.706,0.00104135371861718
3.707,0.00103750096855566
3.708,0.00103366143818427
3.709,0.00102983508624489
3.71,0.00102602187159259
3.711,0.00102222175319546
3.712,0.00101843469013429
3.713,0.00101466064160235
3.714,0.00101089956690511
3.715,0.00100715142546001
3.716,0.00100341617679621
3.717,0.000999693780554308
3.718,0.000995984196486117
3.719,0.000992287384454398
3.72,0.000988603304432615
3.721,0.000984931916504678
3.722,0.0009812731808647
3.723,0.000977627057816738
3.724,0.00097399350777455
3.725,0.000970372491261344
3.726,0.000966763968909524
3.727,0.000963167901460448
3.728,0.000959584249764175
3.729,0.00095601297477922
3.73,0.000952454037572303
3.731,0.000948907399318104
3.732,0.000945373021299015
3.733,0.000941850864904895
3.734,0.000938340891632822
3.735,0.000934843063086848
3.736,0.000931357340977754
3.737,0.000927883687122805
3.738,0.000924422063445505
3.739,0.000920972431975353
3.74,0.000917534754847597
3.741,0.000914108994302995
3.742,0.000910695112687569
3.743,0.000907293072452361
3.744,0.000903902836153196
3.745,0.000900524366450431
3.746,0.000897157626108724
3.747,0.000893802577996785
3.748,0.000890459185087138
3.749,0.000887127410455882
3.75,0.000883807217282447
3.751,0.00088049856884936
3.752,0.000877201428541999
3.753,0.00087391575984836
3.754,0.000870641526358816
3.755,0.000867378691765877
3.756,0.000864127219863958
3.757,0.000860887074549133
3.758,0.000857658219818908
3.759,0.000854440619771974
3.76,0.000851234238607982
3.761,0.000848039040627296
3.762,0.000844854990230766
3.763,0.000841682051919488
3.764,0.000838520190294573
3.765,0.000835369370056909
3.766,0.00083222955600693
3.767,0.00082910071304438
3.768,0.000825982806168083
3.769,0.000822875800475706
3.77,0.000819779661163531
3.771,0.00081669435352622
3.772,0.000813619842956585
3.773,0.000810556094945355
3.774,0.000807503075080947
3.775,0.000804460749049236
3.776,0.00080142908263332
3.777,0.000798408041713297
3.778,0.000795397592266032
3.779,0.000792397700364928
3.78,0.000789408332179698
3.781,0.000786429453976137
3.782,0.000783461032115894
3.783,0.000780503033056245
3.784,0.000777555423349864
3.785,0.000774618169644601
3.786,0.000771691238683248
3.787,0.000768774597303321
3.788,0.000765868212436831
3.789,0.000762972051110058
3.79,0.000760086080443325
3.791,0.00075721026765078
3.792,0.000754344580040166
3.793,0.000751488985012596
3.794,0.000748643450062339
3.795,0.000745807942776585
3.796,0.000742982430835233
3.797,0.000740166882010661
3.798,0.00073736126416751
3.799,0.00073456554526246
3.8,0.000731779693344007
3.801,0.000729003676552247
3.802,0.000726237463118654
3.803,0.000723481021365858
3.804,0.000720734319707427
3.805,0.00071799732664765
3.806,0.000715270010781315
3.807,0.000712552340793493
3.808,0.000709844285459318
3.809,0.000707145813643771
3.81,0.000704456894301463
3.811,0.000701777496476417
3.812,0.000699107589301852
3.813,0.000696447141999969
3.814,0.00069379612388173
3.815,0.00069115450434665
3.816,0.000688522252882574
3.817,0.00068589933906547
3.818,0.000683285732559211
3.819,0.000680681403115359
3.82,0.000678086320572958
3.821,0.000675500454858316
3.822,0.000672923775984792
3.823,0.000670356254052586
3.824,0.000667797859248528
3.825,0.000665248561845863
3.826,0.000662708332204043
3.827,0.000660177140768514
3.828,0.000657654958070506
3.829,0.000655141754726824
3.83,0.00065263750143964
3.831,0.000650142168996277
3.832,0.000647655728269009
3.833,0.000645178150214846
3.834,0.000642709405875328
3.835,0.000640249466376317
3.836,0.000637798302927789
3.837,0.000635355886823631
3.838,0.000632922189441427
3.839,0.000630497182242258
3.84,0.000628080836770492
3.841,0.000625673124653584
3.842,0.000623274017601862
3.843,0.000620883487408331
3.844,0.000618501505948463
3.845,0.000616128045179996
3.846,0.000613763077142729
3.847,0.000611406573958317
3.848,0.000609058507830073
3.849,0.000606718851042759
3.85,0.000604387575962389
3.851,0.000602064655036026
3.852,0.000599750060791576
3.853,0.000597443765837596
3.854,0.000595145742863084
3.855,0.000592855964637285
3.856,0.000590574404009486
3.857,0.000588301033908822
3.858,0.000586035827344073
3.859,0.000583778757403464
3.86,0.000581529797254471
3.861,0.000579288920143618
3.862,0.000577056099396285
3.863,0.000574831308416503
3.864,0.000572614520686764
3.865,0.000570405709767821
3.866,0.000568204849298491
3.867,0.00056601191299546
3.868,0.000563826874653091
3.869,0.000561649708143221
3.87,0.000559480387414974
3.871,0.000557318886494562
3.872,0.000555165179485093
3.873,0.000553019240566373
3.874,0.000550881043994721
3.875,0.000548750564102767
3.876,0.000546627775299266
3.877,0.000544512652068901
3.878,0.000542405168972095
3.879,0.000540305300644817
3.88,0.000538213021798392
3.881,0.000536128307219307
3.882,0.000534051131769028
3.883,0.000531981470383801
3.884,0.000529919298074468
3.885,0.000527864589926276
3.886,0.000525817321098688
3.887,0.000523777466825196
3.888,0.000521745002413128
3.889,0.000519719903243465
3.89,0.000517702144770653
3.891,0.000515691702522411
3.892,0.000513688552099551
3.893,0.000511692669175786
3.894,0.000509704029497548
3.895,0.000507722608883798
3.896,0.000505748383225846
3.897,0.000503781328487159
3.898,0.000501821420703184
3.899,0.000499868635981157
3.9,0.000497922950499924
3.901,0.000495984340509754
3.902,0.000494052782332158
3.903,0.000492128252359705
3.904,0.00049021072705584
3.905,0.0004883001829547
3.906,0.000486396596660935
3.907,0.000484499944849526
3.908,0.000482610204265601
3.909,0.000480727351724258
3.91,0.000478851364110382
3.911,0.000476982218378468
3.912,0.000475119891552437
3.913,0.00047326436072546
3.914,0.000471415603059778
3.915,0.000469573595786523
3.916,0.000467738316205539
3.917,0.000465909741685208
3.918,0.000464087849662268
3.919,0.000462272617641638
3.92,0.000460464023196238
3.921,0.000458662043966819
3.922,0.000456866657661781
3.923,0.000455077842056998
3.924,0.000453295574995645
3.925,0.000451519834388022
3.926,0.000449750598211378
3.927,0.000447987844509737
3.928,0.000446231551393726
3.929,0.000444481697040397
3.93,0.000442738259693059
3.931,0.000441001217661101
3.932,0.000439270549319821
3.933,0.000437546233110252
3.934,0.000435828247538994
3.935,0.000434116571178036
3.936,0.000432411182664593
3.937,0.000430712060700927
3.938,0.000429019184054182
3.939,0.00042733253155621
3.94,0.000425652082103405
3.941,0.000423977814656529
3.942,0.000422309708240548
3.943,0.000420647741944458
3.944,0.000418991894921119
3.945,0.000417342146387087
3.946,0.000415698475622447
3.947,0.000414060861970643
3.948,0.000412429284838311
3.949,0.000410803723695117
3.95,0.000409184158073585
3.951,0.000407570567568931
3.952,0.000405962931838902
3.953,0.000404361230603606
3.954,0.00040276544364535
3.955,0.000401175550808473
3.956,0.000399591531999183
3.957,0.00039801336718539
3.958,0.000396441036396549
3.959,0.000394874519723488
3.96,0.000393313797318253
3.961,0.000391758849393938
3.962,0.00039020965622453
3.963,0.000388666198144739
3.964,0.000387128455549843
3.965,0.000385596408895524
3.966,0.000384070038697706
3.967,0.000382549325532397
3.968,0.000381034250035525
3.969,0.000379524792902782
3.97,0.000378020934889461
3.971,0.000376522656810297
3.972,0.000375029939539312
3.973,0.000373542764009651
3.974,0.000372061111213427
3.975,0.00037058496220156
3.976,0.000369114298083624
3.977,0.000367649100027686
3.978,0.000366189349260148
3.979,0.000364735027065595
3.98,0.000363286114786633
3.981,0.000361842593823739
3.982,0.000360404445635099
3.983,0.000358971651736458
3.984,0.000357544193700962
3.985,0.000356122053159004
3.986,0.000354705211798069
3.987,0.000353293651362581
3.988,0.00035188735365375
3.989,0.000350486300529417
3.99,0.000349090473903899
3.991,0.000347699855747842
3.992,0.000346314428088064
3.993,0.000344934173007404
3.994,0.00034355907264457
3.995,0.000342189109193989
3.996,0.000340824264905654
3.997,0.000339464522084975
3.998,0.000338109863092627
3.999,0.0003367602703444
4,0.000335415726311051
4.001,0.000334076213518153
4.002,0.000332741714545944
4.003,0.000331412212029183
4.004,0.000330087688656996
4.005,0.000328768127172733
4.006,0.000327453510373815
4.007,0.000326143821111592
4.008,0.000324839042291189
4.009,0.000323539156871367
4.01,0.000322244147864368
4.011,0.000320953998335776
4.012,0.000319668691404367
4.013,0.000318388210241965
4.014,0.000317112538073294
4.015,0.000315841658175836
4.016,0.000314575553879687
4.017,0.000313314208567409
4.018,0.000312057605673888
4.019,0.00031080572868619
4.02,0.000309558561143418
4.021,0.00030831608663657
4.022,0.000307078288808391
4.023,0.000305845151353238
4.024,0.000304616658016933
4.025,0.00030339279259662
4.026,0.000302173538940629
4.027,0.000300958880948329
4.028,0.000299748802569991
4.029,0.000298543287806644
4.03,0.000297342320709938
4.031,0.000296145885382004
4.032,0.000294953965975309
4.033,0.000293766546692523
4.034,0.000292583611786379
4.035,0.000291405145559529
4.036,0.000290231132364411
4.037,0.000289061556603111
4.038,0.00028789640272722
4.039,0.000286735655237701
4.04,0.000285579298684751
4.041,0.000284427317667664
4.042,0.000283279696834694
4.043,0.000282136420882917
4.044,0.000280997474558098
4.045,0.000279862842654554
4.046,0.000278732510015019
4.047,0.000277606461530508
4.048,0.000276484682140183
4.049,0.000275367156831219
4.05,0.000274253870638668
4.051,0.000273144808645328
4.052,0.000272039955981605
4.053,0.000270939297825385
4.054,0.000269842819401897
4.055,0.000268750505983583
4.056,0.000267662342889965
4.057,0.000266578315487509
4.058,0.000265498409189502
4.059,0.00026442260945591
4.06,0.000263350901793255
4.061,0.000262283271754481
4.062,0.000261219704938822
4.063,0.000260160186991676
4.064,0.00025910470360447
4.065,0.000258053240514533
4.066,0.000257005783504968
4.067,0.000255962318404519
4.068,0.000254922831087445
4.069,0.000253887307473393
4.07,0.000252855733527265
4.071,0.000251828095259093
4.072,0.000250804378723914
4.073,0.000249784570021637
4.074,0.000248768655296919
4.075,0.000247756620739039
4.076,0.000246748452581772
4.077,0.000245744137103258
4.078,0.000244743660625883
4.079,0.000243747009516148
4.08,0.000242754170184546
4.081,0.000241765129085438
4.082,0.000240779872716925
4.083,0.000239798387620728
4.084,0.00023882066038206
4.085,0.000237846677629504
4.086,0.000236876426034889
4.087,0.000235909892313167
4.088,0.00023494706322229
4.089,0.000233987925563086
4.09,0.00023303246617914
4.091,0.000232080671956668
4.092,0.000231132529824398
4.093,0.000230188026753444
4.094,0.000229247149757192
4.095,0.000228309885891173
4.096,0.000227376222252945
4.097,0.00022644614598197
4.098,0.000225519644259499
4.099,0.000224596704308445
4.1,0.000223677313393271
4.101,0.000222761458819863
4.102,0.000221849127935419
4.103,0.000220940308128323
4.104,0.000220034986828031
4.105,0.000219133151504952
4.106,0.000218234789670329
4.107,0.000217339888876122
4.108,0.000216448436714891
4.109,0.000215560420819678
4.11,0.000214675828863892
4.111,0.00021379464856119
4.112,0.000212916867665364
4.113,0.00021204247397022
4.114,0.000211171455309468
4.115,0.000210303799556603
4.116,0.00020943949462479
4.117,0.000208578528466753
4.118,0.000207720889074655
4.119,0.000206866564479985
4.12,0.000206015542753447
4.121,0.000205167812004844
4.122,0.000204323360382965
4.123,0.00020348217607547
4.124,0.00020264424730878
4.125,0.000201809562347962
4.126,0.000200978109496618
4.127,0.000200149877096771
4.128,0.000199324853528757
4.129,0.000198503027211108
4.13,0.000197684386600445
4.131,0.000196868920191364
4.132,0.000196056616516329
4.133,0.000195247464145556
4.134,0.000194441451686907
4.135,0.000193638567785779
4.136,0.000192838801124994
4.137,0.000192042140424688
4.138,0.000191248574442205
4.139,0.000190458091971985
4.14,0.000189670681845457
4.141,0.00018888633293093
4.142,0.000188105034133485
4.143,0.000187326774394867
4.144,0.000186551542693377
4.145,0.000185779328043766
4.146,0.000185010119497127
4.147,0.000184243906140786
4.148,0.000183480677098199
4.149,0.000182720421528844
4.15,0.000181963128628114
4.151,0.000181208787627214
4.152,0.000180457387793053
4.153,0.000179708918428137
4.154,0.000178963368870468
4.155,0.000178220728493439
4.156,0.000177480986705725
4.157,0.000176744132951184
4.158,0.000176010156708748
4.159,0.000175279047492325
4.16,0.000174550794850689
4.161,0.000173825388367382
4.162,0.000173102817660609
4.163,0.000172383072383134
4.164,0.00017166614222218
4.165,0.000170952016899325
4.166,0.0001702406861704
4.167,0.000169532139825389
4.168,0.000168826367688325
4.169,0.000168123359617191
4.17,0.000167423105503817
4.171,0.00016672559527378
4.172,0.000166030818886306
4.173,0.000165338766334164
4.174,0.000164649427643573
4.175,0.000163962792874097
4.176,0.000163278852118547
4.177,0.000162597595502881
4.178,0.00016191901318611
4.179,0.000161243095360191
4.18,0.000160569832249934
4.181,0.000159899214112904
4.182,0.000159231231239318
4.183,0.000158565873951954
4.184,0.000157903132606048
4.185,0.0001572429975892
4.186,0.000156585459321274
4.187,0.000155930508254305
4.188,0.000155278134872398
4.189,0.000154628329691637
4.19,0.000153981083259983
4.191,0.000153336386157181
4.192,0.000152694228994668
4.193,0.00015205460241547
4.194,0.000151417497094114
4.195,0.000150782903736527
4.196,0.000150150813079947
4.197,0.000149521215892826
4.198,0.000148894102974733
4.199,0.000148269465156266
4.2,0.000147647293298954
4.201,0.000147027578295165
4.202,0.000146410311068011
4.203,0.000145795482571259
4.204,0.000145183083789235
4.205,0.00014457310573673
4.206,0.000143965539458913
4.207,0.000143360376031235
4.208,0.000142757606559337
4.209,0.000142157222178961
4.21,0.000141559214055855
4.211,0.000140963573385686
4.212,0.000140370291393948
4.213,0.000139779359335867
4.214,0.000139190768496318
4.215,0.000138604510189727
4.216,0.000138020575759988
4.217,0.000137438956580369
4.218,0.000136859644053423
4.219,0.000136282629610901
4.22,0.000135707904713659
4.221,0.000135135460851574
4.222,0.00013456528954345
4.223,0.000133997382336936
4.224,0.000133431730808432
4.225,0.000132868326563003
4.226,0.000132307161234294
4.227,0.000131748226484439
4.228,0.000131191514003974
4.229,0.000130637015511752
4.23,0.000130084722754857
4.231,0.000129534627508513
4.232,0.000128986721576001
4.233,0.000128440996788573
4.234,0.000127897445005364
4.235,0.00012735605811331
4.236,0.000126816828027057
4.237,0.000126279746688882
4.238,0.000125744806068601
4.239,0.000125211998163493
4.24,0.000124681314998206
4.241,0.000124152748624679
4.242,0.000123626291122057
4.243,0.000123101934596605
4.244,0.000122579671181625
4.245,0.000122059493037373
4.246,0.000121541392350977
4.247,0.00012102536133635
4.248,0.000120511392234112
4.249,0.000119999477311504
4.25,0.000119489608862307
4.251,0.000118981779206759
4.252,0.000118475980691474
4.253,0.000117972205689359
4.254,0.000117470446599535
4.255,0.000116970695847251
4.256,0.000116472945883808
4.257,0.000115977189186475
4.258,0.000115483418258409
4.259,0.000114991625628574
4.26,0.000114501803851662
4.261,0.000114013945508013
4.262,0.000113528043203532
4.263,0.000113044089569614
4.264,0.000112562077263062
4.265,0.000112081998966007
4.266,0.000111603847385829
4.267,0.000111127615255083
4.268,0.000110653295331413
4.269,0.000110180880397478
4.27,0.000109710363260874
4.271,0.000109241736754054
4.272,0.000108774993734252
4.273,0.000108310127083403
4.274,0.000107847129708069
4.275,0.00010738599453936
4.276,0.000106926714532855
4.277,0.00010646928266853
4.278,0.000106013691950677
4.279,0.00010555993540783
4.28,0.000105108006092688
4.281,0.00010465789708204
4.282,0.000104209601476688
4.283,0.000103763112401372
4.284,0.000103318423004695
4.285,0.000102875526459047
4.286,0.00010243441596053
4.287,0.000101995084728886
4.288,0.000101557526007417
4.289,0.000101121733062918
4.29,0.000100687699185594
4.291,0.000100255417688995
4.292,9.98248819099349e-05
4.293,9.93960852084234e-05
4.294,9.89690209675888e-05
4.295,9.85436825936068e-05
4.296,9.8120063515627e-05
4.297,9.76981571857003e-05
4.298,9.72779570787059e-05
4.299,9.68594566922794e-05
4.3,9.64426495467403e-05
4.301,9.60275291850201e-05
4.302,9.56140891725905e-05
4.303,9.52023230973918e-05
4.304,9.47922245697612e-05
4.305,9.43837872223622e-05
4.306,9.39770047101128e-05
4.307,9.35718707101151e-05
4.308,9.31683789215848e-05
4.309,9.27665230657801e-05
4.31,9.23662968859319e-05
4.311,9.19676941471739e-05
4.312,9.1570708636472e-05
4.313,9.11753341625552e-05
4.314,9.07815645558459e-05
4.315,9.03893936683906e-05
4.316,8.99988153737904e-05
4.317,8.96098235671325e-05
4.318,8.92224121649214e-05
4.319,8.88365751050097e-05
4.32,8.84523063465308e-05
4.321,8.80695998698294e-05
4.322,8.76884496763945e-05
4.323,8.73088497887911e-05
4.324,8.69307942505924e-05
4.325,8.65542771263126e-05
4.326,8.61792925013397e-05
4.327,8.58058344818679e-05
4.328,8.54338971948311e-05
4.329,8.50634747878361e-05
4.33,8.46945614290958e-05
4.331,8.4327151307363e-05
4.332,8.3961238631864e-05
4.333,8.35968176322331e-05
4.334,8.3233882558446e-05
4.335,8.28724276807547e-05
4.336,8.25124472896217e-05
4.337,8.21539356956551e-05
4.338,8.17968872295427e-05
4.339,8.14412962419879e-05
4.34,8.10871571036446e-05
4.341,8.07344642050522e-05
4.342,8.03832119565719e-05
4.343,8.0033394788322e-05
4.344,7.96850071501139e-05
4.345,7.93380435113881e-05
4.346,7.89924983611509e-05
4.347,7.86483662079104e-05
4.348,7.83056415796133e-05
4.349,7.79643190235819e-05
4.35,7.76243931064507e-05
4.351,7.72858584141038e-05
4.352,7.69487095516123e-05
4.353,7.66129411431716e-05
4.354,7.62785478320392e-05
4.355,7.59455242804723e-05
4.356,7.56138651696663e-05
4.357,7.52835651996926e-05
4.358,7.49546190894368e-05
4.359,7.46270215765379e-05
4.36,7.43007674173264e-05
4.361,7.39758513867632e-05
4.362,7.36522682783789e-05
4.363,7.3330012904213e-05
4.364,7.30090800947528e-05
4.365,7.26894646988737e-05
4.366,7.23711615837782e-05
4.367,7.20541656349362e-05
4.368,7.17384717560248e-05
4.369,7.14240748688687e-05
4.37,7.11109699133805e-05
4.371,7.07991518475011e-05
4.372,7.04886156471406e-05
4.373,7.01793563061192e-05
4.374,6.98713688361079e-05
4.375,6.95646482665702e-05
4.376,6.92591896447028e-05
4.377,6.89549880353778e-05
4.378,6.8652038521084e-05
4.379,6.83503362018687e-05
4.38,6.804987619528e-05
4.381,6.77506536363087e-05
4.382,6.74526636773309e-05
4.383,6.71559014880502e-05
4.384,6.68603622554404e-05
4.385,6.65660411836885e-05
4.386,6.62729334941375e-05
4.387,6.59810344252298e-05
4.388,6.56903392324502e-05
4.389,6.54008431882692e-05
4.39,6.51125415820871e-05
4.391,6.48254297201775e-05
4.392,6.45395029256312e-05
4.393,6.42547565383002e-05
4.394,6.39711859147423e-05
4.395,6.36887864281649e-05
4.396,6.34075534683703e-05
4.397,6.31274824416997e-05
4.398,6.28485687709784e-05
4.399,6.25708078954608e-05
4.4,6.22941952707757e-05
4.401,6.20187263688711e-05
4.402,6.17443966779604e-05
4.403,6.14712017024674e-05
4.404,6.11991369629725e-05
4.405,6.09281979961584e-05
4.406,6.06583803547564e-05
4.407,6.03896796074923e-05
4.408,6.01220913390331e-05
4.409,5.98556111499334e-05
4.41,5.95902346565823e-05
4.411,5.93259574911498e-05
4.412,5.90627753015342e-05
4.413,5.88006837513092e-05
4.414,5.85396785196709e-05
4.415,5.82797553013856e-05
4.416,5.8020909806737e-05
4.417,5.77631377614743e-05
4.418,5.750643490676e-05
4.419,5.72507969991177e-05
4.42,5.69962198103807e-05
4.421,5.67426991276397e-05
4.422,5.64902307531919e-05
4.423,5.62388105044894e-05
4.424,5.59884342140876e-05
4.425,5.57390977295948e-05
4.426,5.54907969136207e-05
4.427,5.52435276437257e-05
4.428,5.49972858123704e-05
4.429,5.47520673268649e-05
4.43,5.45078681093188e-05
4.431,5.42646840965903e-05
4.432,5.40225112402367e-05
4.433,5.37813455064643e-05
4.434,5.35411828760785e-05
4.435,5.33020193444342e-05
4.436,5.30638509213861e-05
4.437,5.28266736312399e-05
4.438,5.25904835127022e-05
4.439,5.2355276618832e-05
4.44,5.21210490169918e-05
4.441,5.18877967887982e-05
4.442,5.1655516030074e-05
4.443,5.14242028507988e-05
4.444,5.11938533750614e-05
4.445,5.0964463741011e-05
4.446,5.07360301008093e-05
4.447,5.05085486205824e-05
4.448,5.0282015480373e-05
4.449,5.00564268740926e-05
4.45,4.98317790094743e-05
4.451,4.96080681080246e-05
4.452,4.93852904049769e-05
4.453,4.91634421492438e-05
4.454,4.89425196033702e-05
4.455,4.87225190434864e-05
4.456,4.85034367592615e-05
4.457,4.82852690538563e-05
4.458,4.80680122438773e-05
4.459,4.78516626593301e-05
4.46,4.76362166435732e-05
4.461,4.74216705532716e-05
4.462,4.72080207583515e-05
4.463,4.69952636419537e-05
4.464,4.67833956003883e-05
4.465,4.65724130430892e-05
4.466,4.63623123925683e-05
4.467,4.61530900843705e-05
4.468,4.59447425670284e-05
4.469,4.5737266302017e-05
4.47,4.55306577637093e-05
4.471,4.53249134393308e-05
4.472,4.51200298289155e-05
4.473,4.49160034452609e-05
4.474,4.47128308138839e-05
4.475,4.4510508472976e-05
4.476,4.43090329733598e-05
4.477,4.41084008784444e-05
4.478,4.39086087641819e-05
4.479,4.37096532190232e-05
4.48,4.35115308438749e-05
4.481,4.3314238252055e-05
4.482,4.31177720692504e-05
4.483,4.29221289334726e-05
4.484,4.27273054950154e-05
4.485,4.25332984164116e-05
4.486,4.23401043723898e-05
4.487,4.21477200498319e-05
4.488,4.19561421477303e-05
4.489,4.17653673771455e-05
4.49,4.15753924611636e-05
4.491,4.13862141348539e-05
4.492,4.11978291452268e-05
4.493,4.10102342511918e-05
4.494,4.08234262235154e-05
4.495,4.06374018447796e-05
4.496,4.04521579093399e-05
4.497,4.02676912232837e-05
4.498,4.0083998604389e-05
4.499,3.99010768820832e-05
4.5,3.97189228974014e-05
4.501,3.9537533502946e-05
4.502,3.93569055628449e-05
4.503,3.91770359527113e-05
4.504,3.89979215596026e-05
4.505,3.88195592819801e-05
4.506,3.8641946029668e-05
4.507,3.84650787238133e-05
4.508,3.82889542968457e-05
4.509,3.81135696924371e-05
4.51,3.79389218654615e-05
4.511,3.77650077819556e-05
4.512,3.75918244190784e-05
4.513,3.74193687650718e-05
4.514,3.7247637819221e-05
4.515,3.70766285918147e-05
4.516,3.69063381041064e-05
4.517,3.67367633882745e-05
4.518,3.65679014873834e-05
4.519,3.63997494553447e-05
4.52,3.62323043568779e-05
4.521,3.60655632674718e-05
4.522,3.58995232733461e-05
4.523,3.57341814714121e-05
4.524,3.5569534969235e-05
4.525,3.5405580884995e-05
4.526,3.52423163474496e-05
4.527,3.50797384958947e-05
4.528,3.49178444801274e-05
4.529,3.47566314604074e-05
4.53,3.45960966074199e-05
4.531,3.4436237102237e-05
4.532,3.42770501362812e-05
4.533,3.41185329112868e-05
4.534,3.39606826392635e-05
4.535,3.38034965424585e-05
4.536,3.36469718533196e-05
4.537,3.34911058144581e-05
4.538,3.33358956786119e-05
4.539,3.31813387086086e-05
4.54,3.30274321773288e-05
4.541,3.28741733676696e-05
4.542,3.27215595725078e-05
4.543,3.25695880946637e-05
4.544,3.24182562468648e-05
4.545,3.22675613517094e-05
4.546,3.21175007416308e-05
4.547,3.19680717588609e-05
4.548,3.18192717553948e-05
4.549,3.16710980929547e-05
4.55,3.15235481429541e-05
4.551,3.13766192864624e-05
4.552,3.12303089141696e-05
4.553,3.10846144263506e-05
4.554,3.09395332328299e-05
4.555,3.07950627529467e-05
4.556,3.06512004155197e-05
4.557,3.0507943658812e-05
4.558,3.03652899304963e-05
4.559,3.02232366876204e-05
4.56,3.00817813965719e-05
4.561,2.99409215330443e-05
4.562,2.9800654582002e-05
4.563,2.96609780376463e-05
4.564,2.95218894033807e-05
4.565,2.93833861917774e-05
4.566,2.92454659245423e-05
4.567,2.91081261324817e-05
4.568,2.89713643554684e-05
4.569,2.88351781424074e-05
4.57,2.86995650512026e-05
4.571,2.85645226487232e-05
4.572,2.84300485107701e-05
4.573,2.82961402220424e-05
4.574,2.81627953761042e-05
4.575,2.80300115753514e-05
4.576,2.78977864309785e-05
4.577,2.77661175629456e-05
4.578,2.76350025999456e-05
4.579,2.75044391793711e-05
4.58,2.73744249472818e-05
4.581,2.72449575583718e-05
4.582,2.71160346759371e-05
4.583,2.69876539718432e-05
4.584,2.68598131264924e-05
4.585,2.67325098287919e-05
4.586,2.66057417761215e-05
4.587,2.64795066743011e-05
4.588,2.63538022375593e-05
4.589,2.62286261885012e-05
4.59,2.61039762580766e-05
4.591,2.5979850185548e-05
4.592,2.58562457184593e-05
4.593,2.57331606126043e-05
4.594,2.56105926319949e-05
4.595,2.54885395488299e-05
4.596,2.53669991434635e-05
4.597,2.52459692043747e-05
4.598,2.51254475281353e-05
4.599,2.50054319193796e-05
4.6,2.48859201907732e-05
4.601,2.4766910162982e-05
4.602,2.46483996646415e-05
4.603,2.45303865323265e-05
4.604,2.44128686105199e-05
4.605,2.42958437515826e-05
4.606,2.4179309815723e-05
4.607,2.40632646709665e-05
4.608,2.39477061931255e-05
4.609,2.38326322657691e-05
4.61,2.37180407801929e-05
4.611,2.36039296353893e-05
4.612,2.34902967380174e-05
4.613,2.33771400023729e-05
4.614,2.32644573503591e-05
4.615,2.31522467114563e-05
4.616,2.30405060226931e-05
4.617,2.29292332286163e-05
4.618,2.28184262812616e-05
4.619,2.27080831401244e-05
4.62,2.25982017721308e-05
4.621,2.24887801516075e-05
4.622,2.2379816260254e-05
4.623,2.22713080871124e-05
4.624,2.21632536285392e-05
4.625,2.20556508881764e-05
4.626,2.19484978769223e-05
4.627,2.18417926129032e-05
4.628,2.17355331214447e-05
4.629,2.16297174350431e-05
4.63,2.1524343593337e-05
4.631,2.14194096430789e-05
4.632,2.13149136381071e-05
4.633,2.12108536393171e-05
4.634,2.11072277146336e-05
4.635,2.10040339389827e-05
4.636,2.09012703942637e-05
4.637,2.07989351693211e-05
4.638,2.06970263599169e-05
4.639,2.05955420687029e-05
4.64,2.04944804051929e-05
4.641,2.0393839485735e-05
4.642,2.02936174334844e-05
4.643,2.01938123783756e-05
4.644,2.00944224570954e-05
4.645,1.9995445813055e-05
4.646,1.98968805963634e-05
4.647,1.97987249637999e-05
4.648,1.97009770787871e-05
4.649,1.96036351113638e-05
4.65,1.95066972381583e-05
4.651,1.94101616423613e-05
4.652,1.9314026513699e-05
4.653,1.92182900484068e-05
4.654,1.91229504492024e-05
4.655,1.90280059252592e-05
4.656,1.89334546921796e-05
4.657,1.88392949719692e-05
4.658,1.87455249930098e-05
4.659,1.86521429900333e-05
4.66,1.85591472040956e-05
4.661,1.84665358825503e-05
4.662,1.83743072790229e-05
4.663,1.82824596533842e-05
4.664,1.8190991271725e-05
4.665,1.80999004063298e-05
4.666,1.80091853356511e-05
4.667,1.79188443442839e-05
4.668,1.78288757229396e-05
4.669,1.77392777684207e-05
4.67,1.76500487835952e-05
4.671,1.7561187077371e-05
4.672,1.74726909646708e-05
4.673,1.73845587664063e-05
4.674,1.72967888094534e-05
4.675,1.72093794266268e-05
4.676,1.71223289566547e-05
4.677,1.70356357441539e-05
4.678,1.6949298139605e-05
4.679,1.68633144993269e-05
4.68,1.67776831854525e-05
4.681,1.66924025659034e-05
4.682,1.66074710143656e-05
4.683,1.65228869102644e-05
4.684,1.64386486387402e-05
4.685,1.63547545906234e-05
4.686,1.62712031624105e-05
4.687,1.61879927562392e-05
4.688,1.61051217798643e-05
4.689,1.60225886466331e-05
4.69,1.59403917754615e-05
4.691,1.58585295908098e-05
4.692,1.5777000522658e-05
4.693,1.56958030064825e-05
4.694,1.56149354832318e-05
4.695,1.55343963993021e-05
4.696,1.54541842065143e-05
4.697,1.53742973620894e-05
4.698,1.52947343286251e-05
4.699,1.52154935740721e-05
4.7,1.51365735717102e-05
4.701,1.50579728001252e-05
4.702,1.49796897431848e-05
4.703,1.49017228900154e-05
4.704,1.48240707349788e-05
4.705,1.47467317776486e-05
4.706,1.46697045227871e-05
4.707,1.4592987480322e-05
4.708,1.4516579165323e-05
4.709,1.44404780979791e-05
4.71,1.43646828035752e-05
4.711,1.42891918124691e-05
4.712,1.42140036600687e-05
4.713,1.41391168868089e-05
4.714,1.4064530038129e-05
4.715,1.39902416644496e-05
4.716,1.39162503211501e-05
4.717,1.3842554568546e-05
4.718,1.3769152971866e-05
4.719,1.36960441012297e-05
4.72,1.36232265316251e-05
4.721,1.35506988428859e-05
4.722,1.34784596196691e-05
4.723,1.3406507451433e-05
4.724,1.33348409324144e-05
4.725,1.32634586616065e-05
4.726,1.31923592427369e-05
4.727,1.31215412842452e-05
4.728,1.3051003399261e-05
4.729,1.29807442055817e-05
4.73,1.29107623256507e-05
4.731,1.28410563865353e-05
4.732,1.27716250199049e-05
4.733,1.2702466862009e-05
4.734,1.26335805536554e-05
4.735,1.25649647401887e-05
4.736,1.24966180714684e-05
4.737,1.24285392018469e-05
4.738,1.23607267901487e-05
4.739,1.2293179499648e-05
4.74,1.22258959980478e-05
4.741,1.21588749574579e-05
4.742,1.20921150543741e-05
4.743,1.20256149696562e-05
4.744,1.1959373388507e-05
4.745,1.18933890004512e-05
4.746,1.18276604993137e-05
4.747,1.17621865831987e-05
4.748,1.16969659544685e-05
4.749,1.16319973197224e-05
4.75,1.15672793897758e-05
4.751,1.15028108796389e-05
4.752,1.14385905084959e-05
4.753,1.1374616999684e-05
4.754,1.13108890806727e-05
4.755,1.12474054830429e-05
4.756,1.11841649424659e-05
4.757,1.11211661986829e-05
4.758,1.10584079954843e-05
4.759,1.09958890806888e-05
4.76,1.09336082061231e-05
4.761,1.0871564127601e-05
4.762,1.08097556049032e-05
4.763,1.07481814017565e-05
4.764,1.06868402858135e-05
4.765,1.06257310286324e-05
4.766,1.05648524056561e-05
4.767,1.05042031961923e-05
4.768,1.04437821833931e-05
4.769,1.03835881542348e-05
4.77,1.03236198994975e-05
4.771,1.02638762137452e-05
4.772,1.02043558953054e-05
4.773,1.01450577462491e-05
4.774,1.0085980572371e-05
4.775,1.0027123183169e-05
4.776,9.9684843918247e-06
4.777,9.91006301518305e-06
4.778,9.85185787373273e-06
4.779,9.7938677915862e-06
4.78,9.73609159645983e-06
4.781,9.67852811965412e-06
4.782,9.62117619603398e-06
4.783,9.56403466400896e-06
4.784,9.5071023655136e-06
4.785,9.45037814598774e-06
4.786,9.39386085435694e-06
4.787,9.33754934301289e-06
4.788,9.28144246779383e-06
4.789,9.22553908796508e-06
4.79,9.16983806619954e-06
4.791,9.11433826855824e-06
4.792,9.05903856447092e-06
4.793,9.00393782671667e-06
4.794,8.94903493140459e-06
4.795,8.89432875795443e-06
4.796,8.83981818907735e-06
4.797,8.78550211075665e-06
4.798,8.73137941222856e-06
4.799,8.67744898596304e-06
4.8,8.62370972764462e-06
4.801,8.5701605361533e-06
4.802,8.51680031354541e-06
4.803,8.46362796503459e-06
4.804,8.41064239897271e-06
4.805,8.35784252683089e-06
4.806,8.30522726318053e-06
4.807,8.25279552567434e-06
4.808,8.20054623502739e-06
4.809,8.14847831499831e-06
4.81,8.09659069237032e-06
4.811,8.04488229693247e-06
4.812,7.9933520614608e-06
4.813,7.94199892169956e-06
4.814,7.89082181634243e-06
4.815,7.83981968701387e-06
4.816,7.78899147825031e-06
4.817,7.73833613748156e-06
4.818,7.68785261501213e-06
4.819,7.63753986400258e-06
4.82,7.58739684045096e-06
4.821,7.53742250317422e-06
4.822,7.48761581378964e-06
4.823,7.43797573669635e-06
4.824,7.38850123905675e-06
4.825,7.33919129077813e-06
4.826,7.29004486449412e-06
4.827,7.24106093554633e-06
4.828,7.19223848196587e-06
4.829,7.14357648445504e-06
4.83,7.0950739263689e-06
4.831,7.04672979369697e-06
4.832,6.99854307504486e-06
4.833,6.95051276161603e-06
4.834,6.90263784719346e-06
4.835,6.8549173281214e-06
4.836,6.80735020328715e-06
4.837,6.75993547410282e-06
4.838,6.71267214448714e-06
4.839,6.66555922084728e-06
4.84,6.61859571206067e-06
4.841,6.5717806294569e-06
4.842,6.52511298679955e-06
4.843,6.4785918002681e-06
4.844,6.43221608843985e-06
4.845,6.38598487227184e-06
4.846,6.3398971750828e-06
4.847,6.29395202253512e-06
4.848,6.2481484426168e-06
4.849,6.20248546562351e-06
4.85,6.1569621241405e-06
4.851,6.11157745302475e-06
4.852,6.06633048938691e-06
4.853,6.02122027257341e-06
4.854,5.97624584414854e-06
4.855,5.93140624787647e-06
4.856,5.88670052970346e-06
4.857,5.84212773773988e-06
4.858,5.79768692224238e-06
4.859,5.75337713559602e-06
4.86,5.70919743229644e-06
4.861,5.665146868932e-06
4.862,5.621224504166e-06
4.863,5.57742939871883e-06
4.864,5.53376061535018e-06
4.865,5.49021721884128e-06
4.866,5.44679827597709e-06
4.867,5.40350285552857e-06
4.868,5.36033002823488e-06
4.869,5.31727886678568e-06
4.87,5.27434844580338e-06
4.871,5.23153784182539e-06
4.872,5.18884613328645e-06
4.873,5.14627240050087e-06
4.874,5.10381572564486e-06
4.875,5.06147519273884e-06
4.876,5.01924988762974e-06
4.877,4.97713889797334e-06
4.878,4.93514131321657e-06
4.879,4.89325622457987e-06
4.88,4.85148272503955e-06
4.881,4.80981990931009e-06
4.882,4.76826687382653e-06
4.883,4.72682271672682e-06
4.884,4.68548653783418e-06
4.885,4.64425743863947e-06
4.886,4.60313452228358e-06
4.887,4.56211689353976e-06
4.888,4.52120365879606e-06
4.889,4.48039392603769e-06
4.89,4.43968680482938e-06
4.891,4.3990814062978e-06
4.892,4.35857684311396e-06
4.893,4.31817222947556e-06
4.894,4.27786668108943e-06
4.895,4.2376593151539e-06
4.896,4.19754925034121e-06
4.897,4.15753560677989e-06
4.898,4.11761750603717e-06
4.899,4.07779407110139e-06
4.9,4.03806442636438e-06
4.901,3.99842769760384e-06
4.902,3.95888301196576e-06
4.903,3.91942949794682e-06
4.904,3.88006628537675e-06
4.905,3.84079250540074e-06
4.906,3.80160729046182e-06
4.907,3.76250977428323e-06
4.908,3.72349909185083e-06
4.909,3.68457437939545e-06
4.91,3.64573477437526e-06
4.911,3.60697941545814e-06
4.912,3.56830744250407e-06
4.913,3.52971799654744e-06
4.914,3.49121021977943e-06
4.915,3.45278325553035e-06
4.916,3.41443624825198e-06
4.917,3.3761683434999e-06
4.918,3.33797868791579e-06
4.919,3.2998664292098e-06
4.92,3.26183071614282e-06
4.921,3.22387069850878e-06
4.922,3.18598552711696e-06
4.923,3.14817435377428e-06
4.924,3.11043633126754e-06
4.925,3.07277061334573e-06
4.926,3.03517635470223e-06
4.927,2.99765271095711e-06
4.928,2.96019883863932e-06
4.929,2.92281389516895e-06
4.93,2.88549703883939e-06
4.931,2.84824742879959e-06
4.932,2.81106422503618e-06
4.933,2.7739465883557e-06
4.934,2.73689368036672e-06
4.935,2.69990466346201e-06
4.936,2.66297870080066e-06
4.937,2.62611495629021e-06
4.938,2.58931259456871e-06
4.939,2.55257078098689e-06
4.94,2.51588868159014e-06
4.941,2.47926546310064e-06
4.942,2.44270029289936e-06
4.943,2.40619233900809e-06
4.944,2.36974077007144e-06
4.945,2.33334475533884e-06
4.946,2.29700346464652e-06
4.947,2.26071606839944e-06
4.948,2.22448173755321e-06
4.949,2.18829964359605e-06
4.95,2.15216895853065e-06
4.951,2.11608885485605e-06
4.952,2.08005850554949e-06
4.953,2.04407708404826e-06
4.954,2.00814376423148e-06
4.955,1.97225772040193e-06
4.956,1.93641812726779e-06
4.957,1.90062415992436e-06
4.958,1.86487499383585e-06
4.959,1.82916980481703e-06
4.96,1.79350776901489e-06
4.961,1.75788806289034e-06
4.962,1.7223098631998e-06
4.963,1.6867723469768e-06
4.964,1.65127469151357e-06
4.965,1.61581607434258e-06
4.966,1.58039567321806e-06
4.967,1.5450126660975e-06
4.968,1.50966623112312e-06
4.969,1.47435554660328e-06
4.97,1.43907979099394e-06
4.971,1.40383814288001e-06
4.972,1.36862978095672e-06
4.973,1.33345388401091e-06
4.974,1.29830963090238e-06
4.975,1.26319620054509e-06
4.976,1.22811277188845e-06
4.977,1.19305852389847e-06
4.978,1.15803263553899e-06
4.979,1.12303428575273e-06
4.98,1.08806265344248e-06
4.981,1.05311691745212e-06
4.982,1.01819625654767e-06
4.983,9.83299849398292e-07
4.984,9.4842687455725e-07
4.985,9.13576510442856e-07
4.986,8.78747935319357e-07
4.987,8.43940327277798e-07
4.988,8.09152864216845e-07
4.989,7.74384723823571e-07
4.99,7.39635083554205e-07
4.991,7.04903120614844e-07
4.992,6.70188011942126e-07
4.993,6.3548893418386e-07
4.994,6.00805063679621e-07
4.995,5.66135576441306e-07
4.996,5.31479648133642e-07
4.997,4.96836454054662e-07
4.998,4.62205169116135e-07
4.999,4.27584967823952e-07
5,3.92975024258472e-07
5.001,3.58374512054828e-07
5.002,3.2378260438318e-07
5.003,2.89198473928936e-07
5.004,2.5462129287292e-07
5.005,2.20050232871492e-07
5.006,1.85484465036639e-07
5.007,1.50923159915995e-07
5.008,1.16365487472837e-07
5.009,8.1810617066021e-08
5.01,4.72577174298734e-08
5.011,1.27059566540344e-08
5.012,-2.18454978367474e-08
5.013,-5.63974793028701e-08
5.014,-9.09508217101832e-08
5.015,-1.25506359750343e-07
5.016,-1.60064928861218e-07
5.017,-1.94627365247349e-07
5.018,-2.29194505900457e-07
5.019,-2.63767188620007e-07
5.02,-2.98346252033821e-07
5.021,-3.32932535618752e-07
5.022,-3.67526879721404e-07
5.023,-4.02130125578912e-07
5.024,-4.36743115339778e-07
5.025,-4.71366692084756e-07
5.026,-5.06001699847805e-07
5.027,-5.40648983637089e-07
5.028,-5.75309389456036e-07
5.029,-6.09983764324465e-07
5.03,-6.4467295629976e-07
5.031,-6.79377814498106e-07
5.032,-7.14099189115792e-07
5.033,-7.48837931450569e-07
5.034,-7.83594893923065e-07
5.035,-8.18370930098274e-07
5.036,-8.53166894707094e-07
5.037,-8.87983643667938e-07
5.038,-9.22822034108405e-07
5.039,-9.57682924387011e-07
5.04,-9.92567174114993e-07
5.041,-1.02747564417817e-06
5.042,-1.06240919675889e-06
5.043,-1.097368695358e-06
5.044,-1.13235500481692e-06
5.045,-1.16736899133982e-06
5.046,-1.20241152251574e-06
5.047,-1.23748346734093e-06
5.048,-1.27258569624116e-06
5.049,-1.30771908109413e-06
5.05,-1.34288449525199e-06
5.051,-1.37808281356382e-06
5.052,-1.41331491239834e-06
5.053,-1.44858166966653e-06
5.054,-1.48388396484447e-06
5.055,-1.51922267899614e-06
5.056,-1.55459869479639e-06
5.057,-1.59001289655388e-06
5.058,-1.6254661702342e-06
5.059,-1.66095940348298e-06
5.06,-1.69649348564918e-06
5.061,-1.73206930780834e-06
5.062,-1.76768776278598e-06
5.063,-1.80334974518108e-06
5.064,-1.83905615138961e-06
5.065,-1.87480787962819e-06
5.066,-1.91060582995773e-06
5.067,-1.94645090430731e-06
5.068,-1.98234400649798e-06
5.069,-2.01828604226676e-06
5.07,-2.05427791929065e-06
5.071,-2.09032054721081e-06
5.072,-2.12641483765671e-06
5.073,-2.16256170427049e-06
5.074,-2.19876206273129e-06
5.075,-2.23501683077979e-06
5.076,-2.27132692824271e-06
5.077,-2.30769327705752e-06
5.078,-2.34411680129713e-06
5.079,-2.3805984271948e-06
5.08,-2.41713908316897e-06
5.081,-2.45373969984838e-06
5.082,-2.49040121009711e-06
5.083,-2.52712454903982e-06
5.084,-2.56391065408705e-06
5.085,-2.60076046496061e-06
5.086,-2.63767492371908e-06
5.087,-2.6746549747834e-06
5.088,-2.71170156496256e-06
5.089,-2.74881564347938e-06
5.09,-2.78599816199641e-06
5.091,-2.82325007464191e-06
5.092,-2.86057233803594e-06
5.093,-2.89796591131654e-06
5.094,-2.93543175616603e-06
5.095,-2.97297083683743e-06
5.096,-3.01058412018092e-06
5.097,-3.04827257567047e-06
5.098,-3.08603717543053e-06
5.099,-3.12387889426289e-06
5.1,-3.16179870967356e-06
5.101,-3.19979760189983e-06
5.102,-3.23787655393739e-06
5.103,-3.27603655156762e-06
5.104,-3.31427858338492e-06
5.105,-3.35260364082419e-06
5.106,-3.39101271818843e-06
5.107,-3.42950681267645e-06
5.108,-3.46808692441064e-06
5.109,-3.50675405646496e-06
5.11,-3.54550921489294e-06
5.111,-3.58435340875589e-06
5.112,-3.62328765015111e-06
5.113,-3.66231295424037e-06
5.114,-3.70143033927838e-06
5.115,-3.74064082664143e-06
5.116,-3.77994544085618e-06
5.117,-3.81934520962853e-06
5.118,-3.8588411638726e-06
5.119,-3.8984343377399e-06
5.12,-3.93812576864855e-06
5.121,-3.97791649731272e-06
5.122,-4.01780756777205e-06
5.123,-4.05780002742137e-06
5.124,-4.0978949270404e-06
5.125,-4.1380933208237e-06
5.126,-4.17839626641063e-06
5.127,-4.21880482491558e-06
5.128,-4.2593200609582e-06
5.129,-4.29994304269385e-06
5.13,-4.34067484184415e-06
5.131,-4.38151653372766e-06
5.132,-4.42246919729074e-06
5.133,-4.46353391513849e-06
5.134,-4.50471177356585e-06
5.135,-4.54600386258886e-06
5.136,-4.58741127597605e-06
5.137,-4.62893511127992e-06
5.138,-4.67057646986868e-06
5.139,-4.71233645695798e-06
5.14,-4.75421618164293e-06
5.141,-4.79621675693019e-06
5.142,-4.83833929977017e-06
5.143,-4.88058493108948e-06
5.144,-4.92295477582346e-06
5.145,-4.96544996294884e-06
5.146,-5.00807162551663e-06
5.147,-5.0508209006851e-06
5.148,-5.09369892975291e-06
5.149,-5.13670685819243e-06
5.15,-5.17984583568318e-06
5.151,-5.22311701614549e-06
5.152,-5.26652155777421e-06
5.153,-5.31006062307268e-06
5.154,-5.3537353788868e-06
5.155,-5.39754699643928e-06
5.156,-5.44149665136408e-06
5.157,-5.48558552374092e-06
5.158,-5.52981479813008e-06
5.159,-5.57418566360729e-06
5.16,-5.61869931379876e-06
5.161,-5.66335694691646e-06
5.162,-5.70815976579351e-06
5.163,-5.75310897791973e-06
5.164,-5.79820579547745e-06
5.165,-5.84345143537734e-06
5.166,-5.88884711929457e-06
5.167,-5.93439407370506e-06
5.168,-5.98009352992188e-06
5.169,-6.02594672413192e-06
5.17,-6.07195489743267e-06
5.171,-6.11811929586917e-06
5.172,-6.16444117047119e-06
5.173,-6.21092177729057e-06
5.174,-6.25756237743874e-06
5.175,-6.30436423712439e-06
5.176,-6.3513286276914e-06
5.177,-6.39845682565692e-06
5.178,-6.44575011274958e-06
5.179,-6.49320977594801e-06
5.18,-6.54083710751944e-06
5.181,-6.58863340505858e-06
5.182,-6.6365999715266e-06
5.183,-6.68473811529038e-06
5.184,-6.73304915016193e-06
5.185,-6.78153439543801e-06
5.186,-6.83019517593995e-06
5.187,-6.87903282205364e-06
5.188,-6.92804866976976e-06
5.189,-6.97724406072423e-06
5.19,-7.02662034223878e-06
5.191,-7.07617886736183e-06
5.192,-7.12592099490949e-06
5.193,-7.17584808950682e-06
5.194,-7.22596152162929e-06
5.195,-7.2762626676444e-06
5.196,-7.32675290985364e-06
5.197,-7.37743363653447e-06
5.198,-7.42830624198274e-06
5.199,-7.47937212655513e-06
5.2,-7.53063269671191e-06
5.201,-7.58208936505992e-06
5.202,-7.63374355039574e-06
5.203,-7.68559667774907e-06
5.204,-7.7376501784264e-06
5.205,-7.78990549005482e-06
5.206,-7.84236405662611e-06
5.207,-7.89502732854107e-06
5.208,-7.94789676265404e-06
5.209,-8.00097382231766e-06
5.21,-8.05425997742789e-06
5.211,-8.10775670446922e-06
5.212,-8.16146548656019e-06
5.213,-8.21538781349905e-06
5.214,-8.26952518180972e-06
5.215,-8.32387909478802e-06
5.216,-8.37845106254803e-06
5.217,-8.43324260206883e-06
5.218,-8.48825523724142e-06
5.219,-8.54349049891583e-06
5.22,-8.59894992494861e-06
5.221,-8.65463506025043e-06
5.222,-8.71054745683406e-06
5.223,-8.76668867386252e-06
5.224,-8.8230602776975e-06
5.225,-8.87966384194807e-06
5.226,-8.93650094751959e-06
5.227,-8.99357318266297e-06
5.228,-9.05088214302408e-06
5.229,-9.10842943169353e-06
5.23,-9.16621665925663e-06
5.231,-9.22424544384369e-06
5.232,-9.28251741118053e-06
5.233,-9.34103419463929e-06
5.234,-9.39979743528953e-06
5.235,-9.45880878194956e-06
5.236,-9.51806989123806e-06
5.237,-9.57758242762602e-06
5.238,-9.63734806348891e-06
5.239,-9.69736847915912e-06
5.24,-9.75764536297877e-06
5.241,-9.81818041135272e-06
5.242,-9.87897532880187e-06
5.243,-9.94003182801681e-06
5.244,-1.00013516299117e-05
5.245,-1.00629364636786e-05
5.246,-1.01247880668415e-05
5.247,-1.0186908185312e-05
5.248,-1.02492985734432e-05
5.249,-1.03119609940864e-05
5.25,-1.03748972186456e-05
5.251,-1.04381090271343e-05
5.252,-1.05015982082314e-05
5.253,-1.05653665593382e-05
5.254,-1.06294158866346e-05
5.255,-1.06937480051372e-05
5.256,-1.07583647387563e-05
5.257,-1.08232679203539e-05
5.258,-1.08884593918018e-05
5.259,-1.09539410040404e-05
5.26,-1.10197146171371e-05
5.261,-1.10857821003458e-05
5.262,-1.11521453321662e-05
5.263,-1.12188062004038e-05
5.264,-1.12857666022295e-05
5.265,-1.1353028444241e-05
5.266,-1.14205936425225e-05
5.267,-1.1488464122707e-05
5.268,-1.15566418200366e-05
5.269,-1.16251286794254e-05
5.27,-1.16939266555209e-05
5.271,-1.1763037712767e-05
5.272,-1.18324638254665e-05
5.273,-1.19022069778445e-05
5.274,-1.19722691641121e-05
5.275,-1.20426523885301e-05
5.276,-1.21133586654733e-05
5.277,-1.21843900194952e-05
5.278,-1.22557484853931e-05
5.279,-1.23274361082733e-05
5.28,-1.23994549436168e-05
5.281,-1.24718070573457e-05
5.282,-1.25444945258894e-05
5.283,-1.26175194362514e-05
5.284,-1.26908838860768e-05
5.285,-1.27645899837197e-05
5.286,-1.28386398483113e-05
5.287,-1.29130356098281e-05
5.288,-1.29877794091609e-05
5.289,-1.30628733981836e-05
5.29,-1.31383197398231e-05
5.291,-1.32141206081291e-05
5.292,-1.32902781883442e-05
5.293,-1.3366794676975e-05
5.294,-1.3443672281863e-05
5.295,-1.3520913222256e-05
5.296,-1.35985197288804e-05
5.297,-1.36764940440132e-05
5.298,-1.3754838421555e-05
5.299,-1.38335551271029e-05
5.3,-1.39126464380243e-05
5.301,-1.3992114643531e-05
5.302,-1.40719620447533e-05
5.303,-1.41521909548149e-05
5.304,-1.42328036989086e-05
5.305,-1.43138026143715e-05
5.306,-1.43951900507614e-05
5.307,-1.44769683699332e-05
5.308,-1.45591399461162e-05
5.309,-1.46417071659914e-05
5.31,-1.47246724287692e-05
5.311,-1.4808038146268e-05
5.312,-1.48918067429931e-05
5.313,-1.49759806562155e-05
5.314,-1.50605623360522e-05
5.315,-1.51455542455457e-05
5.316,-1.52309588607453e-05
5.317,-1.53167786707875e-05
5.318,-1.54030161779783e-05
5.319,-1.54896738978745e-05
5.32,-1.55767543593668e-05
5.321,-1.56642601047622e-05
5.322,-1.57521936898682e-05
5.323,-1.58405576840759e-05
5.324,-1.5929354670445e-05
5.325,-1.60185872457884e-05
5.326,-1.6108258020758e-05
5.327,-1.619836961993e-05
5.328,-1.62889246818919e-05
5.329,-1.63799258593288e-05
5.33,-1.64713758191114e-05
5.331,-1.65632772423836e-05
5.332,-1.66556328246506e-05
5.333,-1.67484452758685e-05
5.334,-1.68417173205333e-05
5.335,-1.6935451697771e-05
5.336,-1.7029651161428e-05
5.337,-1.71243184801622e-05
5.338,-1.72194564375345e-05
5.339,-1.73150678321009e-05
5.34,-1.74111554775053e-05
5.341,-1.75077222025722e-05
5.342,-1.76047708514008e-05
5.343,-1.77023042834592e-05
5.344,-1.78003253736791e-05
5.345,-1.78988370125512e-05
5.346,-1.79978421062209e-05
5.347,-1.80973435765852e-05
5.348,-1.81973443613894e-05
5.349,-1.82978474143249e-05
5.35,-1.83988557051272e-05
5.351,-1.85003722196747e-05
5.352,-1.86023999600881e-05
5.353,-1.87049419448305e-05
5.354,-1.88080012088073e-05
5.355,-1.8911580803468e-05
5.356,-1.90156837969075e-05
5.357,-1.91203132739683e-05
5.358,-1.92254723363438e-05
5.359,-1.93311641026812e-05
5.36,-1.94373917086862e-05
5.361,-1.95441583072274e-05
5.362,-1.96514670684415e-05
5.363,-1.97593211798396e-05
5.364,-1.98677238464136e-05
5.365,-1.99766782907433e-05
5.366,-2.00861877531044e-05
5.367,-2.01962554915769e-05
5.368,-2.03068847821542e-05
5.369,-2.0418078918853e-05
5.37,-2.05298412138234e-05
5.371,-2.06421749974605e-05
5.372,-2.07550836185154e-05
5.373,-2.08685704442082e-05
5.374,-2.09826388603406e-05
5.375,-2.10972922714102e-05
5.376,-2.12125341007241e-05
5.377,-2.13283677905145e-05
5.378,-2.14447968020545e-05
5.379,-2.15618246157742e-05
5.38,-2.16794547313781e-05
5.381,-2.17976906679626e-05
5.382,-2.19165359641349e-05
5.383,-2.20359941781322e-05
5.384,-2.21560688879413e-05
5.385,-2.22767636914196e-05
5.386,-2.2398082206416e-05
5.387,-2.25200280708938e-05
5.388,-2.26426049430527e-05
5.389,-2.27658165014527e-05
5.39,-2.28896664451386e-05
5.391,-2.30141584937645e-05
5.392,-2.313929638772e-05
5.393,-2.32650838882565e-05
5.394,-2.33915247776148e-05
5.395,-2.35186228591526e-05
5.396,-2.36463819574737e-05
5.397,-2.37748059185576e-05
5.398,-2.39038986098895e-05
5.399,-2.40336639205917e-05
5.4,-2.41641057615554e-05
5.401,-2.42952280655737e-05
5.402,-2.44270347874746e-05
5.403,-2.45595299042554e-05
5.404,-2.46927174152181e-05
5.405,-2.48266013421052e-05
5.406,-2.4961185729236e-05
5.407,-2.50964746436449e-05
5.408,-2.52324721752189e-05
5.409,-2.53691824368376e-05
5.41,-2.55066095645125e-05
5.411,-2.56447577175285e-05
5.412,-2.57836310785851e-05
5.413,-2.59232338539395e-05
5.414,-2.60635702735492e-05
5.415,-2.62046445912174e-05
5.416,-2.6346461084737e-05
5.417,-2.64890240560376e-05
5.418,-2.66323378313316e-05
5.419,-2.67764067612626e-05
5.42,-2.69212352210537e-05
5.421,-2.70668276106573e-05
5.422,-2.72131883549052e-05
5.423,-2.73603219036606e-05
5.424,-2.75082327319697e-05
5.425,-2.76569253402154e-05
5.426,-2.78064042542712e-05
5.427,-2.79566740256564e-05
5.428,-2.8107739231692e-05
5.429,-2.82596044756575e-05
5.43,-2.84122743869491e-05
5.431,-2.85657536212383e-05
5.432,-2.87200468606318e-05
5.433,-2.88751588138322e-05
5.434,-2.90310942162999e-05
5.435,-2.91878578304154e-05
5.436,-2.93454544456435e-05
5.437,-2.95038888786977e-05
5.438,-2.9663165973706e-05
5.439,-2.98232906023774e-05
5.44,-2.99842676641699e-05
5.441,-3.01461020864589e-05
5.442,-3.0308798824707e-05
5.443,-3.04723628626351e-05
5.444,-3.06367992123936e-05
5.445,-3.08021129147358e-05
5.446,-3.09683090391915e-05
5.447,-3.11353926842419e-05
5.448,-3.13033689774957e-05
5.449,-3.14722430758662e-05
5.45,-3.16420201657495e-05
5.451,-3.18127054632034e-05
5.452,-3.19843042141281e-05
5.453,-3.21568216944475e-05
5.454,-3.23302632102915e-05
5.455,-3.250463409818e-05
5.456,-3.26799397252072e-05
5.457,-3.28561854892278e-05
5.458,-3.3033376819044e-05
5.459,-3.32115191745932e-05
5.46,-3.3390618047138e-05
5.461,-3.3570678959456e-05
5.462,-3.37517074660316e-05
5.463,-3.39337091532487e-05
5.464,-3.41166896395848e-05
5.465,-3.43006545758062e-05
5.466,-3.44856096451637e-05
5.467,-3.46715605635907e-05
5.468,-3.48585130799018e-05
5.469,-3.50464729759926e-05
5.47,-3.52354460670406e-05
5.471,-3.54254382017081e-05
5.472,-3.56164552623454e-05
5.473,-3.58085031651958e-05
5.474,-3.60015878606016e-05
5.475,-3.61957153332115e-05
5.476,-3.63908916021893e-05
5.477,-3.65871227214235e-05
5.478,-3.67844147797388e-05
5.479,-3.69827739011087e-05
5.48,-3.71822062448685e-05
5.481,-3.73827180059313e-05
5.482,-3.75843154150038e-05
5.483,-3.77870047388043e-05
5.484,-3.79907922802815e-05
5.485,-3.81956843788352e-05
5.486,-3.84016874105377e-05
5.487,-3.86088077883572e-05
5.488,-3.8817051962382e-05
5.489,-3.90264264200466e-05
5.49,-3.92369376863587e-05
5.491,-3.94485923241281e-05
5.492,-3.96613969341962e-05
5.493,-3.9875358155668e-05
5.494,-4.00904826661448e-05
5.495,-4.03067771819581e-05
5.496,-4.05242484584058e-05
5.497,-4.07429032899892e-05
5.498,-4.09627485106516e-05
5.499,-4.11837909940183e-05
5.5,-4.14060376536382e-05
5.501,-4.16294954432271e-05
5.502,-4.18541713569119e-05
5.503,-4.20800724294767e-05
5.504,-4.23072057366108e-05
5.505,-4.25355783951569e-05
5.506,-4.27651975633628e-05
5.507,-4.29960704411324e-05
5.508,-4.32282042702805e-05
5.509,-4.34616063347872e-05
5.51,-4.36962839610554e-05
5.511,-4.39322445181688e-05
5.512,-4.41694954181518e-05
5.513,-4.44080441162318e-05
5.514,-4.46478981111017e-05
5.515,-4.4889064945185e-05
5.516,-4.51315522049025e-05
5.517,-4.53753675209401e-05
5.518,-4.56205185685188e-05
5.519,-4.58670130676659e-05
5.52,-4.61148587834885e-05
5.521,-4.6364063526448e-05
5.522,-4.66146351526366e-05
5.523,-4.68665815640556e-05
5.524,-4.71199107088955e-05
5.525,-4.73746305818173e-05
5.526,-4.76307492242361e-05
5.527,-4.78882747246062e-05
5.528,-4.8147215218708e-05
5.529,-4.84075788899368e-05
5.53,-4.86693739695929e-05
5.531,-4.89326087371745e-05
5.532,-4.91972915206711e-05
5.533,-4.94634306968597e-05
5.534,-4.97310346916026e-05
5.535,-5.00001119801467e-05
5.536,-5.02706710874253e-05
5.537,-5.0542720588361e-05
5.538,-5.08162691081709e-05
5.539,-5.1091325322674e-05
5.54,-5.13678979585996e-05
5.541,-5.16459957938988e-05
5.542,-5.19256276580567e-05
5.543,-5.22068024324075e-05
5.544,-5.24895290504511e-05
5.545,-5.27738164981715e-05
5.546,-5.3059673814358e-05
5.547,-5.33471100909271e-05
5.548,-5.36361344732476e-05
5.549,-5.3926756160467e-05
5.55,-5.42189844058403e-05
5.551,-5.45128285170606e-05
5.552,-5.48082978565918e-05
5.553,-5.51054018420035e-05
5.554,-5.54041499463079e-05
5.555,-5.57045516982987e-05
5.556,-5.60066166828921e-05
5.557,-5.63103545414704e-05
5.558,-5.66157749722269e-05
5.559,-5.69228877305136e-05
5.56,-5.72317026291908e-05
5.561,-5.75422295389789e-05
5.562,-5.78544783888125e-05
5.563,-5.81684591661966e-05
5.564,-5.84841819175649e-05
5.565,-5.88016567486406e-05
5.566,-5.91208938247992e-05
5.567,-5.94419033714338e-05
5.568,-5.97646956743223e-05
5.569,-6.00892810799975e-05
5.57,-6.04156699961188e-05
5.571,-6.07438728918466e-05
5.572,-6.10739002982191e-05
5.573,-6.14057628085313e-05
5.574,-6.17394710787164e-05
5.575,-6.20750358277292e-05
5.576,-6.24124678379331e-05
5.577,-6.27517779554877e-05
5.578,-6.30929770907404e-05
5.579,-6.34360762186198e-05
5.58,-6.37810863790313e-05
5.581,-6.41280186772556e-05
5.582,-6.44768842843498e-05
5.583,-6.48276944375502e-05
5.584,-6.51804604406788e-05
5.585,-6.5535193664551e-05
5.586,-6.58919055473873e-05
5.587,-6.62506075952262e-05
5.588,-6.66113113823407e-05
5.589,-6.69740285516567e-05
5.59,-6.73387708151745e-05
5.591,-6.7705549954393e-05
5.592,-6.80743778207356e-05
5.593,-6.84452663359802e-05
5.594,-6.88182274926907e-05
5.595,-6.9193273354652e-05
5.596,-6.9570416057307e-05
5.597,-6.99496678081971e-05
5.598,-7.03310408874048e-05
5.599,-7.07145476479994e-05
5.6,-7.11002005164856e-05
5.601,-7.14880119932544e-05
5.602,-7.18779946530377e-05
5.603,-7.22701611453647e-05
5.604,-7.26645241950219e-05
5.605,-7.30610966025158e-05
5.606,-7.34598912445382e-05
5.607,-7.38609210744352e-05
5.608,-7.4264199122678e-05
5.609,-7.46697384973377e-05
5.61,-7.50775523845625e-05
5.611,-7.54876540490581e-05
5.612,-7.59000568345708e-05
5.613,-7.63147741643743e-05
5.614,-7.67318195417587e-05
5.615,-7.71512065505236e-05
5.616,-7.7572948855473e-05
5.617,-7.79970602029146e-05
5.618,-7.84235544211611e-05
5.619,-7.88524454210358e-05
5.62,-7.92837471963805e-05
5.621,-7.97174738245665e-05
5.622,-8.015363946701e-05
5.623,-8.0592258369689e-05
5.624,-8.10333448636652e-05
5.625,-8.14769133656077e-05
5.626,-8.19229783783209e-05
5.627,-8.23715544912756e-05
5.628,-8.28226563811431e-05
5.629,-8.3276298812333e-05
5.63,-8.37324966375339e-05
5.631,-8.41912647982584e-05
5.632,-8.46526183253908e-05
5.633,-8.51165723397379e-05
5.634,-8.55831420525846e-05
5.635,-8.60523427662518e-05
5.636,-8.65241898746582e-05
5.637,-8.69986988638854e-05
5.638,-8.74758853127475e-05
5.639,-8.79557648933631e-05
5.64,-8.84383533717314e-05
5.641,-8.8923666608312e-05
5.642,-8.94117205586084e-05
5.643,-8.9902531273755e-05
5.644,-9.03961149011079e-05
5.645,-9.08924876848394e-05
5.646,-9.13916659665361e-05
5.647,-9.18936661858011e-05
5.648,-9.23985048808598e-05
5.649,-9.29061986891695e-05
5.65,-9.34167643480328e-05
5.651,-9.39302186952154e-05
5.652,-9.44465786695667e-05
5.653,-9.49658613116455e-05
5.654,-9.54880837643491e-05
5.655,-9.60132632735461e-05
5.656,-9.65414171887138e-05
5.657,-9.70725629635793e-05
5.658,-9.76067181567647e-05
5.659,-9.81439004324362e-05
5.66,-9.86841275609577e-05
5.661,-9.92274174195482e-05
5.662,-9.97737879929436e-05
5.663,-0.000100323257374062
5.664,-0.000100875843764676
5.665,-0.000101431565476082
5.666,-0.000101990440929784
5.667,-0.000102552488658176
5.668,-0.000103117727305224
5.669,-0.000103686175627164
5.67,-0.000104257852493195
5.671,-0.000104832776886178
5.672,-0.000105410967903343
5.673,-0.000105992444756998
5.674,-0.000106577226775241
5.675,-0.000107165333402681
5.676,-0.000107756784201159
5.677,-0.000108351598850473
5.678,-0.000108949797149116
5.679,-0.000109551399015008
5.68,-0.000110156424486239
5.681,-0.000110764893721813
5.682,-0.000111376827002402
5.683,-0.000111992244731101
5.684,-0.000112611167434183
5.685,-0.000113233615761872
5.686,-0.000113859610489109
5.687,-0.000114489172516325
5.688,-0.000115122322870226
5.689,-0.000115759082704571
5.69,-0.000116399473300968
5.691,-0.000117043516069666
5.692,-0.000117691232550355
5.693,-0.00011834264441297
5.694,-0.000118997773458502
5.695,-0.000119656641619815
5.696,-0.000120319270962461
5.697,-0.000120985683685512
5.698,-0.000121655902122386
5.699,-0.000122329948741685
5.7,-0.000123007846148037
5.701,-0.000123689617082941
5.702,-0.000124375284425621
5.703,-0.000125064871193882
5.704,-0.000125758400544973
5.705,-0.000126455895776459
5.706,-0.000127157380327088
5.707,-0.00012786287777768
5.708,-0.000128572411852002
5.709,-0.000129286006417668
5.71,-0.000130003685487029
5.711,-0.000130725473218079
5.712,-0.000131451393915361
5.713,-0.000132181472030882
5.714,-0.000132915732165033
5.715,-0.000133654199067513
5.716,-0.000134396897638259
5.717,-0.000135143852928388
5.718,-0.000135895090141137
5.719,-0.000136650634632813
5.72,-0.000137410511913746
5.721,-0.000138174747649258
5.722,-0.000138943367660619
5.723,-0.000139716397926033
5.724,-0.000140493864581607
5.725,-0.000141275793922347
5.726,-0.000142062212403144
5.727,-0.000142853146639774
5.728,-0.000143648623409905
5.729,-0.000144448669654108
5.73,-0.000145253312476876
5.731,-0.000146062579147646
5.732,-0.000146876497101833
5.733,-0.000147695093941866
5.734,-0.000148518397438234
5.735,-0.000149346435530536
5.736,-0.000150179236328539
5.737,-0.000151016828113244
5.738,-0.000151859239337955
5.739,-0.000152706498629359
5.74,-0.00015355863478861
5.741,-0.000154415676792424
5.742,-0.000155277653794174
5.743,-0.000156144595124998
5.744,-0.000157016530294915
5.745,-0.00015789348899394
5.746,-0.000158775501093216
5.747,-0.000159662596646147
5.748,-0.00016055480588954
5.749,-0.000161452159244753
5.75,-0.000162354687318857
5.751,-0.000163262420905794
5.752,-0.00016417539098755
5.753,-0.000165093628735339
5.754,-0.000166017165510781
5.755,-0.000166946032867106
5.756,-0.000167880262550348
5.757,-0.00016881988650056
5.758,-0.000169764936853027
5.759,-0.000170715445939496
5.76,-0.000171671446289404
5.761,-0.000172632970631124
5.762,-0.000173600051893211
5.763,-0.00017457272320566
5.764,-0.000175551017901169
5.765,-0.000176534969516417
5.766,-0.000177524611793339
5.767,-0.000178519978680423
5.768,-0.000179521104334
5.769,-0.000180528023119558
5.77,-0.00018154076961305
5.771,-0.00018255937860222
5.772,-0.000183583885087938
5.773,-0.000184614324285533
5.774,-0.000185650731626148
5.775,-0.000186693142758093
5.776,-0.000187741593548216
5.777,-0.000188796120083273
5.778,-0.000189856758671314
5.779,-0.000190923545843079
5.78,-0.000191996518353393
5.781,-0.000193075713182582
5.782,-0.000194161167537891
5.783,-0.000195252918854914
5.784,-0.000196351004799031
5.785,-0.000197455463266854
5.786,-0.000198566332387689
5.787,-0.000199683650524995
5.788,-0.000200807456277865
5.789,-0.000201937788482512
5.79,-0.000203074686213757
5.791,-0.000204218188786539
5.792,-0.000205368335757429
5.793,-0.000206525166926151
5.794,-0.000207688722337116
5.795,-0.00020885904228097
5.796,-0.000210036167296139
5.797,-0.000211220138170401
5.798,-0.000212410995942455
5.799,-0.000213608781903506
5.8,-0.000214813537598859
5.801,-0.000216025304829523
5.802,-0.000217244125653824
5.803,-0.000218470042389034
5.804,-0.000219703097613003
5.805,-0.000220943334165808
5.806,-0.000222190795151405
5.807,-0.000223445523939304
5.808,-0.000224707564166239
5.809,-0.000225976959737863
5.81,-0.000227253754830445
5.811,-0.000228537993892584
5.812,-0.000229829721646926
5.813,-0.000231128983091902
5.814,-0.000232435823503472
5.815,-0.000233750288436877
5.816,-0.00023507242372841
5.817,-0.000236402275497191
5.818,-0.000237739890146963
5.819,-0.000239085314367884
5.82,-0.000240438595138351
5.821,-0.000241799779726818
5.822,-0.000243168915693634
5.823,-0.000244546050892892
5.824,-0.000245931233474293
5.825,-0.000247324511885013
5.826,-0.000248725934871592
5.827,-0.00025013555148183
5.828,-0.000251553411066696
5.829,-0.000252979563282251
5.83,-0.000254414058091579
5.831,-0.000255856945766739
5.832,-0.000257308276890721
5.833,-0.000258768102359417
5.834,-0.000260236473383609
5.835,-0.000261713441490966
5.836,-0.000263199058528052
5.837,-0.000264693376662355
5.838,-0.000266196448384318
5.839,-0.000267708326509395
5.84,-0.000269229064180109
5.841,-0.000270758714868134
5.842,-0.00027229733237638
5.843,-0.000273844970841103
5.844,-0.000275401684734017
5.845,-0.00027696752886443
5.846,-0.000278542558381386
5.847,-0.000280126828775825
5.848,-0.000281720395882757
5.849,-0.000283323315883449
5.85,-0.000284935645307627
5.851,-0.000286557441035689
5.852,-0.00028818876030094
5.853,-0.000289829660691834
5.854,-0.000291480200154234
5.855,-0.000293140436993684
5.856,-0.000294810429877703
5.857,-0.000296490237838083
5.858,-0.000298179920273212
5.859,-0.000299879536950406
5.86,-0.000301589148008259
5.861,-0.000303308813959005
5.862,-0.000305038595690903
5.863,-0.000306778554470626
5.864,-0.000308528751945677
5.865,-0.000310289250146811
5.866,-0.000312060111490483
5.867,-0.000313841398781302
5.868,-0.000315633175214506
5.869,-0.000317435504378454
5.87,-0.000319248450257132
5.871,-0.000321072077232676
5.872,-0.000322906450087912
5.873,-0.000324751634008911
5.874,-0.000326607694587563
5.875,-0.000328474697824167
5.876,-0.000330352710130034
5.877,-0.000332241798330116
5.878,-0.000334142029665643
5.879,-0.000336053471796781
5.88,-0.000337976192805308
5.881,-0.000339910261197307
5.882,-0.000341855745905877
5.883,-0.000343812716293856
5.884,-0.000345781242156576
5.885,-0.000347761393724617
5.886,-0.000349753241666596
5.887,-0.000351756857091962
5.888,-0.000353772311553819
5.889,-0.000355799677051759
5.89,-0.000357839026034718
5.891,-0.000359890431403853
5.892,-0.000361953966515428
5.893,-0.000364029705183735
5.894,-0.000366117721684017
5.895,-0.00036821809075542
5.896,-0.000370330887603965
5.897,-0.000372456187905532
5.898,-0.000374594067808874
5.899,-0.000376744603938639
5.9,-0.000378907873398421
5.901,-0.000381083953773828
5.902,-0.000383272923135567
5.903,-0.000385474860042556
5.904,-0.00038768984354505
5.905,-0.000389917953187789
5.906,-0.000392159269013169
5.907,-0.000394413871564433
5.908,-0.000396681841888881
5.909,-0.000398963261541102
5.91,-0.000401258212586228
5.911,-0.000403566777603209
5.912,-0.000405889039688109
5.913,-0.000408225082457425
5.914,-0.000410574990051424
5.915,-0.000412938847137507
5.916,-0.000415316738913593
5.917,-0.000417708751111521
5.918,-0.000420114970000485
5.919,-0.000422535482390478
5.92,-0.000424970375635768
5.921,-0.000427419737638396
5.922,-0.000429883656851692
5.923,-0.000432362222283821
5.924,-0.000434855523501343
5.925,-0.00043736365063281
5.926,-0.00043988669437237
5.927,-0.00044242474598341
5.928,-0.000444977897302211
5.929,-0.000447546240741637
5.93,-0.000450129869294841
5.931,-0.000452728876538997
5.932,-0.000455343356639062
5.933,-0.000457973404351552
5.934,-0.000460619115028352
5.935,-0.000463280584620551
5.936,-0.000465957909682295
5.937,-0.00046865118737467
5.938,-0.000471360515469614
5.939,-0.000474085992353848
5.94,-0.000476827717032835
5.941,-0.000479585789134771
5.942,-0.00048236030891459
5.943,-0.000485151377258011
5.944,-0.000487959095685595
5.945,-0.000490783566356843
5.946,-0.000493624892074313
5.947,-0.000496483176287768
5.948,-0.000499358523098345
5.949,-0.000502251037262761
5.95,-0.00050516082419754
5.951,-0.000508087989983269
5.952,-0.000511032641368883
5.953,-0.00051399488577598
5.954,-0.000516974831303158
5.955,-0.000519972586730392
5.956,-0.000522988261523426
5.957,-0.000526021965838204
5.958,-0.000529073810525328
5.959,-0.000532143907134544
5.96,-0.000535232367919259
5.961,-0.000538339305841084
5.962,-0.000541464834574415
5.963,-0.000544609068511035
5.964,-0.000547772122764754
5.965,-0.000550954113176074
5.966,-0.00055415515631689
5.967,-0.000557375369495217
5.968,-0.000560614870759951
5.969,-0.000563873778905661
5.97,-0.000567152213477416
5.971,-0.000570450294775637
5.972,-0.000573768143860983
5.973,-0.000577105882559279
5.974,-0.00058046363346646
5.975,-0.000583841519953562
5.976,-0.000587239666171737
5.977,-0.000590658197057309
5.978,-0.000594097238336855
5.979,-0.000597556916532325
5.98,-0.000601037358966195
5.981,-0.000604538693766656
5.982,-0.000608061049872831
5.983,-0.000611604557040032
5.984,-0.000615169345845055
5.985,-0.000618755547691497
5.986,-0.000622363294815127
5.987,-0.000625992720289275
5.988,-0.000629643958030266
5.989,-0.000633317142802891
5.99,-0.000637012410225909
5.991,-0.000640729896777586
5.992,-0.000644469739801279
5.993,-0.000648232077511046
5.994,-0.000652017048997298
5.995,-0.00065582479423249
5.996,-0.00065965545407685
5.997,-0.00066350917028414
5.998,-0.000667386085507463
5.999,-0.000671286343305104
6,-0.00067521008814641
6.001,-0.000679157465417714
6.002,-0.000683128621428287
6.003,-0.000687123703416344
6.004,-0.00069114285955508
6.005,-0.000695186238958746
6.006,-0.000699253991688775
6.007,-0.000703346268759934
6.008,-0.000707463222146532
6.009,-0.000711605004788658
6.01,-0.000715771770598463
6.011,-0.000719963674466493
6.012,-0.000724180872268046
6.013,-0.000728423520869591
6.014,-0.000732691778135215
6.015,-0.000736985802933121
6.016,-0.000741305755142165
6.017,-0.00074565179565844
6.018,-0.0007500240864019
6.019,-0.000754422790323032
6.02,-0.000758848071409568
6.021,-0.000763300094693246
6.022,-0.000767779026256616
6.023,-0.000772285033239885
6.024,-0.000776818283847817
6.025,-0.000781378947356669
6.026,-0.000785967194121185
6.027,-0.000790583195581623
6.028,-0.00079522712427084
6.029,-0.00079989915382142
6.03,-0.000804599458972848
6.031,-0.000809328215578735
6.032,-0.000814085600614087
6.033,-0.000818871792182628
6.034,-0.000823686969524168
6.035,-0.000828531313022021
6.036,-0.000833405004210473
6.037,-0.000838308225782297
6.038,-0.000843241161596327
6.039,-0.000848203996685067
6.04,-0.000853196917262367
6.041,-0.000858220110731143
6.042,-0.000863273765691146
6.043,-0.000868358071946784
6.044,-0.000873473220515005
6.045,-0.000878619403633219
6.046,-0.000883796814767282
6.047,-0.000889005648619531
6.048,-0.000894246101136874
6.049,-0.000899518369518929
6.05,-0.000904822652226225
6.051,-0.000910159148988453
6.052,-0.00091552806081277
6.053,-0.000920929589992168
6.054,-0.000926363940113886
6.055,-0.000931831316067889
6.056,-0.0009373319240554
6.057,-0.000942865971597486
6.058,-0.000948433667543706
6.059,-0.000954035222080817
6.06,-0.000959670846741533
6.061,-0.000965340754413346
6.062,-0.000971045159347412
6.063,-0.000976784277167485
6.064,-0.000982558324878916
6.065,-0.000988367520877719
6.066,-0.000994212084959684
6.067,-0.00100009223832957
6.068,-0.00100600820361032
6.069,-0.00101196020485242
6.07,-0.0010179484675432
6.071,-0.00102397321861633
6.072,-0.00103003468646125
6.073,-0.00103613310093278
6.074,-0.00104226869336071
6.075,-0.00104844169655951
6.076,-0.00105465234483806
6.077,-0.00106090087400945
6.078,-0.00106718752140094
6.079,-0.0010735125258638
6.08,-0.00107987612778341
6.081,-0.00108627856908931
6.082,-0.00109272009326535
6.083,-0.0010992009453599
6.084,-0.00110572137199618
6.085,-0.00111228162138256
6.086,-0.00111888194332302
6.087,-0.00112552258922763
6.088,-0.00113220381212313
6.089,-0.00113892586666358
6.09,-0.00114568900914101
6.091,-0.00115249349749627
6.092,-0.00115933959132986
6.093,-0.00116622755191284
6.094,-0.00117315764219783
6.095,-0.00118013012683013
6.096,-0.0011871452721588
6.097,-0.00119420334624794
6.098,-0.00120130461888796
6.099,-0.00120844936160697
6.1,-0.00121563784768221
6.101,-0.0012228703521516
6.102,-0.00123014715182535
6.103,-0.00123746852529762
6.104,-0.0012448347529583
6.105,-0.00125224611700487
6.106,-0.00125970290145428
6.107,-0.00126720539215498
6.108,-0.00127475387679901
6.109,-0.00128234864493415
6.11,-0.00128998998797617
6.111,-0.00129767819922115
6.112,-0.00130541357385793
6.113,-0.00131319640898057
6.114,-0.00132102700360092
6.115,-0.00132890565866135
6.116,-0.00133683267704742
6.117,-0.00134480836360077
6.118,-0.00135283302513204
6.119,-0.00136090697043386
6.12,-0.00136903051029396
6.121,-0.00137720395750835
6.122,-0.00138542762689463
6.123,-0.00139370183530529
6.124,-0.00140202690164125
6.125,-0.00141040314686531
6.126,-0.0014188308940159
6.127,-0.0014273104682207
6.128,-0.00143584219671056
6.129,-0.00144442640883334
6.13,-0.00145306343606798
6.131,-0.00146175361203856
6.132,-0.00147049727252852
6.133,-0.00147929475549499
6.134,-0.00148814640108312
6.135,-0.00149705255164062
6.136,-0.00150601355173232
6.137,-0.0015150297481549
6.138,-0.00152410148995161
6.139,-0.00153322912842724
6.14,-0.00154241301716304
6.141,-0.00155165351203183
6.142,-0.00156095097121321
6.143,-0.00157030575520884
6.144,-0.00157971822685784
6.145,-0.00158918875135229
6.146,-0.00159871769625286
6.147,-0.00160830543150446
6.148,-0.00161795232945217
6.149,-0.00162765876485703
6.15,-0.00163742511491221
6.151,-0.00164725175925906
6.152,-0.00165713908000338
6.153,-0.00166708746173184
6.154,-0.00167709729152838
6.155,-0.00168716895899084
6.156,-0.00169730285624765
6.157,-0.00170749937797462
6.158,-0.00171775892141192
6.159,-0.00172808188638106
6.16,-0.00173846867530208
6.161,-0.00174891969321082
6.162,-0.00175943534777631
6.163,-0.00177001604931827
6.164,-0.00178066221082475
6.165,-0.00179137424796985
6.166,-0.00180215257913163
6.167,-0.00181299762541007
6.168,-0.00182390981064519
6.169,-0.00183488956143527
6.17,-0.00184593730715524
6.171,-0.00185705347997513
6.172,-0.0018682385148787
6.173,-0.00187949284968217
6.174,-0.00189081692505306
6.175,-0.00190221118452922
6.176,-0.00191367607453794
6.177,-0.00192521204441517
6.178,-0.00193681954642494
6.179,-0.00194849903577884
6.18,-0.0019602509706557
6.181,-0.00197207581222133
6.182,-0.00198397402464847
6.183,-0.00199594607513684
6.184,-0.00200799243393327
6.185,-0.0020201135743521
6.186,-0.0020323099727956
6.187,-0.00204458210877458
6.188,-0.00205693046492912
6.189,-0.00206935552704948
6.19,-0.00208185778409709
6.191,-0.00209443772822577
6.192,-0.00210709585480299
6.193,-0.00211983266243135
6.194,-0.00213264865297019
6.195,-0.00214554433155735
6.196,-0.00215852020663104
6.197,-0.00217157678995192
6.198,-0.00218471459662528
6.199,-0.00219793414512342
6.2,-0.00221123595730811
6.201,-0.00222462055845328
6.202,-0.00223808847726785
6.203,-0.00225164024591864
6.204,-0.00226527640005355
6.205,-0.0022789974788248
6.206,-0.00229280402491244
6.207,-0.00230669658454785
6.208,-0.0023206757075376
6.209,-0.00233474194728733
6.21,-0.00234889586082583
6.211,-0.00236313800882931
6.212,-0.00237746895564585
6.213,-0.00239188926931993
6.214,-0.00240639952161719
6.215,-0.00242100028804943
6.216,-0.0024356921478996
6.217,-0.00245047568424714
6.218,-0.00246535148399338
6.219,-0.00248032013788718
6.22,-0.00249538224055071
6.221,-0.00251053839050538
6.222,-0.00252578919019805
6.223,-0.00254113524602729
6.224,-0.00255657716836992
6.225,-0.00257211557160766
6.226,-0.00258775107415404
6.227,-0.00260348429848141
6.228,-0.00261931587114818
6.229,-0.00263524642282627
6.23,-0.0026512765883287
6.231,-0.00266740700663738
6.232,-0.0026836383209311
6.233,-0.00269997117861374
6.234,-0.00271640623134262
6.235,-0.00273294413505706
6.236,-0.00274958555000717
6.237,-0.0027663311407828
6.238,-0.00278318157634269
6.239,-0.00280013753004386
6.24,-0.00281719967967114
6.241,-0.00283436870746695
6.242,-0.00285164530016127
6.243,-0.0028690301490018
6.244,-0.00288652394978439
6.245,-0.00290412740288356
6.246,-0.00292184121328335
6.247,-0.00293966609060831
6.248,-0.00295760274915477
6.249,-0.00297565190792219
6.25,-0.00299381429064491
6.251,-0.00301209062582396
6.252,-0.0030304816467592
6.253,-0.00304898809158158
6.254,-0.00306761070328573
6.255,-0.00308635022976267
6.256,-0.00310520742383282
6.257,-0.00312418304327923
6.258,-0.00314327785088096
6.259,-0.00316249261444681
6.26,-0.0031818281068492
6.261,-0.00320128510605827
6.262,-0.0032208643951763
6.263,-0.0032405667624723
6.264,-0.00326039300141684
6.265,-0.00328034391071714
6.266,-0.0033004202943524
6.267,-0.00332062296160935
6.268,-0.0033409527271181
6.269,-0.00336141041088817
6.27,-0.0033819968383448
6.271,-0.00340271284036552
6.272,-0.00342355925331696
6.273,-0.00344453691909189
6.274,-0.00346564668514659
6.275,-0.00348688940453836
6.276,-0.00350826593596342
6.277,-0.00352977714379495
6.278,-0.00355142389812152
6.279,-0.00357320707478562
6.28,-0.00359512755542264
6.281,-0.00361718622749997
6.282,-0.00363938398435646
6.283,-0.0036617217252421
6.284,-0.00368420035535801
6.285,-0.0037068207858967
6.286,-0.00372958393408255
6.287,-0.00375249072321269
6.288,-0.00377554208269803
6.289,-0.00379873894810466
6.29,-0.00382208226119553
6.291,-0.00384557296997233
6.292,-0.00386921202871783
6.293,-0.0038930003980383
6.294,-0.00391693904490641
6.295,-0.00394102894270434
6.296,-0.00396527107126714
6.297,-0.00398966641692652
6.298,-0.00401421597255484
6.299,-0.00403892073760942
6.3,-0.00406378171817717
6.301,-0.00408879992701959
6.302,-0.00411397638361793
6.303,-0.00413931211421881
6.304,-0.0041648081518801
6.305,-0.00419046553651707
6.306,-0.00421628531494897
6.307,-0.00424226854094583
6.308,-0.0042684162752756
6.309,-0.00429472958575171
6.31,-0.00432120954728081
6.311,-0.00434785724191098
6.312,-0.00437467375888016
6.313,-0.00440166019466502
6.314,-0.00442881765303008
6.315,-0.00445614724507721
6.316,-0.00448365008929549
6.317,-0.00451132731161139
6.318,-0.00453918004543929
6.319,-0.00456720943173238
6.32,-0.00459541661903388
6.321,-0.00462380276352866
6.322,-0.00465236902909516
6.323,-0.0046811165873577
6.324,-0.00471004661773921
6.325,-0.0047391603075142
6.326,-0.00476845885186218
6.327,-0.00479794345392148
6.328,-0.00482761532484336
6.329,-0.00485747568384656
6.33,-0.00488752575827219
6.331,-0.00491776678363902
6.332,-0.00494820000369918
6.333,-0.00497882667049416
6.334,-0.00500964804441131
6.335,-0.00504066539424067
6.336,-0.00507187999723218
6.337,-0.00510329313915333
6.338,-0.00513490611434721
6.339,-0.0051667202257909
6.34,-0.00519873678515438
6.341,-0.00523095711285969
6.342,-0.00526338253814071
6.343,-0.00529601439910314
6.344,-0.00532885404278503
6.345,-0.00536190282521773
6.346,-0.00539516211148719
6.347,-0.00542863327579575
6.348,-0.00546231770152432
6.349,-0.00549621678129504
6.35,-0.00553033191703434
6.351,-0.00556466452003641
6.352,-0.00559921601102723
6.353,-0.00563398782022886
6.354,-0.00566898138742439
6.355,-0.00570419816202314
6.356,-0.00573963960312649
6.357,-0.00577530717959404
6.358,-0.00581120237011029
6.359,-0.00584732666325178
6.36,-0.0058836815575547
6.361,-0.00592026856158295
6.362,-0.00595708919399668
6.363,-0.00599414498362135
6.364,-0.00603143746951721
6.365,-0.00606896820104932
6.366,-0.006106738737958
6.367,-0.0061447506504298
6.368,-0.00618300551916903
6.369,-0.00622150493546965
6.37,-0.00626025050128779
6.371,-0.00629924382931471
6.372,-0.00633848654305028
6.373,-0.00637798027687701
6.374,-0.0064177266761345
6.375,-0.00645772739719456
6.376,-0.0064979841075367
6.377,-0.00653849848582427
6.378,-0.00657927222198104
6.379,-0.00662030701726838
6.38,-0.00666160458436294
6.381,-0.00670316664743493
6.382,-0.00674499494222682
6.383,-0.00678709121613278
6.384,-0.00682945722827848
6.385,-0.0068720947496016
6.386,-0.00691500556293282
6.387,-0.00695819146307741
6.388,-0.00700165425689735
6.389,-0.00704539576339411
6.39,-0.00708941781379189
6.391,-0.00713372225162156
6.392,-0.00717831093280511
6.393,-0.00722318572574073
6.394,-0.00726834851138845
6.395,-0.00731380118335642
6.396,-0.00735954564798779
6.397,-0.00740558382444814
6.398,-0.00745191764481361
6.399,-0.00749854905415959
6.4,-0.00754548001065005
6.401,-0.0075927124856275
6.402,-0.00764024846370354
6.403,-0.00768808994285012
6.404,-0.00773623893449139
6.405,-0.00778469746359618
6.406,-0.00783346756877116
6.407,-0.00788255130235468
6.408,-0.00793195073051118
6.409,-0.00798166793332635
6.41,-0.00803170500490292
6.411,-0.00808206405345711
6.412,-0.00813274720141579
6.413,-0.0081837565855143
6.414,-0.00823509435689496
6.415,-0.00828676268120628
6.416,-0.00833876373870285
6.417,-0.00839109972434595
6.418,-0.00844377284790486
6.419,-0.00849678533405888
6.42,-0.00855013942250005
6.421,-0.00860383736803666
6.422,-0.00865788144069738
6.423,-0.0087122739258362
6.424,-0.00876701712423811
6.425,-0.00882211335222548
6.426,-0.00887756494176519
6.427,-0.00893337424057657
6.428,-0.00898954361224004
6.429,-0.00904607543630655
6.43,-0.00910297210840775
6.431,-0.00916023604036697
6.432,-0.009217869660311
6.433,-0.00927587541278261
6.434,-0.00933425575885386
6.435,-0.00939301317624027
6.436,-0.00945215015941571
6.437,-0.00951166921972818
6.438,-0.00957157288551635
6.439,-0.00963186370222695
6.44,-0.00969254423253295
6.441,-0.00975361705645262
6.442,-0.00981508477146941
6.443,-0.00987694999265267
6.444,-0.00993921535277921
6.445,-0.0100018835024557
6.446,-0.0100649571102422
6.447,-0.0101284388627758
6.448,-0.0101923314648963
6.449,-0.0102566376397716
6.45,-0.0103213601290249
6.451,-0.0103865016928621
6.452,-0.0104520651102006
6.453,-0.0105180531787988
6.454,-0.0105844687153863
6.455,-0.0106513145557958
6.456,-0.0107185935550945
6.457,-0.0107863085877183
6.458,-0.0108544625476052
6.459,-0.0109230583483306
6.46,-0.0109920989232437
6.461,-0.011061587225604
6.462,-0.0111315262287196
6.463,-0.011201918926086
6.464,-0.0112727683315262
6.465,-0.0113440774793316
6.466,-0.0114158494244036
6.467,-0.0114880872423971
6.468,-0.011560794029864
6.469,-0.0116339729043982
6.47,-0.0117076270047817
6.471,-0.0117817594911318
6.472,-0.0118563735450488
6.473,-0.011931472369765
6.474,-0.0120070591902956
6.475,-0.012083137253589
6.476,-0.0121597098286798
6.477,-0.0122367802068416
6.478,-0.012314351701742
6.479,-0.0123924276495979
6.48,-0.0124710114093319
6.481,-0.0125501063627305
6.482,-0.0126297159146028
6.483,-0.0127098434929404
6.484,-0.0127904925490786
6.485,-0.0128716665578588
6.486,-0.0129533690177919
6.487,-0.0130356034512226
6.488,-0.0131183734044955
6.489,-0.0132016824481221
6.49,-0.0132855341769486
6.491,-0.0133699322103251
6.492,-0.0134548801922767
6.493,-0.0135403817916748
6.494,-0.01362644070241
6.495,-0.0137130606435663
6.496,-0.0138002453595969
6.497,-0.0138879986205003
6.498,-0.0139763242219983
6.499,-0.0140652259857155
6.5,-0.0141547077593595
6.501,-0.0142447734169025
6.502,-0.0143354268587646
6.503,-0.0144266720119979
6.504,-0.0145185128304721
6.505,-0.0146109532950615
6.506,-0.0147039974138335
6.507,-0.0147976492222377
6.508,-0.0148919127832973
6.509,-0.0149867921878012
6.51,-0.0150822915544976
6.511,-0.0151784150302894
6.512,-0.0152751667904301
6.513,-0.0153725510387223
6.514,-0.0154705720077162
6.515,-0.0155692339589111
6.516,-0.0156685411829566
6.517,-0.0157684979998569
6.518,-0.0158691087591753
6.519,-0.0159703778402408
6.52,-0.0160723096523562
6.521,-0.0161749086350069
6.522,-0.0162781792580726
6.523,-0.0163821260220389
6.524,-0.0164867534582117
6.525,-0.0165920661289325
6.526,-0.0166980686277952
6.527,-0.0168047655798648
6.528,-0.0169121616418973
6.529,-0.0170202615025615
6.53,-0.0171290698826621
6.531,-0.0172385915353643
6.532,-0.0173488312464206
6.533,-0.0174597938343985
6.534,-0.0175714841509103
6.535,-0.0176839070808445
6.536,-0.0177970675425981
6.537,-0.0179109704883122
6.538,-0.0180256209041073
6.539,-0.0181410238103218
6.54,-0.0182571842617517
6.541,-0.0183741073478914
6.542,-0.0184917981931776
6.543,-0.0186102619572333
6.544,-0.0187295038351151
6.545,-0.0188495290575608
6.546,-0.0189703428912402
6.547,-0.0190919506390067
6.548,-0.0192143576401506
6.549,-0.0193375692706555
6.55,-0.0194615909434546
6.551,-0.0195864281086908
6.552,-0.019712086253977
6.553,-0.0198385709046595
6.554,-0.0199658876240823
6.555,-0.0200940420138544
6.556,-0.0202230397141178
6.557,-0.020352886403818
6.558,-0.0204835878009769
6.559,-0.0206151496629668
6.56,-0.0207475777867869
6.561,-0.0208808780093414
6.562,-0.0210150562077201
6.563,-0.0211501182994806
6.564,-0.0212860702429324
6.565,-0.0214229180374239
6.566,-0.0215606677236301
6.567,-0.0216993253838435
6.568,-0.0218388971422668
6.569,-0.0219793891653071
6.57,-0.0221208076618731
6.571,-0.0222631588836738
6.572,-0.0224064491255198
6.573,-0.0225506847256261
6.574,-0.0226958720659178
6.575,-0.0228420175723378
6.576,-0.022989127715156
6.577,-0.0231372090092819
6.578,-0.0232862680145787
6.579,-0.0234363113361796
6.58,-0.0235873456248067
6.581,-0.023739377577092
6.582,-0.0238924139359009
6.583,-0.0240464614906578
6.584,-0.0242015270776739
6.585,-0.024357617580478
6.586,-0.024514739930149
6.587,-0.0246729011056508
6.588,-0.0248321081341705
6.589,-0.0249923680914577
6.59,-0.0251536881021673
6.591,-0.0253160753402041
6.592,-0.0254795370290706
6.593,-0.0256440804422161
6.594,-0.02580971290339
6.595,-0.025976441786996
6.596,-0.0261442745184496
6.597,-0.0263132185745386
6.598,-0.0264832814837851
6.599,-0.0266544708268111
6.6,-0.0268267942367063
6.601,-0.0270002593993985
6.602,-0.0271748740540267
6.603,-0.0273506459933171
6.604,-0.0275275830639617
6.605,-0.0277056931669991
6.606,-0.0278849842581993
6.607,-0.0280654643484497
6.608,-0.0282471415041452
6.609,-0.0284300238475803
6.61,-0.0286141195573444
6.611,-0.0287994368687198
6.612,-0.0289859840740828
6.613,-0.0291737695233072
6.614,-0.0293628016241712
6.615,-0.029553088842767
6.616,-0.0297446397039135
6.617,-0.0299374627915717
6.618,-0.0301315667492635
6.619,-0.0303269602804928
6.62,-0.0305236521491709
6.621,-0.0307216511800435
6.622,-0.0309209662591219
6.623,-0.0311216063341166
6.624,-0.0313235804148746
6.625,-0.0315268975738193
6.626,-0.0317315669463942
6.627,-0.0319375977315089
6.628,-0.0321449991919895
6.629,-0.0323537806550312
6.63,-0.0325639515126548
6.631,-0.032775521222166
6.632,-0.0329884993066189
6.633,-0.0332028953552815
6.634,-0.033418719024106
6.635,-0.0336359800362014
6.636,-0.0338546881823101
6.637,-0.0340748533212877
6.638,-0.0342964853805864
6.639,-0.0345195943567418
6.64,-0.0347441903158635
6.641,-0.0349702833941287
6.642,-0.0351978837982797
6.643,-0.0354270018061252
6.644,-0.0356576477670449
6.645,-0.0358898321024979
6.646,-0.0361235653065346
6.647,-0.0363588579463125
6.648,-0.036595720662616
6.649,-0.0368341641703791
6.65,-0.0370741992592128
6.651,-0.0373158367939357
6.652,-0.0375590877151092
6.653,-0.0378039630395754
6.654,-0.0380504738609999
6.655,-0.0382986313504181
6.656,-0.0385484467567859
6.657,-0.0387999314075335
6.658,-0.039053096709124
6.659,-0.0393079541476161
6.66,-0.03956451528923
6.661,-0.0398227917809186
6.662,-0.0400827953509418
6.663,-0.0403445378094454
6.664,-0.0406080310490447
6.665,-0.0408732870454112
6.666,-0.0411403178578646
6.667,-0.0414091356299684
6.668,-0.0416797525901306
6.669,-0.0419521810522075
6.67,-0.0422264334161134
6.671,-0.0425025221684335
6.672,-0.042780459883042
6.673,-0.0430602592217243
6.674,-0.0433419329348037
6.675,-0.0436254938617731
6.676,-0.0439109549319307
6.677,-0.0441983291650207
6.678,-0.0444876296718788
6.679,-0.0447788696550816
6.68,-0.0450720624096017
6.681,-0.0453672213234669
6.682,-0.0456643598784248
6.683,-0.0459634916506112
6.684,-0.0462646303112246
6.685,-0.0465677896272048
6.686,-0.0468729834619165
6.687,-0.0471802257758384
6.688,-0.0474895306272565
6.689,-0.0478009121729633
6.69,-0.0481143846689614
6.691,-0.0484299624711726
6.692,-0.048747660036152
6.693,-0.0490674919218075
6.694,-0.0493894727881243
6.695,-0.0497136173978946
6.696,-0.0500399406174532
6.697,-0.0503684574174177
6.698,-0.0506991828734345
6.699,-0.0510321321669304
6.7,-0.0513673205858691
6.701,-0.0517047635255139
6.702,-0.0520444764891954
6.703,-0.0523864750890852
6.704,-0.0527307750469748
6.705,-0.0530773921950606
6.706,-0.0534263424767347
6.707,-0.0537776419473809
6.708,-0.0541313067751768
6.709,-0.0544873532419022
6.71,-0.0548457977437526
6.711,-0.0552066567921592
6.712,-0.0555699470146146
6.713,-0.0559356851555051
6.714,-0.0563038880769477
6.715,-0.056674572759635
6.716,-0.0570477563036851
6.717,-0.0574234559294979
6.718,-0.0578016889786179
6.719,-0.0581824729146029
6.72,-0.0585658253238998
6.721,-0.0589517639167259
6.722,-0.059340306527957
6.723,-0.0597314711180226
6.724,-0.0601252757738064
6.725,-0.0605217387095545
6.726,-0.0609208782677894
6.727,-0.0613227129202318
6.728,-0.0617272612687277
6.729,-0.0621345420461834
6.73,-0.0625445741175067
6.731,-0.0629573764805558
6.732,-0.0633729682670937
6.733,-0.0637913687437513
6.734,-0.0642125973129962
6.735,-0.0646366735141092
6.736,-0.0650636170241682
6.737,-0.0654934476590384
6.738,-0.0659261853743708
6.739,-0.0663618502666072
6.74,-0.066800462573993
6.741,-0.0672420426775974
6.742,-0.0676866111023409
6.743,-0.0681341885180303
6.744,-0.0685847957404015
6.745,-0.0690384537321698
6.746,-0.0694951836040882
6.747,-0.0699550066160126
6.748,-0.070417944177976
6.749,-0.0708840178512695
6.75,-0.0713532493495323
6.751,-0.0718256605398483
6.752,-0.0723012734438523
6.753,-0.0727801102388432
6.754,-0.0732621932589057
6.755,-0.0737475449960403
6.756,-0.0742361881013019
6.757,-0.0747281453859457
6.758,-0.0752234398225829
6.759,-0.0757220945463438
6.76,-0.0762241328560502
6.761,-0.0767295782153958
6.762,-0.0772384542541354
6.763,-0.0777507847692835
6.764,-0.0782665937263205
6.765,-0.0787859052604092
6.766,-0.0793087436776185
6.767,-0.0798351334561583
6.768,-0.080365099247621
6.769,-0.0808986658782342
6.77,-0.0814358583501217
6.771,-0.0819767018425735
6.772,-0.0825212217133256
6.773,-0.0830694434998496
6.774,-0.0836213929206506
6.775,-0.0841770958765757
6.776,-0.0847365784521319
6.777,-0.0852998669168134
6.778,-0.0858669877264386
6.779,-0.0864379675244978
6.78,-0.0870128331435096
6.781,-0.0875916116063884
6.782,-0.0881743301278209
6.783,-0.0887610161156539
6.784,-0.0893516971722913
6.785,-0.089946401096102
6.786,-0.0905451558828379
6.787,-0.0911479897270627
6.788,-0.0917549310235904
6.789,-0.0923660083689355
6.79,-0.0929812505627733
6.791,-0.0936006866094107
6.792,-0.0942243457192684
6.793,-0.0948522573103738
6.794,-0.0954844510098648
6.795,-0.096120956655505
6.796,-0.0967618042972097
6.797,-0.0974070241985832
6.798,-0.0980566468384679
6.799,-0.0987107029125044
6.8,-0.0993692233347032
6.801,-0.100032239239028
6.802,-0.10069978198099
6.803,-0.101371883139258
6.804,-0.10204857451727
6.805,-0.102729888144873
6.806,-0.103415856279958
6.807,-0.104106511410119
6.808,-0.104801886254317
6.809,-0.105502013764564
6.81,-0.106206927127609
6.811,-0.106916659766647
6.812,-0.107631245343032
6.813,-0.108350717758011
6.814,-0.109075111154462
6.815,-0.109804459918651
6.816,-0.110538798682001
6.817,-0.111278162322871
6.818,-0.112022585968353
6.819,-0.112772104996078
6.82,-0.11352675503604
6.821,-0.114286571972424
6.822,-0.115051591945461
6.823,-0.115821851353288
6.824,-0.11659738685382
6.825,-0.117378235366645
6.826,-0.118164434074924
6.827,-0.118956020427309
6.828,-0.119753032139874
6.829,-0.120555507198066
6.83,-0.121363483858657
6.831,-0.122177000651728
6.832,-0.122996096382653
6.833,-0.123820810134103
6.834,-0.12465118126807
6.835,-0.125487249427897
6.836,-0.12632905454033
6.837,-0.12717663681758
6.838,-0.128030036759404
6.839,-0.128889295155203
6.84,-0.129754453086127
6.841,-0.130625551927206
6.842,-0.131502633349492
6.843,-0.132385739322215
6.844,-0.133274912114958
6.845,-0.134170194299849
6.846,-0.135071628753765
6.847,-0.135979258660555
6.848,-0.136893127513283
6.849,-0.13781327911648
6.85,-0.138739757588419
6.851,-0.139672607363404
6.852,-0.140611873194076
6.853,-0.14155760015374
6.854,-0.142509833638702
6.855,-0.143468619370629
6.856,-0.144434003398927
6.857,-0.145406032103133
6.858,-0.146384752195326
6.859,-0.147370210722557
6.86,-0.148362455069298
6.861,-0.149361532959905
6.862,-0.150367492461104
6.863,-0.151380381984493
6.864,-0.152400250289065
6.865,-0.153427146483743
6.866,-0.154461120029944
6.867,-0.155502220744155
6.868,-0.156550498800529
6.869,-0.157606004733503
6.87,-0.158668789440432
6.871,-0.159738904184247
6.872,-0.16081640059613
6.873,-0.161901330678205
6.874,-0.16299374680626
6.875,-0.164093701732476
6.876,-0.165201248588189
6.877,-0.166316440886662
6.878,-0.167439332525882
6.879,-0.168569977791382
6.88,-0.169708431359078
6.881,-0.170854748298125
6.882,-0.172008984073806
6.883,-0.17317119455043
6.884,-0.174341435994258
6.885,-0.175519765076448
6.886,-0.176706238876027
6.887,-0.177900914882879
6.888,-0.179103851000756
6.889,-0.180315105550318
6.89,-0.181534737272188
6.891,-0.182762805330035
6.892,-0.183999369313675
6.893,-0.185244489242199
6.894,-0.186498225567126
6.895,-0.187760639175573
6.896,-0.189031791393458
6.897,-0.190311743988714
6.898,-0.191600559174541
6.899,-0.192898299612676
6.9,-0.19420502841668
6.901,-0.195520809155266
6.902,-0.196845705855638
6.903,-0.19817978300686
6.904,-0.19952310556325
6.905,-0.200875738947801
6.906,-0.202237749055625
6.907,-0.203609202257423
6.908,-0.20499016540298
6.909,-0.206380705824694
6.91,-0.207780891341117
6.911,-0.209190790260538
6.912,-0.210610471384581
6.913,-0.212040004011836
6.914,-0.213479457941514
6.915,-0.214928903477135
6.916,-0.216388411430235
6.917,-0.217858053124109
6.918,-0.219337900397576
6.919,-0.220828025608775
6.92,-0.222328501638992
6.921,-0.223839401896507
6.922,-0.225360800320482
6.923,-0.226892771384868
6.924,-0.228435390102345
6.925,-0.229988732028292
6.926,-0.231552873264788
6.927,-0.23312789046464
6.928,-0.234713860835442
6.929,-0.236310862143665
6.93,-0.23791897271878
6.931,-0.239538271457405
6.932,-0.241168837827494
6.933,-0.242810751872545
6.934,-0.244464094215851
6.935,-0.246128946064774
6.936,-0.247805389215054
6.937,-0.249493506055157
6.938,-0.251193379570643
6.939,-0.252905093348578
6.94,-0.254628731581971
6.941,-0.256364379074253
6.942,-0.25811212124378
6.943,-0.259872044128377
6.944,-0.261644234389912
6.945,-0.26342877931891
6.946,-0.265225766839192
6.947,-0.267035285512558
6.948,-0.268857424543502
6.949,-0.270692273783962
6.95,-0.272539923738105
6.951,-0.274400465567149
6.952,-0.276273991094223
6.953,-0.278160592809261
6.954,-0.280060363873932
6.955,-0.281973398126612
6.956,-0.283899790087386
6.957,-0.285839634963097
6.958,-0.287793028652422
6.959,-0.289760067750998
6.96,-0.291740849556577
6.961,-0.293735472074222
6.962,-0.29574403402155
6.963,-0.297766634834001
6.964,-0.299803374670157
6.965,-0.3018543544171
6.966,-0.303919675695802
6.967,-0.305999440866571
6.968,-0.308093753034521
6.969,-0.310202716055093
6.97,-0.312326434539618
6.971,-0.314465013860921
6.972,-0.316618560158961
6.973,-0.31878718034652
6.974,-0.320970982114938
6.975,-0.323170073939882
6.976,-0.325384565087164
6.977,-0.327614565618604
6.978,-0.329860186397933
6.979,-0.332121539096744
6.98,-0.33439873620049
6.981,-0.336691891014519
6.982,-0.339001117670162
6.983,-0.341326531130864
6.984,-0.343668247198367
6.985,-0.346026382518925
6.986,-0.348401054589585
6.987,-0.350792381764501
6.988,-0.353200483261303
6.989,-0.35562547916751
6.99,-0.358067490446996
6.991,-0.3605266389465
6.992,-0.36300304740219
6.993,-0.36549683944627
6.994,-0.368008139613646
6.995,-0.370537073348636
6.996,-0.37308376701173
6.997,-0.375648347886407
6.998,-0.378230944185996
6.999,-0.380831685060596
7,-0.383450700604047
7.001,-0.386088121860946
7.002,-0.388744080833728
7.003,-0.39141871048979
7.004,-0.39411214476868
7.005,-0.396824518589327
7.006,-0.399555967857339
7.007,-0.402306629472344
7.008,-0.4050766413354
7.009,-0.407866142356449
7.01,-0.410675272461832
7.011,-0.413504172601866
7.012,-0.416352984758468
7.013,-0.419221851952848
7.014,-0.42211091825325
7.015,-0.42502032878276
7.016,-0.427950229727169
7.017,-0.430900768342895
7.018,-0.43387209296497
7.019,-0.436864353015078
7.02,-0.439877699009668
7.021,-0.442912282568112
7.022,-0.445968256420943
7.023,-0.449045774418136
7.024,-0.45214499153747
7.025,-0.455266063892941
7.026,-0.458409148743247
7.027,-0.461574404500328
7.028,-0.464761990737981
7.029,-0.467972068200536
7.03,-0.471204798811595
7.031,-0.474460345682843
7.032,-0.477738873122921
7.033,-0.48104054664637
7.034,-0.484365532982643
7.035,-0.487714000085181
7.036,-0.491086117140561
7.037,-0.494482054577718
7.038,-0.497901984077228
7.039,-0.501346078580668
7.04,-0.504814512300046
7.041,-0.508307460727304
7.042,-0.511825100643886
7.043,-0.51536761013039
7.044,-0.518935168576284
7.045,-0.522527956689703
7.046,-0.526146156507314
7.047,-0.529789951404262
7.048,-0.533459526104186
7.049,-0.537155066689319
7.05,-0.540876760610655
7.051,-0.544624796698203
7.052,-0.548399365171311
7.053,-0.552200657649076
7.054,-0.556028867160827
7.055,-0.559884188156692
7.056,-0.563766816518244
7.057,-0.567676949569226
7.058,-0.571614786086365
7.059,-0.575580526310258
7.06,-0.57957437195635
7.061,-0.583596526225989
7.062,-0.587647193817571
7.063,-0.591726580937769
7.064,-0.59583489531284
7.065,-0.599972346200032
7.066,-0.604139144399062
7.067,-0.608335502263699
7.068,-0.612561633713417
7.069,-0.616817754245156
7.07,-0.621104080945153
7.071,-0.625420832500883
7.072,-0.629768229213073
7.073,-0.634146493007823
7.074,-0.638555847448809
7.075,-0.642996517749584
7.076,-0.647468730785973
7.077,-0.65197271510856
7.078,-0.656508700955273
7.079,-0.661076920264065
7.08,-0.66567760668569
7.081,-0.67031099559658
7.082,-0.674977324111813
7.083,-0.679676831098193
7.084,-0.684409757187418
7.085,-0.689176344789351
7.086,-0.693976838105402
7.087,-0.698811483141996
7.088,-0.703680527724162
7.089,-0.708584221509209
7.09,-0.71352281600052
7.091,-0.718496564561446
7.092,-0.723505722429303
7.093,-0.728550546729483
7.094,-0.733631296489669
7.095,-0.738748232654158
7.096,-0.743901618098299
7.097,-0.749091717643035
7.098,-0.754318798069558
7.099,-0.759583128134082
7.1,-0.764884978582719
7.101,-0.770224622166482
7.102,-0.775602333656387
7.103,-0.781018389858688
7.104,-0.786473069630212
7.105,-0.791966653893829
7.106,-0.797499425654021
7.107,-0.80307167001259
7.108,-0.808683674184471
7.109,-0.814335727513675
7.11,-0.820028121489353
7.111,-0.825761149761978
7.112,-0.831535108159659
7.113,-0.837350294704577
7.114,-0.843207009629542
7.115,-0.849105555394685
7.116,-0.855046236704275
7.117,-0.861029360523663
7.118,-0.867055236096359
7.119,-0.87312417496124
7.12,-0.879236490969886
7.121,-0.885392500304056
7.122,-0.891592521493294
7.123,-0.89783687543267
7.124,-0.904125885400657
7.125,-0.91045987707715
7.126,-0.916839178561619
7.127,-0.923264120391398
7.128,-0.929735035560129
7.129,-0.936252259536327
7.13,-0.942816130282109
7.131,-0.949426988272048
7.132,-0.956085176512189
7.133,-0.962791040559195
7.134,-0.969544928539657
7.135,-0.976347191169536
7.136,-0.98319818177377
7.137,-0.990098256306019
7.138,-0.997047773368569
7.139,-1.00404709423239
7.14,-1.01109658285734
7.141,-1.01819660591255
7.142,-1.02534753279691
7.143,-1.03254973565979
7.144,-1.03980358942186
7.145,-1.04710947179607
7.146,-1.05446776330886
7.147,-1.06187884732146
7.148,-1.06934311005137
7.149,-1.07686094059402
7.15,-1.0844327309446
7.151,-1.09205887602007
7.152,-1.09973977368127
7.153,-1.10747582475529
7.154,-1.11526743305798
7.155,-1.12311500541657
7.156,-1.13101895169259
7.157,-1.13897968480487
7.158,-1.14699762075274
7.159,-1.1550731786394
7.16,-1.16320678069554
7.161,-1.17139885230303
7.162,-1.17964982201888
7.163,-1.18796012159934
7.164,-1.19633018602421
7.165,-1.20476045352134
7.166,-1.21325136559128
7.167,-1.22180336703219
7.168,-1.23041690596486
7.169,-1.23909243385797
7.17,-1.24783040555357
7.171,-1.25663127929271
7.172,-1.26549551674126
7.173,-1.274423583016
7.174,-1.28341594671083
7.175,-1.29247307992323
7.176,-1.30159545828092
7.177,-1.31078356096873
7.178,-1.32003787075561
7.179,-1.32935887402198
7.18,-1.33874706078719
7.181,-1.34820292473719
7.182,-1.35772696325248
7.183,-1.36731967743624
7.184,-1.37698157214267
7.185,-1.38671315600554
7.186,-1.39651494146701
7.187,-1.40638744480663
7.188,-1.41633118617056
7.189,-1.42634668960107
7.19,-1.43643448306619
7.191,-1.44659509848965
7.192,-1.45682907178107
7.193,-1.46713694286625
7.194,-1.47751925571791
7.195,-1.48797655838645
7.196,-1.49850940303112
7.197,-1.50911834595131
7.198,-1.51980394761819
7.199,-1.53056677270645
7.2,-1.54140739012647
7.201,-1.55232637305658
7.202,-1.56332429897566
7.203,-1.57440174969596
7.204,-1.58555931139619
7.205,-1.59679757465485
7.206,-1.60811713448381
7.207,-1.61951859036222
7.208,-1.63100254627056
7.209,-1.64256961072511
7.21,-1.65422039681251
7.211,-1.66595552222474
7.212,-1.67777560929433
7.213,-1.68968128502976
7.214,-1.70167318115126
7.215,-1.7137519341268
7.216,-1.7259181852084
7.217,-1.73817258046871
7.218,-1.75051577083788
7.219,-1.76294841214069
7.22,-1.77547116513404
7.221,-1.78808469554462
7.222,-1.800789674107
7.223,-1.81358677660189
7.224,-1.8264766838948
7.225,-1.83946008197496
7.226,-1.85253766199451
7.227,-1.86571012030807
7.228,-1.87897815851254
7.229,-1.89234248348728
7.23,-1.90580380743453
7.231,-1.91936284792022
7.232,-1.93302032791502
7.233,-1.94677697583579
7.234,-1.96063352558731
7.235,-1.97459071660429
7.236,-1.98864929389382
7.237,-2.00281000807804
7.238,-2.01707361543722
7.239,-2.0314408779531
7.24,-2.04591256335268
7.241,-2.06048944515221
7.242,-2.07517230270166
7.243,-2.08996192122941
7.244,-2.10485909188741
7.245,-2.11986461179661
7.246,-2.13497928409274
7.247,-2.15020391797252
7.248,-2.16553932874017
7.249,-2.18098633785428
7.25,-2.19654577297508
7.251,-2.21221846801207
7.252,-2.228005263172
7.253,-2.24390700500723
7.254,-2.25992454646452
7.255,-2.2760587469341
7.256,-2.29231047229921
7.257,-2.30868059498602
7.258,-2.32516999401386
7.259,-2.34177955504597
7.26,-2.35851017044049
7.261,-2.37536273930202
7.262,-2.39233816753346
7.263,-2.40943736788826
7.264,-2.42666126002318
7.265,-2.44401077055134
7.266,-2.46148683309575
7.267,-2.47909038834325
7.268,-2.49682238409889
7.269,-2.51468377534067
7.27,-2.53267552427477
7.271,-2.55079860039122
7.272,-2.56905398051995
7.273,-2.5874426488873
7.274,-2.60596559717301
7.275,-2.62462382456761
7.276,-2.64341833783027
7.277,-2.6623501513471
7.278,-2.68142028718996
7.279,-2.70062977517563
7.28,-2.71997965292553
7.281,-2.73947096592587
7.282,-2.75910476758825
7.283,-2.77888211931082
7.284,-2.79880409053981
7.285,-2.8188717588316
7.286,-2.83908620991531
7.287,-2.85944853775577
7.288,-2.87995984461713
7.289,-2.90062124112683
7.29,-2.92143384634017
7.291,-2.94239878780534
7.292,-2.96351720162896
7.293,-2.98479023254216
7.294,-3.00621903396716
7.295,-3.02780476808436
7.296,-3.0495486059
7.297,-3.07145172731427
7.298,-3.09351532119009
7.299,-3.11574058542224
7.3,-3.13812872700725
7.301,-3.16068096211362
7.302,-3.1833985161528
7.303,-3.20628262385055
7.304,-3.22933452931897
7.305,-3.25255548612907
7.306,-3.27594675738388
7.307,-3.29950961579217
7.308,-3.32324534374273
7.309,-3.34715523337924
7.31,-3.37124058667576
7.311,-3.39550271551272
7.312,-3.41994294175363
7.313,-3.44456259732227
7.314,-3.46936302428062
7.315,-3.49434557490729
7.316,-3.51951161177659
7.317,-3.54486250783828
7.318,-3.57039964649791
7.319,-3.59612442169775
7.32,-3.62203823799842
7.321,-3.64814251066117
7.322,-3.6744386657307
7.323,-3.70092814011879
7.324,-3.72761238168846
7.325,-3.75449284933885
7.326,-3.78157101309077
7.327,-3.80884835417288
7.328,-3.83632636510864
7.329,-3.86400654980379
7.33,-3.89189042363474
7.331,-3.9199795135374
7.332,-3.94827535809695
7.333,-3.97677950763814
7.334,-4.0054935243164
7.335,-4.03441898220963
7.336,-4.06355746741072
7.337,-4.09291057812079
7.338,-4.12247992474323
7.339,-4.15226712997836
7.34,-4.18227382891893
7.341,-4.21250166914636
7.342,-4.24295231082774
7.343,-4.27362742681353
7.344,-4.30452870273613
7.345,-4.33565783710918
7.346,-4.36701654142761
7.347,-4.39860654026855
7.348,-4.43042957139301
7.349,-4.46248738584831
7.35,-4.49478174807138
7.351,-4.52731443599292
7.352,-4.56008724114221
7.353,-4.59310196875296
7.354,-4.62636043786984
7.355,-4.65986448145594
7.356,-4.69361594650102
7.357,-4.72761669413067
7.358,-4.76186859971627
7.359,-4.79637355298591
7.36,-4.83113345813606
7.361,-4.86615023394428
7.362,-4.90142581388264
7.363,-4.93696214623223
7.364,-4.97276119419839
7.365,-5.00882493602703
7.366,-5.04515536512169
7.367,-5.08175449016169
7.368,-5.11862433522111
7.369,-5.15576693988873
7.37,-5.19318435938898
7.371,-5.23087866470375
7.372,-5.26885194269525
7.373,-5.30710629622979
7.374,-5.34564384430257
7.375,-5.38446672216343
7.376,-5.42357708144365
7.377,-5.46297709028365
7.378,-5.50266893346184
7.379,-5.54265481252439
7.38,-5.58293694591606
7.381,-5.62351756911205
7.382,-5.66439893475094
7.383,-5.70558331276864
7.384,-5.74707299053342
7.385,-5.788870272982
7.386,-5.83097748275674
7.387,-5.87339696034388
7.388,-5.91613106421294
7.389,-5.95918217095716
7.39,-6.00255267543509
7.391,-6.04624499091329
7.392,-6.09026154921018
7.393,-6.134604800841
7.394,-6.17927721516396
7.395,-6.22428128052753
7.396,-6.2696195044189
7.397,-6.31529441361358
7.398,-6.3613085543263
7.399,-6.40766449236297
7.4,-6.45436481327395
7.401,-6.5014121225085
7.402,-6.54880904557045
7.403,-6.59655822817508
7.404,-6.64466233640737
7.405,-6.69312405688133
7.406,-6.74194609690072
7.407,-6.79113118462105
7.408,-6.84068206921277
7.409,-6.89060152102586
7.41,-6.94089233175569
7.411,-6.99155731461018
7.412,-7.04259930447831
7.413,-7.09402115809999
7.414,-7.14582575423723
7.415,-7.19801599384674
7.416,-7.25059480025384
7.417,-7.30356511932778
7.418,-7.35692991965846
7.419,-7.41069219273459
7.42,-7.46485495312317
7.421,-7.5194212386505
7.422,-7.57439411058459
7.423,-7.62977665381903
7.424,-7.6855719770583
7.425,-7.7417832130046
7.426,-7.79841351854615
7.427,-7.85546607494695
7.428,-7.91294408803813
7.429,-7.97085078841078
7.43,-8.02918943161031
7.431,-8.08796329833235
7.432,-8.14717569462029
7.433,-8.2068299520643
7.434,-8.26692942800199
7.435,-8.32747750572064
7.436,-8.38847759466107
7.437,-8.44993313062317
7.438,-8.51184757597294
7.439,-8.57422441985135
7.44,-8.63706717838475
7.441,-8.70037939489701
7.442,-8.76416464012332
7.443,-8.82842651242573
7.444,-8.89316863801043
7.445,-8.95839467114668
7.446,-9.02410829438756
7.447,-9.09031321879249
7.448,-9.15701318415148
7.449,-9.2242119592112
7.45,-9.29191334190287
7.451,-9.36012115957193
7.452,-9.42883926920957
7.453,-9.49807155768612
7.454,-9.5678219419863
7.455,-9.63809436944635
7.456,-9.70889281799303
7.457,-9.78022129638457
7.458,-9.85208384445355
7.459,-9.92448453335167
7.46,-9.99742746579652
7.461,-10.0709167763204
7.462,-10.1449566315208
7.463,-10.2195512303136
7.464,-10.2947048041873
7.465,-10.3704216174601
7.466,-10.4467059675388
7.467,-10.5235621851795
7.468,-10.600994634751
7.469,-10.6790077144995
7.47,-10.7576058568159
7.471,-10.8367935285056
7.472,-10.9165752310596
7.473,-10.9969555009284
7.474,-11.0779389097978
7.475,-11.1595300648674
7.476,-11.2417336091303
7.477,-11.3245542216563
7.478,-11.4079966178766
7.479,-11.4920655498708
7.48,-11.5767658066564
7.481,-11.6621022144808
7.482,-11.7480796371151
7.483,-11.8347029761508
7.484,-11.9219771712985
7.485,-12.0099072006895
7.486,-12.098498081179
7.487,-12.1877548686523
7.488,-12.2776826583338
7.489,-12.3682865850976
7.49,-12.4595718237811
7.491,-12.5515435895011
7.492,-12.6442071379727
7.493,-12.7375677658299
7.494,-12.8316308109498
7.495,-12.9264016527787
7.496,-13.0218857126611
7.497,-13.1180884541712
7.498,-13.2150153834476
7.499,-13.3126720495298
7.5,-13.4110640446978
7.501,-13.5101970048149
7.502,-13.6100766096727
7.503,-13.7107085833387
7.504,-13.8120986945077
7.505,-13.9142527568545
7.506,-14.0171766293909
7.507,-14.1208762168247
7.508,-14.225357469922
7.509,-14.3306263858722
7.51,-14.4366890086556
7.511,-14.5435514294151
7.512,-14.6512197868296
7.513,-14.7597002674911
7.514,-14.8689991062846
7.515,-14.9791225867713
7.516,-15.0900770415748
7.517,-15.20186885277
7.518,-15.3145044522759
7.519,-15.4279903222506
7.52,-15.5423329954907
7.521,-15.6575390558328
7.522,-15.7736151385585
7.523,-15.8905679308036
7.524,-16.0084041719688
7.525,-16.1271306541359
7.526,-16.246754222485
7.527,-16.3672817757173
7.528,-16.4887202664798
7.529,-16.6110767017939
7.53,-16.7343581434875
7.531,-16.8585717086307
7.532,-16.9837245699747
7.533,-17.1098239563944
7.534,-17.2368771533348
7.535,-17.3648915032605
7.536,-17.4938744061093
7.537,-17.6238333197492
7.538,-17.7547757604391
7.539,-17.8867093032934
7.54,-18.0196415827503
7.541,-18.1535802930437
7.542,-18.2885331886789
7.543,-18.4245080849125
7.544,-18.5615128582359
7.545,-18.6995554468627
7.546,-18.8386438512203
7.547,-18.9787861344447
7.548,-19.1199904228808
7.549,-19.2622649065848
7.55,-19.4056178398326
7.551,-19.5500575416306
7.552,-19.6955923962321
7.553,-19.8422308536565
7.554,-19.9899814302142
7.555,-20.1388527090343
7.556,-20.2888533405974
7.557,-20.4399920432726
7.558,-20.5922776038589
7.559,-20.7457188781305
7.56,-20.9003247913872
7.561,-21.0561043390086
7.562,-21.2130665870135
7.563,-21.3712206726231
7.564,-21.5305758048294
7.565,-21.6911412649676
7.566,-21.8529264072937
7.567,-22.0159406595664
7.568,-22.1801935236338
7.569,-22.3456945760251
7.57,-22.5124534685466
7.571,-22.680479928883
7.572,-22.8497837612036
7.573,-23.0203748467725
7.574,-23.1922631445655
7.575,-23.3654586918898
7.576,-23.539971605011
7.577,-23.7158120797833
7.578,-23.8929903922858
7.579,-24.0715168994639
7.58,-24.2514020397755
7.581,-24.4326563338429
7.582,-24.6152903851098
7.583,-24.7993148805035
7.584,-24.9847405911025
7.585,-25.1715783728099
7.586,-25.3598391670316
7.587,-25.5495340013609
7.588,-25.7406739902677
7.589,-25.9332703357939
7.59,-26.1273343282545
7.591,-26.3228773469437
7.592,-26.5199108608478
7.593,-26.7184464293629
7.594,-26.9184957030192
7.595,-27.1200704242103
7.596,-27.3231824279298
7.597,-27.5278436425123
7.598,-27.7340660903816
7.599,-27.9418618888044
7.6,-28.1512432506503
7.601,-28.3622224851582
7.602,-28.5748119987085
7.603,-28.7890242956018
7.604,-29.0048719788441
7.605,-29.2223677509381
7.606,-29.4415244146809
7.607,-29.6623548739689
7.608,-29.8848721346082
7.609,-30.1090893051321
7.61,-30.3350195976258
7.611,-30.5626763285566
7.612,-30.792072919612
7.613,-31.0232228985441
7.614,-31.2561399000208
7.615,-31.4908376664843
7.616,-31.727330049016
7.617,-31.9656310082095
7.618,-32.2057546150492
7.619,-32.4477150517975
7.62,-32.6915266128886
7.621,-32.9372037058294
7.622,-33.1847608521079
7.623,-33.4342126881095
7.624,-33.6855739660399
7.625,-33.9388595548564
7.626,-34.1940844412059
7.627,-34.4512637303714
7.628,-34.7104126472258
7.629,-34.9715465371933
7.63,-35.2346808672192
7.631,-35.499831226747
7.632,-35.7670133287041
7.633,-36.036243010495
7.634,-36.3075362350027
7.635,-36.5809090915989
7.636,-36.8563777971613
7.637,-37.1339586971005
7.638,-37.4136682663942
7.639,-37.6955231106306
7.64,-37.9795399670599
7.641,-38.2657357056545
7.642,-38.554127330178
7.643,-38.8447319792626
7.644,-39.1375669274959
7.645,-39.432649586516
7.646,-39.7299975061156
7.647,-40.0296283753557
7.648,-40.3315600236878
7.649,-40.6358104220855
7.65,-40.9423976841854
7.651,-41.251340067437
7.652,-41.5626559742628
7.653,-41.876363953227
7.654,-42.1924827002144
7.655,-42.5110310596184
7.656,-42.8320280255394
7.657,-43.1554927429922
7.658,-43.4814445091242
7.659,-43.8099027744426
7.66,-44.1408871440527
7.661,-44.4744173789053
7.662,-44.8105133970549
7.663,-45.1491952749287
7.664,-45.4904832486044
7.665,-45.8343977151004
7.666,-46.1809592336751
7.667,-46.5301885271377
7.668,-46.8821064831695
7.669,-47.2367341556555
7.67,-47.594092766028
7.671,-47.9542037046205
7.672,-48.3170885320325
7.673,-48.6827689805062
7.674,-49.0512669553138
7.675,-49.4226045361569
7.676,-49.7968039785765
7.677,-50.1738877153754
7.678,-50.5538783580518
7.679,-50.9367986982449
7.68,-51.3226717091921
7.681,-51.7115205471985
7.682,-52.1033685531179
7.683,-52.498239253847
7.684,-52.8961563638306
7.685,-53.2971437865802
7.686,-53.7012256162043
7.687,-54.108426138952
7.688,-54.5187698347689
7.689,-54.9322813788651
7.69,-55.348985643298
7.691,-55.7689076985659
7.692,-56.1920728152158
7.693,-56.618506465465
7.694,-57.0482343248346
7.695,-57.4812822737976
7.696,-57.9176763994398
7.697,-58.3574429971351
7.698,-58.8006085722338
7.699,-59.2471998417656
7.7,-59.6972437361557
7.701,-60.1507674009556
7.702,-60.6077981985884
7.703,-61.0683637101078
7.704,-61.5324917369719
7.705,-62.0002103028315
7.706,-62.4715476553336
7.707,-62.9465322679389
7.708,-63.4251928417552
7.709,-63.907558307385
7.71,-64.3936578267889
7.711,-64.8835207951643
7.712,-65.3771768428394
7.713,-65.874655837183
7.714,-66.3759878845298
7.715,-66.8812033321216
7.716,-67.390332770065
7.717,-67.9034070333043
7.718,-68.4204572036116
7.719,-68.9415146115929
7.72,-69.4666108387105
7.721,-69.9957777193225
7.722,-70.5290473427391
7.723,-71.0664520552954
7.724,-71.6080244624419
7.725,-72.1537974308519
7.726,-72.7038040905463
7.727,-73.2580778370362
7.728,-73.8166523334826
7.729,-74.3795615128749
7.73,-74.9468395802261
7.731,-75.5185210147877
7.732,-76.094640572281
7.733,-76.6752332871488
7.734,-77.2603344748242
7.735,-77.8499797340189
7.736,-78.4442049490301
7.737,-79.0430462920666
7.738,-79.6465402255942
7.739,-80.2547235047001
7.74,-80.8676331794775
7.741,-81.4853065974292
7.742,-82.1077814058914
7.743,-82.7350955544779
7.744,-83.3672872975438
7.745,-84.0043951966699
7.746,-84.6464581231681
7.747,-85.2935152606065
7.748,-85.9456061073566
7.749,-86.6027704791606
7.75,-87.2650485117204
7.751,-87.9324806633079
7.752,-88.6051077173971
7.753,-89.2829707853178
7.754,-89.9661113089311
7.755,-90.6545710633276
7.756,-91.3483921595473
7.757,-92.0476170473227
7.758,-92.7522885178436
7.759,-93.4624497065464
7.76,-94.1781440959248
7.761,-94.8994155183646
7.762,-95.6263081590026
7.763,-96.3588665586078
7.764,-97.0971356164875
7.765,-97.8411605934174
7.766,-98.5909871145954
7.767,-99.3466611726209
7.768,-100.108229130498
7.769,-100.875737724662
7.77,-101.649234068037
7.771,-102.42876565311
7.772,-103.214380355038
7.773,-104.006126434779
7.774,-104.804052542243
7.775,-105.608207719481
7.776,-106.418641403888
7.777,-107.23540343144
7.778,-108.05854403996
7.779,-108.888113872401
7.78,-109.724163980165
7.781,-110.566745826448
7.782,-111.415911289614
7.783,-112.271712666588
7.784,-113.13420267629
7.785,-114.00343446309
7.786,-114.879461600293
7.787,-115.762338093652
7.788,-116.652118384915
7.789,-117.548857355394
7.79,-118.45261032957
7.791,-119.363433078724
7.792,-120.281381824602
7.793,-121.206513243107
7.794,-122.138884468021
7.795,-123.078553094765
7.796,-124.025577184179
7.797,-124.980015266343
7.798,-125.941926344429
7.799,-126.911369898576
7.8,-127.888405889809
7.801,-128.873094763986
7.802,-129.86549745577
7.803,-130.86567539265
7.804,-131.873690498983
7.805,-132.889605200071
7.806,-133.91348242628
7.807,-134.945385617183
7.808,-135.985378725743
7.809,-137.033526222532
7.81,-138.089893099983
7.811,-139.154544876675
7.812,-140.227547601659
7.813,-141.308967858816
7.814,-142.398872771255
7.815,-143.497330005741
7.816,-144.60440777717
7.817,-145.72017485307
7.818,-146.84470055815
7.819,-147.978054778879
7.82,-149.120307968108
7.821,-150.271531149729
7.822,-151.431795923369
7.823,-152.601174469133
7.824,-153.779739552377
7.825,-154.967564528524
7.826,-156.164723347922
7.827,-157.371290560741
7.828,-158.587341321909
7.829,-159.812951396095
7.83,-161.048197162726
7.831,-162.293155621052
7.832,-163.54790439525
7.833,-164.812521739573
7.834,-166.087086543538
7.835,-167.371678337163
7.836,-168.666377296245
7.837,-169.971264247679
7.838,-171.286420674826
7.839,-172.611928722925
7.84,-173.947871204548
7.841,-175.294331605104
7.842,-176.651394088385
7.843,-178.019143502163
7.844,-179.397665383829
7.845,-180.787045966084
7.846,-182.18737218267
7.847,-183.598731674163
7.848,-185.021212793798
7.849,-186.454904613351
7.85,-187.899896929074
7.851,-189.356280267673
7.852,-190.824145892335
7.853,-192.303585808813
7.854,-193.794692771559
7.855,-195.2975602899
7.856,-196.81228263428
7.857,-198.338954842545
7.858,-199.877672726281
7.859,-201.428532877207
7.86,-202.991632673624
7.861,-204.567070286915
7.862,-206.154944688097
7.863,-207.755355654433
7.864,-209.368403776098
7.865,-210.9941904629
7.866,-212.632817951055
7.867,-214.284389310025
7.868,-215.949008449408
7.869,-217.626780125887
7.87,-219.317809950239
7.871,-221.022204394401
7.872,-222.740070798596
7.873,-224.471517378519
7.874,-226.216653232583
7.875,-227.975588349225
7.876,-229.748433614277
7.877,-231.535300818392
7.878,-233.33630266454
7.879,-235.151552775561
7.88,-236.981165701785
7.881,-238.825256928714
7.882,-240.683942884773
7.883,-242.557340949117
7.884,-244.445569459511
7.885,-246.348747720277
7.886,-248.266996010302
7.887,-250.200435591119
7.888,-252.14918871505
7.889,-254.113378633424
7.89,-256.093129604858
7.891,-258.088566903615
7.892,-260.099816828022
7.893,-262.127006708971
7.894,-264.170264918479
7.895,-266.229720878331
7.896,-268.305505068787
7.897,-270.397749037371
7.898,-272.506585407724
7.899,-274.63214788854
7.9,-276.774571282572
7.901,-278.933991495718
7.902,-281.11054554618
7.903,-283.304371573698
7.904,-285.515608848872
7.905,-287.744397782549
7.906,-289.990879935302
7.907,-292.255198026974
7.908,-294.537495946321
7.909,-296.837918760718
7.91,-299.15661272596
7.911,-301.493725296137
7.912,-303.8494051336
7.913,-306.223802119003
7.914,-308.617067361434
7.915,-311.029353208636
7.916,-313.460813257301
7.917,-315.911602363465
7.918,-318.381876652983
7.919,-320.871793532094
7.92,-323.381511698074
7.921,-325.911191149981
7.922,-328.460993199492
7.923,-331.031080481824
7.924,-333.621616966758
7.925,-336.232767969745
7.926,-338.864700163115
7.927,-341.517581587378
7.928,-344.191581662615
7.929,-346.88687119997
7.93,-349.603622413243
7.931,-352.342008930571
7.932,-355.102205806218
7.933,-357.884389532456
7.934,-360.688738051551
7.935,-363.515430767852
7.936,-366.364648559975
7.937,-369.236573793099
7.938,-372.131390331359
7.939,-375.049283550349
7.94,-377.990440349724
7.941,-380.955049165916
7.942,-383.943299984953
7.943,-386.955384355389
7.944,-389.991495401337
7.945,-393.051827835627
7.946,-396.136577973054
7.947,-399.245943743759
7.948,-402.38012470671
7.949,-405.5393220633
7.95,-408.723738671065
7.951,-411.93357905751
7.952,-415.16904943406
7.953,-418.430357710124
7.954,-421.717713507279
7.955,-425.031328173576
7.956,-428.371414797967
7.957,-431.738188224851
7.958,-435.131865068745
7.959,-438.552663729083
7.96,-442.000804405136
7.961,-445.476509111056
7.962,-448.980001691058
7.963,-452.511507834719
7.964,-456.071255092411
7.965,-459.65947289087
7.966,-463.276392548889
7.967,-466.922247293148
7.968,-470.597272274181
7.969,-474.30170458247
7.97,-478.035783264685
7.971,-481.799749340057
7.972,-485.59384581689
7.973,-489.418317709215
7.974,-493.273412053582
7.975,-497.159377925999
7.976,-501.076466459012
7.977,-505.024930858929
7.978,-509.005026423193
7.979,-513.017010557904
7.98,-517.061142795483
7.981,-521.137684812491
7.982,-525.246900447601
7.983,-529.389055719721
7.984,-533.564418846266
7.985,-537.773260261592
7.986,-542.015852635586
7.987,-546.292470892411
7.988,-550.603392229411
7.989,-554.948896136179
7.99,-559.329264413785
7.991,-563.744781194167
7.992,-568.195732959691
7.993,-572.682408562871
7.994,-577.205099246262
7.995,-581.764098662522
7.996,-586.359702894641
7.997,-590.992210476344
7.998,-595.661922412671
7.999,-600.369142200726
8,-605.114175850607
